Station,Type,North_vel (mm/yr),East_vel (mm/yr),Vertical_vel (mm/yr),North_vel_sigma (mm/yr),East_vel_sigma (mm/yr),Vertical_vel_sigma (mm/yr),Version,Nearest_City
AB01,VEL,-20.976,-7.198,1.01,0.186,0.138,0.54,v1.1,"Dutch Harbor, Alaska, United States"
AB02,VEL,-20.882,-8.639,2.094,0.211,0.149,0.6,v1.1,"Dutch Harbor, Alaska, United States"
AB04,VEL,-23.582,-1.118,-0.833,0.085,0.06,0.265,v1.1,"Lavrentiya, Chukotka, Russian Federation"
AB06,VEL,-21.692,-7.789,1.195,0.087,0.064,0.253,v1.1,"King Cove, Alaska, United States"
AB07,VEL,-16.075,-12.831,-0.189,0.089,0.064,0.253,v1.1,"Sand Point, Alaska, United States"
AB08,VEL,-25.13,-2.305,-0.946,0.249,0.175,0.732,v1.1,"Hooper Bay, Alaska, United States"
AB09,VEL,-23.722,-1.23,-0.362,0.063,0.044,0.205,v1.1,"Nome, Alaska, United States"
AB11,VEL,-24.517,-1.786,-0.232,0.038,0.027,0.12,v1.1,"Nome, Alaska, United States"
AB12,VEL,-22.808,-6.465,-1.117,0.094,0.066,0.272,v1.1,"Bethel, Alaska, United States"
AB13,VEL,-13.555,-14.255,-0.246,0.078,0.054,0.225,v1.1,"Sand Point, Alaska, United States"
AB14,VEL,-22.195,-6.494,0.495,0.095,0.066,0.275,v1.1,"Dillingham, Alaska, United States"
AB15,VEL,-24.369,-3.469,0.18,0.092,0.062,0.27,v1.1,"Bethel, Alaska, United States"
AB17,VEL,-24.704,-4.658,-0.887,0.138,0.096,0.432,v1.1,"Bethel, Alaska, United States"
AB18,VEL,-25.494,-5.08,-1.738,0.105,0.077,0.352,v1.1,"Kotzebue, Alaska, United States"
AB21,VEL,-11.05,-11.787,3.746,0.15,0.108,0.422,v1.1,"Dutch Harbor, Alaska, United States"
AB22,VEL,-27.337,-3.868,2.96,0.115,0.08,0.346,v1.1,"Anchor Point, Alaska, United States"
AB25,VEL,-25.745,-4.759,1.162,0.086,0.06,0.261,v1.1,"Dillingham, Alaska, United States"
AB27,VEL,-23.529,-5.151,-0.497,0.056,0.04,0.187,v1.1,"Utqiagvik, Alaska, United States"
AB28,VEL,-27.748,-8.184,4.934,0.078,0.055,0.23,v1.1,"Nikiski, Alaska, United States"
AB33,VEL,-23.315,-7.125,-1.192,0.056,0.04,0.189,v1.1,"Ester, Alaska, United States"
AB35,VEL,16.829,-31.269,13.804,0.134,0.094,0.387,v1.1,"Tok, Alaska, United States"
AB36,VEL,-26.289,-7.531,2.605,0.233,0.15,0.711,v1.1,"Healy, Alaska, United States"
AB37,VEL,-9.935,-23.221,6.301,0.158,0.109,0.475,v1.1,"Deltana, Alaska, United States"
AB39,VEL,-21.263,-9.503,-2.461,0.065,0.046,0.212,v1.1,"Eielson Air Force Base, Alaska, United States"
AB41,VEL,-18.5,-10.175,-2.819,0.077,0.054,0.246,v1.1,"Dawson City, Yukon, Canada"
AB42,VEL,14.444,-34.119,26.635,0.134,0.092,0.379,v1.1,"Haines, Alaska, United States"
AB43,VEL,-5.579,-19.536,18.644,0.117,0.079,0.329,v1.1,"Haines, Alaska, United States"
AB44,VEL,-9.556,-10.744,21.543,0.173,0.132,0.536,v1.1,"Skagway, Alaska, United States"
AB45,VEL,-22.249,-7.93,-0.199,0.05,0.036,0.176,v1.1,"Prudhoe Bay, Alaska, United States"
AB46,VEL,-20.371,-8.594,-3.449,0.098,0.072,0.339,v1.1,"Prudhoe Bay, Alaska, United States"
AB48,VEL,-11.43,-15.387,2.12,0.164,0.106,0.48,v1.1,"Sitka, Alaska, United States"
AB49,VEL,-11.152,-12.674,-0.072,0.132,0.094,0.394,v1.1,"Craig, Alaska, United States"
AB50,VEL,-14.768,-14.009,23.153,0.122,0.087,0.422,v1.1,"Juneau, Alaska, United States"
AB51,VEL,-14.213,-17.483,15.179,0.123,0.084,0.358,v1.1,"Petersburg, Alaska, United States"
AB53,VEL,-15.982,-16.29,13.422,0.175,0.12,0.489,v1.1,"Petersburg, Alaska, United States"
ABBZ,VEL,-10.809,9.713,1.992,0.221,0.172,1.085,v1.1,"Bluff, Southland, New Zealand"
ABEB,VEL,15.971,14.973,0.705,0.124,0.08,0.375,v1.1,"Aberdeen, Scotland, United Kingdom"
ABGS,VEL,11.053,25.052,1.067,0.418,0.514,1.792,v1.1,"Air Bangis, West Sumatra, Indonesia"
ABMF,VEL,15.494,11.291,-0.421,0.046,0.052,0.199,v1.1,"Les Abymes, Guadeloupe, Guadeloupe"
ABPO,VEL,14.549,18.495,0.342,0.079,0.085,0.343,v1.1,"Arivonimamo, Itasy, Madagascar"
ABVI,VEL,15.053,8.307,0.223,0.381,0.425,1.668,v1.1,"Road Town, , Virgin Islands, British"
AC02,VEL,-3.375,-19.639,2.029,0.209,0.148,0.603,v1.1,"Kodiak Station, Alaska, United States"
AC03,VEL,-26.362,-7.946,10.014,0.226,0.152,0.682,v1.1,"Anchor Point, Alaska, United States"
AC06,VEL,-16.112,-12.795,9.359,0.173,0.12,0.5,v1.1,"Fritz Creek, Alaska, United States"
AC07,VEL,-24.19,-3.374,-0.73,0.08,0.057,0.262,v1.1,"Kotzebue, Alaska, United States"
AC08,VEL,-22.528,-7.183,7.911,0.09,0.062,0.264,v1.1,"Kodiak Station, Alaska, United States"
AC09,VEL,12.264,-28.075,6.14,0.239,0.165,0.687,v1.1,"Cordova, Alaska, United States"
AC10,VEL,-21.844,-10.691,3.513,0.094,0.067,0.274,v1.1,"Akutan, Alaska, United States"
AC11,VEL,-6.344,-22.279,5.144,0.194,0.135,0.571,v1.1,"Sutton-Alpine, Alaska, United States"
AC12,VEL,-12.109,-13.793,-2.35,0.209,0.149,0.592,v1.1,"Sand Point, Alaska, United States"
AC13,VEL,12.124,-24.381,-10.844,0.125,0.088,0.36,v1.1,"Kodiak Station, Alaska, United States"
AC14,VEL,17.375,-25.715,2.549,0.095,0.064,0.277,v1.1,"Girdwood, Alaska, United States"
AC15,VEL,-3.057,-19.457,7.622,0.237,0.152,0.733,v1.1,"Bear Creek, Alaska, United States"
AC16,VEL,23.212,-27.138,0.541,0.205,0.14,0.727,v1.1,"Girdwood, Alaska, United States"
AC17,VEL,-29.533,-5.547,10.24,0.072,0.051,0.21,v1.1,"Anchor Point, Alaska, United States"
AC18,VEL,-25.469,-6.967,8.845,0.098,0.066,0.29,v1.1,"Anchor Point, Alaska, United States"
AC19,VEL,-25.695,-6.564,2.791,0.09,0.064,0.28,v1.1,"Nikiski, Alaska, United States"
AC20,VEL,-6.113,-19.6,8.969,0.196,0.116,0.598,v1.1,"Girdwood, Alaska, United States"
AC21,VEL,-14.099,-14.624,-0.484,0.07,0.049,0.197,v1.1,"Sand Point, Alaska, United States"
AC23,VEL,-19.611,-11.079,6.886,0.257,0.179,0.762,v1.1,"Funny River, Alaska, United States"
AC24,VEL,-21.792,-7.443,1.219,0.074,0.052,0.214,v1.1,"Dillingham, Alaska, United States"
AC25,VEL,-20.634,-9.529,0.574,0.088,0.062,0.246,v1.1,"King Cove, Alaska, United States"
AC26,VEL,-19.497,-7.612,4.564,0.106,0.075,0.305,v1.1,"Kodiak Station, Alaska, United States"
AC27,VEL,-26.729,-5.889,3.512,0.112,0.079,0.326,v1.1,"Kodiak Station, Alaska, United States"
AC28,VEL,-15.233,-12.91,-0.265,0.107,0.075,0.302,v1.1,"Sand Point, Alaska, United States"
AC31,VEL,-24.62,-2.878,-0.387,0.05,0.036,0.159,v1.1,"Kotzebue, Alaska, United States"
AC32,VEL,-22.837,-10.031,3.759,0.08,0.055,0.24,v1.1,"Willow, Alaska, United States"
AC33,VEL,-22.321,-18.428,4.335,0.072,0.049,0.219,v1.1,"Susitna North, Alaska, United States"
AC34,VEL,-2.742,-20.976,3.04,0.142,0.1,0.4,v1.1,"Kodiak Station, Alaska, United States"
AC35,VEL,-10.683,-15.709,10.443,0.158,0.11,0.455,v1.1,"Fritz Creek, Alaska, United States"
AC36,VEL,-18.301,-11.702,8.089,0.204,0.144,0.611,v1.1,"Sterling, Alaska, United States"
AC37,VEL,-27.605,-3.418,3.928,0.079,0.056,0.229,v1.1,"Anchor Point, Alaska, United States"
AC38,VEL,-13.098,-14.903,6.374,0.134,0.093,0.448,v1.1,"Kodiak Station, Alaska, United States"
AC39,VEL,-23.896,-8.037,8.949,0.11,0.078,0.314,v1.1,"Kodiak, Alaska, United States"
AC40,VEL,-17.777,-12.254,0.233,0.107,0.075,0.31,v1.1,"Dillingham, Alaska, United States"
AC41,VEL,-17.52,-12.805,0.529,0.107,0.077,0.305,v1.1,"Sand Point, Alaska, United States"
AC42,VEL,-22.383,-8.288,1.996,0.087,0.062,0.245,v1.1,"King Cove, Alaska, United States"
AC43,VEL,15.606,-19.605,3.443,0.184,0.129,0.526,v1.1,"Seward, Alaska, United States"
AC44,VEL,-7.711,-17.123,2.332,0.137,0.096,0.398,v1.1,"Elmendorf Air Force Base, Alaska, United States"
AC45,VEL,7.213,-22.445,-3.546,0.079,0.055,0.222,v1.1,"Kodiak Station, Alaska, United States"
AC46,VEL,-26.321,-10.527,5.429,0.131,0.092,0.387,v1.1,"Nikiski, Alaska, United States"
AC47,VEL,-29.69,-4.594,10.183,0.087,0.061,0.257,v1.1,"Anchor Point, Alaska, United States"
AC48,VEL,20.416,-27.601,-0.172,0.123,0.091,0.376,v1.1,"Valdez, Alaska, United States"
AC50,VEL,-23.878,-2.11,-0.397,0.072,0.051,0.233,v1.1,"Nome, Alaska, United States"
AC51,VEL,-27.357,-7.328,6.684,0.086,0.06,0.252,v1.1,"Nikiski, Alaska, United States"
AC52,VEL,-18.176,-12.077,0.731,0.149,0.105,0.423,v1.1,"Dillingham, Alaska, United States"
AC53,VEL,-17.237,-16.136,5.821,0.173,0.126,0.547,v1.1,"Willow, Alaska, United States"
AC57,VEL,8.698,-24.743,11.321,0.16,0.119,0.484,v1.1,"Cordova, Alaska, United States"
AC58,VEL,-23.866,-4.049,-0.598,0.101,0.073,0.299,v1.1,"Dutch Harbor, Alaska, United States"
AC59,VEL,-29.151,-5.639,5.752,0.12,0.081,0.344,v1.1,"Anchor Point, Alaska, United States"
AC60,VEL,-6.398,-20.722,2.348,0.242,0.171,0.679,v1.1,"Nikol’skoye, Kamchatka, Russian Federation"
AC61,VEL,-19.243,-8.486,-0.519,0.053,0.037,0.167,v1.1,"Tok, Alaska, United States"
AC62,VEL,-12.415,-22.543,3.939,0.13,0.093,0.405,v1.1,"Deltana, Alaska, United States"
AC63,VEL,-18.315,-8.861,7.987,0.104,0.075,0.334,v1.1,"Deltana, Alaska, United States"
AC64,VEL,-6.387,-20.602,7.52,0.119,0.068,0.428,v1.1,"Tok, Alaska, United States"
AC65,VEL,-4.057,-18.359,6.233,0.192,0.15,0.765,v1.1,"Tok, Alaska, United States"
AC66,VEL,-11.451,-24.736,0.364,0.16,0.116,0.453,v1.1,"Beringovskiy, Chukotka, Russian Federation"
AC67,VEL,-6.247,-18.214,6.329,0.181,0.121,0.524,v1.1,"Kodiak, Alaska, United States"
AC70,VEL,-16.835,-17.858,4.259,0.097,0.068,0.299,v1.1,"Healy, Alaska, United States"
AC71,VEL,-21.167,-7.012,3.296,0.074,0.052,0.231,v1.1,"Deltana, Alaska, United States"
AC72,VEL,-20.291,-6.495,5.1,0.113,0.073,0.38,v1.1,"Deltana, Alaska, United States"
AC74,VEL,-17.94,-13.884,2.799,0.091,0.063,0.279,v1.1,"Healy, Alaska, United States"
AC75,VEL,-18.243,-16.116,5.63,0.122,0.086,0.369,v1.1,"Susitna North, Alaska, United States"
AC76,VEL,-15.282,-5.34,3.942,0.146,0.101,0.437,v1.1,"Tok, Alaska, United States"
AC77,VEL,-8.818,-21.814,6.321,0.137,0.085,0.457,v1.1,"Deltana, Alaska, United States"
AC78,VEL,-17.275,-7.458,-0.341,0.137,0.098,0.421,v1.1,"Tok, Alaska, United States"
AC79,VEL,25.798,-28.155,-1.875,0.175,0.122,0.501,v1.1,"Valdez, Alaska, United States"
AC80,VEL,-25.478,-11.564,6.745,0.087,0.063,0.264,v1.1,"Nikiski, Alaska, United States"
ACOR,VEL,16.995,20.814,-2.007,0.048,0.037,0.152,v1.1,"A Coruña, Galicia, Spain"
ACP1,VEL,11.785,16.641,0.103,0.078,0.095,0.341,v1.1,"Cristóbal, Colón, Panama"
ACP6,VEL,12.145,16.643,0.235,0.219,0.264,0.937,v1.1,"Cerro Azul, Panamá, Panama"
ACSB,VEL,17.832,-38.751,-1.955,0.147,0.126,0.508,v1.1,"Camp Pendleton South, California, United States"
ACSO,VEL,2.127,-14.966,-1.367,0.072,0.059,0.237,v1.1,"Lewis Center, Ohio, United States"
ADE1,VEL,58.432,24.692,-1.415,0.073,0.061,0.254,v1.1,"Elizabeth South, South Australia, Australia"
ADE2,VEL,58.754,24.542,-2.649,0.245,0.201,0.836,v1.1,"Elizabeth South, South Australia, Australia"
ADIS,VEL,18.963,25.038,-1.645,0.071,0.079,0.317,v1.1,"Addis Ababa, Addis Ababa, Ethiopia"
ADKS,VEL,-1.962,-13.07,-3.209,0.046,0.046,0.181,v1.1,"Bunker Hill Village, Texas, United States"
ADRI,VEL,1.445,-15.833,-2.038,0.07,0.055,0.233,v1.1,"Adrian, Michigan, United States"
AGMT,VEL,-3.415,-18.433,0.068,0.076,0.064,0.252,v1.1,"Joshua Tree, California, United States"
AHID,VEL,-8.817,-15.252,-0.847,0.032,0.024,0.1,v1.1,"Afton, Wyoming, United States"
AINP,VEL,18.11,-42.123,4.532,0.43,0.469,1.864,v1.1,"Pāhala, Hawaii, United States"
AIRA,VEL,-18.762,24.078,0.811,0.139,0.128,0.611,v1.1,"Aira, Kagoshima, Japan"
AIS1,VEL,-10.813,-12.514,1.404,0.098,0.065,0.287,v1.1,"Metlakatla, Alaska, United States"
AIS2,VEL,-11.047,-13.078,-0.363,0.627,0.412,1.809,v1.1,"Metlakatla, Alaska, United States"
AJAC,VEL,15.853,21.082,-0.168,0.103,0.082,0.318,v1.1,"Ajaccio, Corsica, France"
AKLV,VEL,-21.637,-7.144,8.544,0.242,0.172,0.795,v1.1,"Akutan, Alaska, United States"
AKRB,VEL,-24.087,-8.707,4.926,0.231,0.167,0.702,v1.1,"Akutan, Alaska, United States"
ALAC,VEL,16.677,19.963,-0.249,0.11,0.092,0.362,v1.1,"Alicante, Valencia, Spain"
ALAM,VEL,-9.112,-15.908,-1.116,0.038,0.033,0.138,v1.1,"Alamo, Nevada, United States"
ALBH,VEL,-7.97,-7.704,0.79,0.085,0.059,0.25,v1.1,"Colwood, British Columbia, Canada"
ALEP,VEL,56.948,-81.484,6.155,0.8,0.862,3.361,v1.1,"Honaunau-Napoopoo, Hawaii, United States"
ALGO,VEL,2.553,-16.459,3.237,0.034,0.026,0.105,v1.1,"Deep River, Ontario, Canada"
ALIC,VEL,59.066,31.991,-0.751,0.043,0.043,0.179,v1.1,"Braitling, Northern Territory, Australia"
ALME,VEL,16.545,18.818,-0.321,0.042,0.036,0.141,v1.1,"Almería, Andalusia, Spain"
ALON,VEL,19.405,22.59,0.629,0.04,0.037,0.155,v1.1,"Be'er Ganim, Southern District, Israel"
ALPP,VEL,6.464,-27.903,1.162,0.053,0.045,0.183,v1.1,"Lebec, California, United States"
ALRT,VEL,6.078,-21.759,5.294,0.104,0.093,0.636,v1.1,"Upernavik, Avannaata, Greenland"
ALTH,VEL,-1.244,-24.768,-12.714,0.343,0.285,1.153,v1.1,"South Dos Palos, California, United States"
AMC2,VEL,-5.74,-14.484,-1.271,0.082,0.066,0.269,v1.1,"Ellicott, Colorado, United States"
AML5,VEL,-4.962,-12.859,1.532,0.236,0.214,0.949,v1.1,"Amarillo, Texas, United States"
ANA1,VEL,21.65,-41.026,-0.427,0.074,0.061,0.252,v1.1,"Channel Islands Beach, California, United States"
ANKR,VEL,12.336,1.452,-2.69,0.084,0.066,0.267,v1.1,"Çayyolu, Ankara, Turkey"
ANTC,VEL,14.363,-5.29,9.005,0.17,0.142,0.573,v1.1,"Coihueco, Ñuble, Chile"
ANTO,VEL,-3.526,-11.803,0.371,0.251,0.251,1.134,v1.1,"Balcones Heights, Texas, United States"
AOA1,VEL,18.92,-40.001,0.061,0.184,0.165,0.74,v1.1,"Thousand Oaks, California, United States"
AOML,VEL,3.061,-9.758,0.387,0.198,0.216,0.883,v1.1,"Key Biscayne, Florida, United States"
APEX,VEL,-8.523,-15.046,1.002,0.268,0.222,0.979,v1.1,"Nellis Air Force Base, Nevada, United States"
AQUI,VEL,16.731,20.604,0.268,0.121,0.095,0.383,v1.1,"Coppito, Abruzzo, Italy"
AR27,VEL,17.024,-38.077,-2.288,0.177,0.15,0.597,v1.1,"Camp Pendleton North, California, United States"
AR53,VEL,17.405,-38.163,-2.237,0.168,0.144,0.573,v1.1,"San Clemente, California, United States"
ARCO,VEL,20.238,6.144,-16.274,0.445,0.386,1.491,v1.1,"Arauco, Biobío, Chile"
AREG,VEL,12.097,7.925,1.002,0.169,0.195,0.703,v1.1,"Sabandia, Arequipa, Peru"
AREL,VEL,20.394,22.495,1.492,0.451,0.408,1.769,v1.1,"Mardā, West Bank, Palestinian Territory"
AREQ,VEL,12.714,7.578,0.187,0.067,0.078,0.283,v1.1,"Sabandia, Arequipa, Peru"
AREV,VEL,12.497,6.803,0.18,0.327,0.376,1.353,v1.1,"Sabandia, Arequipa, Peru"
ARGU,VEL,-3.82,-18.99,-0.433,0.181,0.151,0.669,v1.1,"Searles Valley, California, United States"
ARL5,VEL,-2.615,-14.101,-1.344,0.241,0.222,0.983,v1.1,"Arlington, Texas, United States"
ARLI,VEL,-8.97,-9.958,-1.429,0.088,0.062,0.254,v1.1,"Arlington, Washington, United States"
ARM1,VEL,-0.357,-27.743,-26.331,0.226,0.185,0.786,v1.1,"Weedpatch, California, United States"
ARM2,VEL,-1.034,-26.799,-25.278,0.203,0.17,0.688,v1.1,"Weedpatch, California, United States"
ARMI,VEL,18.598,26.772,-2.463,0.265,0.323,1.214,v1.1,"Arba Minch, South Ethiopia Regional State, Ethiopia"
ARP3,VEL,-3.256,-13.939,-0.886,0.152,0.152,0.639,v1.1,"Port Aransas, Texas, United States"
ARTU,VEL,6.157,25.277,0.192,0.03,0.02,0.088,v1.1,"Arti, Sverdlovsk Oblast, Russian Federation"
ASBU,VEL,-7.721,-13.577,-0.85,0.064,0.047,0.212,v1.1,"Sunriver, Oregon, United States"
ASC1,VEL,11.256,-5.32,-0.643,0.116,0.134,0.522,v1.1,"Georgetown, Ascension, Saint Helena"
ASHM,VEL,-8.574,-15.218,-0.36,0.252,0.205,0.831,v1.1,"Pahrump, Nevada, United States"
ASHV,VEL,2.324,-13.719,0.852,0.208,0.181,0.76,v1.1,"Asheville, North Carolina, United States"
ASKY,VEL,10.072,-21.335,15.451,0.135,0.109,0.61,v1.1,"Upernavik, Avannaata, Greenland"
ASPA,VEL,34.924,-62.217,-4.596,0.124,0.143,0.54,v1.1,"Tāfuna, Western District, American Samoa"
ATLI,VEL,-11.113,-11.282,9.952,0.082,0.054,0.238,v1.1,"Juneau, Alaska, United States"
ATW2,VEL,-7.78,-21.265,1.397,0.186,0.128,0.583,v1.1,"Palmer, Alaska, United States"
AUCK,VEL,39.449,4.039,-0.275,0.066,0.057,0.226,v1.1,"Whangaparaoa, Auckland, New Zealand"
AUGL,VEL,-34.951,-3.314,9.154,0.457,0.322,1.343,v1.1,"Anchor Point, Alaska, United States"
AUKT,VEL,40.011,3.442,-1.568,0.097,0.085,0.362,v1.1,"Auckland, Auckland, New Zealand"
AUTF,VEL,11.604,9.037,1.349,0.107,0.074,0.344,v1.1,"Ushuaia, Tierra del Fuego, Argentina"
AV01,VEL,-29.541,-6.179,3.606,0.124,0.092,0.386,v1.1,"Anchor Point, Alaska, United States"
AV02,VEL,-29.413,-5.53,5.487,0.125,0.081,0.363,v1.1,"Anchor Point, Alaska, United States"
AV04,VEL,-29.129,-4.949,3.087,0.042,0.031,0.129,v1.1,"Anchor Point, Alaska, United States"
AV06,VEL,-23.04,-6.529,2.7,0.081,0.057,0.23,v1.1,"Akutan, Alaska, United States"
AV07,VEL,-21.758,-9.616,4.991,0.063,0.046,0.182,v1.1,"Akutan, Alaska, United States"
AV08,VEL,-22.647,-8.532,3.833,0.046,0.034,0.142,v1.1,"Akutan, Alaska, United States"
AV09,VEL,-23.001,-7.665,2.775,0.055,0.041,0.167,v1.1,"Unalaska, Alaska, United States"
AV10,VEL,-24.231,-7.08,4.487,0.036,0.024,0.106,v1.1,"Akutan, Alaska, United States"
AV11,VEL,-29.594,-5.818,6.27,0.115,0.083,0.337,v1.1,"Anchor Point, Alaska, United States"
AV12,VEL,-18.252,-4.96,5.441,0.09,0.064,0.255,v1.1,"Akutan, Alaska, United States"
AV13,VEL,-21.957,-4.629,7.598,0.074,0.054,0.218,v1.1,"Akutan, Alaska, United States"
AV14,VEL,-23.645,-5.94,3.64,0.076,0.055,0.217,v1.1,"Akutan, Alaska, United States"
AV15,VEL,-22.939,-7.754,2.161,0.098,0.069,0.286,v1.1,"Akutan, Alaska, United States"
AV16,VEL,-29.307,-5.349,5.209,0.1,0.071,0.29,v1.1,"Anchor Point, Alaska, United States"
AV17,VEL,-29.26,-6.067,4.431,0.136,0.095,0.402,v1.1,"Anchor Point, Alaska, United States"
AV18,VEL,-28.539,-1.34,-0.973,0.133,0.088,0.421,v1.1,"Anchor Point, Alaska, United States"
AV19,VEL,-31.214,-4.011,0.92,0.156,0.113,0.473,v1.1,"Anchor Point, Alaska, United States"
AV20,VEL,-29.419,-5.086,2.947,0.123,0.079,0.363,v1.1,"Anchor Point, Alaska, United States"
AV24,VEL,-17.742,-9.829,6.427,0.079,0.057,0.234,v1.1,"Akutan, Alaska, United States"
AV25,VEL,-20.526,-12.162,7.243,0.108,0.076,0.307,v1.1,"Akutan, Alaska, United States"
AV26,VEL,-15.04,-1.752,7.734,0.065,0.046,0.189,v1.1,"Akutan, Alaska, United States"
AV29,VEL,-28.422,-3.124,9.009,0.063,0.046,0.182,v1.1,"Akutan, Alaska, United States"
AV34,VEL,-22.848,-7.866,2.664,0.071,0.048,0.2,v1.1,"King Cove, Alaska, United States"
AV35,VEL,-22.021,-6.002,-0.048,0.071,0.051,0.205,v1.1,"Akutan, Alaska, United States"
AV36,VEL,-21.594,-7.896,0.16,0.108,0.078,0.31,v1.1,"Akutan, Alaska, United States"
AV37,VEL,-21.523,-7.949,1.575,0.17,0.115,0.514,v1.1,"King Cove, Alaska, United States"
AV38,VEL,-21.833,-7.586,1.508,0.073,0.051,0.217,v1.1,"King Cove, Alaska, United States"
AV39,VEL,-21.946,-6.37,1.084,0.117,0.081,0.339,v1.1,"King Cove, Alaska, United States"
AV40,VEL,-22.87,-7.917,2.557,0.07,0.05,0.199,v1.1,"King Cove, Alaska, United States"
AVRY,VEL,3.11,-23.767,0.396,0.072,0.061,0.247,v1.1,"Apple Valley, California, United States"
AZCN,VEL,-5.909,-14.554,-1.466,0.118,0.1,0.402,v1.1,"Aztec, New Mexico, United States"
AZRY,VEL,11.471,-31.685,0.164,0.122,0.104,0.428,v1.1,"Anza, California, United States"
AZU1,VEL,11.916,-35.947,-1.465,0.106,0.097,0.439,v1.1,"Citrus, California, United States"
BACK,VEL,9.367,16.788,14.758,0.102,0.08,0.427,v1.1,"Puerto Natales, Region of Magallanes, Chile"
BADG,VEL,-6.46,26.578,0.555,0.064,0.046,0.186,v1.1,"Kyren, Buryatiya Republic, Russian Federation"
BAHR,VEL,30.327,31.351,-0.63,0.078,0.075,0.308,v1.1,"Manama, Manama, Bahrain"
BAIE,VEL,6.203,-16.007,3.466,0.071,0.052,0.221,v1.1,"Hauterive, Quebec, Canada"
BAKE,VEL,-4.226,-18.912,11.063,0.05,0.035,0.159,v1.1,"Arviat, Nunavut, Canada"
BAKO,VEL,-8.16,25.007,-0.58,0.107,0.135,0.516,v1.1,"Cibinong, West Java, Indonesia"
BALD,VEL,-0.488,-19.295,4.176,0.231,0.188,0.76,v1.1,"Mammoth Lakes, California, United States"
BAMF,VEL,-6.346,-4.07,1.75,0.072,0.059,0.283,v1.1,"Ucluelet, British Columbia, Canada"
BAMO,VEL,-9.433,-16.416,0.068,0.079,0.061,0.244,v1.1,"Battle Mountain, Nevada, United States"
BAN2,VEL,35.133,43.668,-1.16,0.127,0.149,0.574,v1.1,"Bengaluru, Karnataka, India"
BAR1,VEL,22.647,-41.801,-0.696,0.091,0.08,0.355,v1.1,"Malibu, California, United States"
BARA,VEL,7.908,8.546,-0.11,0.081,0.09,0.36,v1.1,"Santa Cruz de Barahona, Barahona Province, Dominican Republic"
BARH,VEL,7.094,-15.278,0.344,0.063,0.049,0.197,v1.1,"Bar Harbor, Maine, United States"
BARN,VEL,4.935,-15.649,0.295,0.075,0.055,0.247,v1.1,"North Conway, New Hampshire, United States"
BATM,VEL,-8.475,-15.295,-0.648,0.269,0.22,0.903,v1.1,"Death Valley, California, United States"
BAY1,VEL,-22.524,-9.578,2.065,0.27,0.182,0.799,v1.1,"King Cove, Alaska, United States"
BAY2,VEL,-22.236,-8.512,-0.633,0.278,0.189,0.819,v1.1,"King Cove, Alaska, United States"
BAYR,VEL,1.033,-16.135,-1.612,0.065,0.051,0.211,v1.1,"Buena Vista, Michigan, United States"
BBDM,VEL,20.128,-41.553,0.752,0.15,0.121,0.519,v1.1,"Santa Ynez, California, United States"
BBID,VEL,-10.356,-16.337,-1.913,0.057,0.047,0.243,v1.1,"Ashton, Idaho, United States"
BBRY,VEL,3.934,-23.519,0.758,0.087,0.072,0.342,v1.1,"Big Bear Lake, California, United States"
BCOV,VEL,-9.991,-11.787,3.04,0.133,0.093,0.429,v1.1,"Port McNeill, British Columbia, Canada"
BCRK,VEL,-15.15,-10.674,0.656,0.142,0.101,0.445,v1.1,"Dawson City, Yukon, Canada"
BCWR,VEL,9.881,-33.89,0.324,0.09,0.075,0.306,v1.1,"Maricopa, California, United States"
BCYI,VEL,-9.552,-15.257,-0.446,0.071,0.054,0.289,v1.1,"Arco, Idaho, United States"
BDAR,VEL,17.416,22.218,-0.724,0.324,0.398,1.513,v1.1,"Bahir Dar, Amhara, Ethiopia"
BDOS,VEL,14.8,12.6,-2.514,0.139,0.17,0.619,v1.1,"Hastings, Christ Church, Barbados"
BEA2,VEL,-14.746,-7.786,0.906,0.167,0.114,0.503,v1.1,"Dawson City, Yukon, Canada"
BEA5,VEL,0.692,-10.347,-3.879,0.516,0.517,2.21,v1.1,"Bevil Oaks, Texas, United States"
BEAT,VEL,-8.846,-15.536,-0.075,0.2,0.165,0.683,v1.1,"Beatty, Nevada, United States"
BELE,VEL,11.742,-4.938,-0.42,0.206,0.229,0.865,v1.1,"Belém, Pará, Brazil"
BELI,VEL,-9.307,-9.615,-0.07,0.067,0.048,0.204,v1.1,"Bellingham, Washington, United States"
BELL,VEL,16.292,19.731,-0.125,0.062,0.048,0.202,v1.1,"Argensola, Catalonia, Spain"
BEMT,VEL,-4.899,-17.333,-0.308,0.088,0.075,0.297,v1.1,"Twentynine Palms, California, United States"
BEND,VEL,-8.159,-13.033,-1.269,0.066,0.049,0.208,v1.1,"Bend, Oregon, United States"
BENN,VEL,0.593,15.76,8.742,0.065,0.062,0.44,v1.1,"Puerto Natales, Region of Magallanes, Chile"
BEPK,VEL,-0.223,-21.171,-0.418,0.097,0.081,0.338,v1.1,"Weldon, California, United States"
BERP,VEL,12.775,17.956,27.241,0.139,0.112,0.596,v1.1,"Puerto Natales, Region of Magallanes, Chile"
BFLD,VEL,0.02,-26.062,-2.941,0.248,0.208,0.882,v1.1,"Oildale, California, United States"
BFSH,VEL,-0.208,-26.34,1.795,0.43,0.365,1.59,v1.1,"Bodfish, California, United States"
BGIS,VEL,15.401,-38.215,-3.938,0.127,0.111,0.48,v1.1,"Bell Gardens, California, United States"
BHR1,VEL,30.588,31.491,-0.435,0.104,0.1,0.412,v1.1,"Manama, Manama, Bahrain"
BHR2,VEL,30.529,31.178,-0.247,0.452,0.436,1.722,v1.1,"Manama, Manama, Bahrain"
BIGD,VEL,-9.936,-13.414,-0.535,0.259,0.177,0.823,v1.1,"Grand Coulee, Washington, United States"
BIJA,VEL,13.65,12.033,-1.068,0.155,0.179,0.727,v1.1,"Jacó, Puntarenas Province, Costa Rica"
BIL1,VEL,-8.163,-14.794,0.035,0.472,0.347,1.465,v1.1,"Lockwood, Montana, United States"
BILB,VEL,-20.452,7.573,1.566,0.265,0.188,0.888,v1.1,"Bilibino, Chukotka, Russian Federation"
BILI,VEL,-20.64,8.69,0.196,0.12,0.084,0.416,v1.1,"Bilibino, Chukotka, Russian Federation"
BILL,VEL,14.264,-35.545,-0.911,0.105,0.09,0.365,v1.1,"Murrieta Hot Springs, California, United States"
BILS,VEL,-2.805,-0.616,-0.931,0.12,0.08,0.359,v1.1,"Forks, Washington, United States"
BIS1,VEL,-6.439,-16.083,2.231,0.167,0.107,0.467,v1.1,"Sitka, Alaska, United States"
BIS2,VEL,5.155,28.496,-1.078,0.535,0.404,1.591,v1.1,"Bishkek, Bishkek, Kyrgyzstan"
BJCO,VEL,18.785,22.063,-0.825,0.095,0.113,0.4,v1.1,"Cotonou, Littoral, Benin"
BJFS,VEL,-11.117,30.745,1.338,0.144,0.118,0.475,v1.1,"Fangshan, Beijing, China"
BJNM,VEL,-11.472,29.932,1.019,0.12,0.098,0.394,v1.1,"Changping, Beijing, China"
BKAP,VEL,-8.577,-15.683,0.033,0.098,0.081,0.328,v1.1,"Fort Irwin, California, United States"
BKMS,VEL,16.787,-39.534,0.264,0.163,0.139,0.59,v1.1,"Santa Fe Springs, California, United States"
BKR1,VEL,2.875,-24.661,-11.911,0.374,0.314,1.346,v1.1,"Greenfield, California, United States"
BKR2,VEL,5.226,-26.133,-18.36,0.333,0.279,1.177,v1.1,"Greenfield, California, United States"
BLA1,VEL,3.25,-14.305,-1.089,0.046,0.04,0.159,v1.1,"Blacksburg, Virginia, United States"
BLAS,VEL,20.396,-11.983,8.813,0.195,0.167,1.027,v1.1,"Ísafjörður, Westfjords, Iceland"
BLBP,VEL,28.733,-61.952,-2.632,0.474,0.523,1.971,v1.1,"Honaunau-Napoopoo, Hawaii, United States"
BLKV,VEL,3.232,-13.659,-0.588,0.083,0.072,0.3,v1.1,"Merrimac, Virginia, United States"
BLMM,VEL,-0.442,-14.143,-0.247,0.105,0.096,0.452,v1.1,"Bloomfield, Missouri, United States"
BLRW,VEL,-1.135,-15.592,-2.687,0.112,0.089,0.376,v1.1,"Muscoda, Wisconsin, United States"
BLSA,VEL,16.718,-39.295,-0.541,0.275,0.233,0.97,v1.1,"Cypress, California, United States"
BLUF,VEL,31.103,-30.088,-1.341,0.146,0.107,0.424,v1.1,"Bluff, Southland, New Zealand"
BLYN,VEL,-7.753,-8.984,-2.939,0.146,0.107,0.524,v1.1,"Port Hadlock-Irondale, Washington, United States"
BLYT,VEL,-8.086,-14.352,-0.022,0.08,0.068,0.275,v1.1,"Mesa Verde, California, United States"
BMHL,VEL,-5.706,-15.641,-0.118,0.08,0.068,0.272,v1.1,"Twentynine Palms, California, United States"
BMRY,VEL,8.844,-27.272,-0.307,0.209,0.179,0.735,v1.1,"Cherry Valley, California, United States"
BOAV,VEL,12.19,-4.005,2.581,0.114,0.134,0.479,v1.1,"Boa Vista, Roraima, Brazil"
BOGI,VEL,14.385,20.842,0.086,0.041,0.03,0.124,v1.1,"Białobrzegi, Mazovia, Poland"
BOGO,VEL,14.358,20.662,-0.168,0.031,0.022,0.089,v1.1,"Białobrzegi, Mazovia, Poland"
BOGT,VEL,14.59,-0.244,-34.29,0.13,0.168,0.621,v1.1,"Bogotá, Bogota D.C., Colombia"
BOMG,VEL,-5.399,-20.725,1.463,0.196,0.166,0.687,v1.1,"Salton City, California, United States"
BOMJ,VEL,12.176,-4.734,2.224,0.445,0.484,1.929,v1.1,"Bom Jesus da Lapa, Bahia, Brazil"
BOR1,VEL,14.684,20.103,-0.381,0.041,0.029,0.121,v1.1,"Kórnik, Greater Poland, Poland"
BRAN,VEL,13.763,-37.262,-0.436,0.12,0.104,0.508,v1.1,"Burbank, California, United States"
BRAS,VEL,17.148,21.618,1.03,0.207,0.156,0.679,v1.1,"Castiglione dei Pepoli, Emilia-Romagna, Italy"
BRAZ,VEL,12.653,-3.969,-0.824,0.041,0.046,0.18,v1.1,"Cidade Ocidental, Goiás, Brazil"
BREW,VEL,-10.047,-12.713,-0.37,0.062,0.045,0.179,v1.1,"Brewster, Washington, United States"
BRFT,VEL,12.847,-4.26,-0.672,0.105,0.115,0.469,v1.1,"Eusébio, Ceará, Brazil"
BRIB,VEL,5.285,-26.823,-0.19,0.088,0.065,0.35,v1.1,"Lafayette, California, United States"
BRIG,VEL,1.361,-15.586,-1.001,0.129,0.104,0.43,v1.1,"Brighton, Michigan, United States"
BRIP,VEL,-12.079,8.175,0.242,0.087,0.068,0.39,v1.1,"Bluff, Southland, New Zealand"
BRMU,VEL,8.919,-11.918,-0.955,0.045,0.042,0.173,v1.1,"Saint George, Saint George, Bermuda"
BRN2,VEL,34.319,39.398,-2.006,0.163,0.164,0.668,v1.1,"Biratnagar, Koshi, Nepal"
BRPK,VEL,9.692,-31.049,1.165,0.055,0.047,0.19,v1.1,"Green Valley, California, United States"
BRST,VEL,17.052,16.804,-1.072,0.061,0.045,0.178,v1.1,"Brest, Brittany, France"
BRU1,VEL,6.003,-15.432,0.27,0.089,0.069,0.287,v1.1,"Brunswick, Maine, United States"
BRUS,VEL,16.108,18.046,0.616,0.131,0.097,0.411,v1.1,"Uccle, Brussels Capital, Belgium"
BRUX,VEL,16.453,17.775,0.251,0.124,0.09,0.346,v1.1,"Uccle, Brussels Capital, Belgium"
BSHM,VEL,19.877,22.391,0.207,0.051,0.045,0.188,v1.1,"Nesher, Haifa, Israel"
BSMK,VEL,-4.981,-16.252,-2.133,0.11,0.081,0.322,v1.1,"Bismarck, North Dakota, United States"
BSNC,VEL,-9.303,-14.961,-0.517,0.643,0.469,1.898,v1.1,"Dillon, Montana, United States"
BSPC,VEL,-9.29,-14.538,-0.277,0.672,0.479,1.955,v1.1,"Dillon, Montana, United States"
BSRY,VEL,-0.175,-19.859,-0.46,0.081,0.068,0.271,v1.1,"Barstow, California, United States"
BTDM,VEL,12.108,-36.09,-0.492,0.111,0.106,0.408,v1.1,"La Crescenta-Montrose, California, United States"
BTHL,VEL,21.0,17.786,-2.812,0.618,0.747,2.691,v1.1,"Teluk Dalam, North Sumatra, Indonesia"
BUCU,VEL,12.314,23.247,1.206,0.051,0.04,0.156,v1.1,"Sector 2, București, Romania"
BUDP,VEL,15.064,18.033,1.198,0.032,0.022,0.089,v1.1,"Buddinge, Capital Region, Denmark"
BUE1,VEL,11.682,-0.89,1.196,0.13,0.112,0.46,v1.1,"Ciudad del Libertador General San Martín, Buenos Aires, Argentina"
BUE2,VEL,13.382,0.517,3.097,0.296,0.257,1.053,v1.1,"Ciudad del Libertador General San Martín, Buenos Aires, Argentina"
BUEG,VEL,22.129,-42.916,1.392,0.241,0.214,0.961,v1.1,"Buellton, California, United States"
BUEH,VEL,-9.786,-15.003,-0.925,0.669,0.487,1.972,v1.1,"Dillon, Montana, United States"
BULL,VEL,-8.558,-15.79,0.153,0.172,0.144,0.606,v1.1,"Beatty, Nevada, United States"
BUMS,VEL,-11.028,7.911,1.257,0.236,0.218,1.57,v1.1,"Papatowai, Otago, New Zealand"
BURI,VEL,-12.117,6.493,0.564,0.044,0.036,0.225,v1.1,"Bluff, Southland, New Zealand"
BURN,VEL,-9.467,-15.481,-0.997,0.056,0.042,0.171,v1.1,"Homedale, Idaho, United States"
BUST,VEL,-8.463,-15.495,0.202,0.241,0.201,0.88,v1.1,"Beatty, Nevada, United States"
BVPP,VEL,3.682,-29.533,-1.24,0.127,0.103,0.424,v1.1,"Ford City, California, United States"
BYSP,VEL,13.796,8.836,-0.435,0.07,0.078,0.308,v1.1,"Bayamón, Bayamón, Puerto Rico"
BZRG,VEL,16.152,20.303,1.404,0.127,0.095,0.389,v1.1,"Bolzano, Trentino-Alto Adige, Italy"
CA99,VEL,-5.479,-23.361,1.462,0.256,0.209,0.863,v1.1,"Mammoth Lakes, California, United States"
CABA,VEL,21.844,13.492,4.734,0.163,0.184,0.701,v1.1,"Nicoya, Guanacaste Province, Costa Rica"
CABL,VEL,1.187,-6.699,0.714,0.093,0.07,0.29,v1.1,"Port Orford, Oregon, United States"
CACT,VEL,-0.774,-21.425,0.165,0.067,0.057,0.239,v1.1,"Mecca, California, United States"
CAGL,VEL,16.081,21.759,-0.155,0.044,0.036,0.148,v1.1,"Poggio dei Pini, Sardinia, Italy"
CAGS,VEL,3.416,-16.22,3.061,0.051,0.04,0.164,v1.1,"Cantley, Quebec, Canada"
CAGZ,VEL,16.053,21.496,-0.624,0.082,0.068,0.276,v1.1,"Poggio dei Pini, Sardinia, Italy"
CAKO,VEL,15.844,22.079,-0.641,0.147,0.112,0.43,v1.1,"Čakovec, Međimurje, Croatia"
CALL,VEL,13.73,19.409,2.388,0.265,0.317,1.116,v1.1,"Callao, Callao, Peru"
CAM5,VEL,24.666,-41.036,2.399,0.492,0.416,1.691,v1.1,"Cambria, California, United States"
CAME,VEL,18.934,23.14,0.91,0.169,0.137,0.59,v1.1,"Camerino, The Marches, Italy"
CAND,VEL,6.756,-24.393,2.063,0.074,0.062,0.256,v1.1,"Coalinga, California, United States"
CANT,VEL,16.538,18.193,0.061,0.106,0.081,0.322,v1.1,"Santander, Cantabria, Spain"
CAPF,VEL,9.298,14.283,2.519,0.124,0.088,0.417,v1.1,"Puerto Williams, Region of Magallanes, Chile"
CARH,VEL,16.417,-34.226,0.622,0.056,0.048,0.201,v1.1,"Shandon, California, United States"
CARR,VEL,17.464,-34.071,-0.04,0.133,0.118,0.504,v1.1,"Shandon, California, United States"
CART,VEL,10.879,12.45,-2.396,0.038,0.045,0.168,v1.1,"Cartagena, Bolívar, Colombia"
CAS1,VEL,-9.938,1.408,2.24,0.117,0.085,0.385,v1.1,"Denmark, Western Australia, Australia"
CASA,VEL,-8.844,-22.807,5.083,0.336,0.291,1.255,v1.1,"Mammoth Lakes, California, United States"
CASC,VEL,17.102,17.99,-0.501,0.062,0.05,0.2,v1.1,"Cascais, Lisbon, Portugal"
CASE,VEL,17.165,-37.443,-1.926,0.163,0.144,0.596,v1.1,"Camp Pendleton North, California, United States"
CASL,VEL,3.833,-13.262,-1.103,0.223,0.204,0.838,v1.1,"Castle Hayne, North Carolina, United States"
CASP,VEL,-5.645,-15.612,-0.67,0.242,0.188,0.738,v1.1,"Mills, Wyoming, United States"
CAST,VEL,-8.039,-14.222,-0.54,0.051,0.041,0.166,v1.1,"Huntington, Utah, United States"
CAT1,VEL,21.494,-40.104,-0.525,0.164,0.143,0.6,v1.1,"Avalon, California, United States"
CAT2,VEL,21.29,-40.578,-1.304,0.071,0.06,0.237,v1.1,"Avalon, California, United States"
CAT3,VEL,21.203,-41.233,-0.742,0.068,0.057,0.229,v1.1,"Avalon, California, United States"
CAUQ,VEL,19.603,-11.658,4.417,0.542,0.471,1.885,v1.1,"Cauquenes, Maule Region, Chile"
CAVA,VEL,17.902,21.041,-2.611,0.131,0.1,0.436,v1.1,"Cavallino, Veneto, Italy"
CBHS,VEL,17.643,-38.928,0.502,0.054,0.049,0.208,v1.1,"Calabasas, California, United States"
CCCC,VEL,-0.032,-20.674,-0.766,0.096,0.078,0.321,v1.1,"Ridgecrest, California, United States"
CCCO,VEL,18.131,-37.277,-3.599,0.24,0.203,0.859,v1.1,"Compton, California, United States"
CCCS,VEL,17.396,-36.86,1.979,0.172,0.145,0.615,v1.1,"Placentia, California, United States"
CCJ2,VEL,9.877,-36.936,-1.462,0.119,0.108,0.521,v1.1,"Ogasawara, Tokyo, Japan"
CCJM,VEL,11.881,-36.806,-1.422,0.141,0.134,0.576,v1.1,"Ogasawara, Tokyo, Japan"
CCST,VEL,8.973,-33.227,1.439,0.107,0.083,0.376,v1.1,"Frazier Park, California, United States"
CCV3,VEL,2.999,-12.212,-2.536,0.125,0.122,0.519,v1.1,"Cape Canaveral, Florida, United States"
CDMT,VEL,-6.665,-17.588,0.281,0.091,0.08,0.325,v1.1,"Fort Irwin, California, United States"
CEBR,VEL,16.763,18.643,0.05,0.147,0.118,0.472,v1.1,"El Hoyo de Pinares, Castille and León, Spain"
CEDA,VEL,-9.153,-16.462,0.008,0.048,0.037,0.147,v1.1,"Grantsville, Utah, United States"
CEDU,VEL,58.99,28.894,-0.319,0.058,0.051,0.215,v1.1,"Ceduna, South Australia, Australia"
CEFE,VEL,13.064,-3.753,0.956,0.254,0.261,1.049,v1.1,"Vitória, Espírito Santo, Brazil"
CENA,VEL,-21.011,-8.373,-0.844,0.159,0.111,0.531,v1.1,"Deltana, Alaska, United States"
CEUT,VEL,17.342,15.563,-1.206,0.557,0.49,2.097,v1.1,"Ceuta, Ceuta, Spain"
CFAG,VEL,12.084,6.623,-0.781,0.057,0.054,0.219,v1.1,"Caucete, San Juan, Argentina"
CGDM,VEL,10.755,-35.32,0.532,0.062,0.05,0.22,v1.1,"Bradbury, California, United States"
CGGN,VEL,23.488,22.351,-1.02,0.413,0.513,1.941,v1.1,"Toro, Bauchi, Nigeria"
CHA1,VEL,3.29,-12.759,-0.38,0.209,0.196,0.817,v1.1,"Sullivans Island, South Carolina, United States"
CHAB,VEL,7.293,-27.729,0.061,0.165,0.135,0.597,v1.1,"Ashland, California, United States"
CHAC,VEL,11.165,-2.348,2.196,0.092,0.086,0.347,v1.1,"Resistencia, Chaco, Argentina"
CHAN,VEL,-12.24,27.614,-0.079,0.109,0.082,0.33,v1.1,"Erdao, Jilin, China"
CHAT,VEL,33.075,-40.538,-1.059,0.085,0.067,0.274,v1.1,"Waitangi, Chatham Islands, New Zealand"
CHB1,VEL,-0.239,-16.494,0.973,0.15,0.112,0.473,v1.1,"Cheboygan, Michigan, United States"
CHCM,VEL,-8.284,-8.388,-0.144,0.152,0.108,0.438,v1.1,"Port Hadlock-Irondale, Washington, United States"
CHCN,VEL,-9.923,-14.828,-0.758,0.603,0.444,1.762,v1.1,"Dillon, Montana, United States"
CHES,VEL,4.31,-14.925,-1.24,0.182,0.149,0.603,v1.1,"West Chester, Pennsylvania, United States"
CHI3,VEL,9.122,-23.368,1.785,0.36,0.239,1.067,v1.1,"Cordova, Alaska, United States"
CHIL,VEL,10.793,-34.436,0.203,0.054,0.047,0.207,v1.1,"Sierra Madre, California, United States"
CHIZ,VEL,16.53,18.473,-0.51,0.025,0.019,0.077,v1.1,"Beauvoir-sur-Niort, Nouvelle-Aquitaine, France"
CHLO,VEL,-8.509,-15.616,-0.166,0.188,0.158,0.662,v1.1,"Beatty, Nevada, United States"
CHME,VEL,2.959,-13.859,-1.333,0.112,0.099,0.411,v1.1,"Charlotte, North Carolina, United States"
CHML,VEL,21.807,-21.787,1.036,0.596,0.512,2.009,v1.1,"Chos Malal, Neuquen, Argentina"
CHMS,VEL,5.471,-24.984,-0.04,0.103,0.085,0.355,v1.1,"Lake Los Angeles, California, United States"
CHO1,VEL,-4.06,-21.835,0.751,0.239,0.191,0.809,v1.1,"Biggs, California, United States"
CHOW,VEL,1.31,-23.165,-77.806,0.235,0.198,0.841,v1.1,"Fairmead, California, United States"
CHPG,VEL,13.032,-3.776,-1.536,0.462,0.469,1.983,v1.1,"Canas, São Paulo, Brazil"
CHPI,VEL,12.728,-3.677,0.188,0.068,0.068,0.283,v1.1,"Canas, São Paulo, Brazil"
CHT1,VEL,5.94,-15.205,-0.189,0.207,0.161,0.683,v1.1,"Chatham, Massachusetts, United States"
CHTI,VEL,33.174,-41.285,-1.843,0.147,0.114,0.469,v1.1,"Waitangi, Chatham Islands, New Zealand"
CHUM,VEL,2.942,27.191,-0.037,0.06,0.047,0.186,v1.1,"Korday, Zhambyl, Kazakhstan"
CHUR,VEL,-3.629,-18.666,10.607,0.036,0.025,0.104,v1.1,"Arviat, Nunavut, Canada"
CHWK,VEL,-9.928,-11.36,0.707,0.051,0.036,0.171,v1.1,"Chilliwack, British Columbia, Canada"
CHZZ,VEL,-2.965,-5.258,-0.088,0.067,0.056,0.278,v1.1,"Bay City, Oregon, United States"
CIC1,VEL,20.251,-41.194,-1.732,0.138,0.13,0.585,v1.1,"El Sauzal de Rodríguez, Baja California, Mexico"
CICE,VEL,19.301,-40.761,-1.231,0.424,0.402,1.683,v1.1,"El Sauzal de Rodríguez, Baja California, Mexico"
CIHL,VEL,-7.974,-13.856,-0.928,0.091,0.068,0.268,v1.1,"Sunriver, Oregon, United States"
CIRX,VEL,19.305,-40.076,0.001,0.052,0.042,0.214,v1.1,"Casa Conejo, California, United States"
CIT1,VEL,12.946,-36.579,0.37,0.069,0.058,0.237,v1.1,"Pasadena, California, United States"
CJMG,VEL,6.347,-27.776,-0.256,0.157,0.137,0.545,v1.1,"Oak Hills, California, United States"
CJMS,VEL,7.589,-28.645,0.911,0.084,0.074,0.306,v1.1,"Oak Hills, California, United States"
CJTR,VEL,-1.21,-13.848,-0.598,0.103,0.091,0.383,v1.1,"Sherwood, Arkansas, United States"
CJVG,VEL,10.2,-31.048,-1.928,0.166,0.147,0.598,v1.1,"Vincent, California, United States"
CKIS,VEL,35.371,-63.141,-0.471,0.053,0.057,0.228,v1.1,"Avarua, Rarotonga, Cook Islands"
CKSV,VEL,-14.2,18.924,0.965,0.542,0.568,2.263,v1.1,"Tainan, Taiwan, Taiwan"
CLAR,VEL,11.888,-35.08,0.065,0.11,0.095,0.393,v1.1,"Claremont, California, United States"
CLBD,VEL,17.503,-39.085,-1.505,0.101,0.088,0.355,v1.1,"Carlsbad, California, United States"
CLCV,VEL,-5.55,-14.465,-3.008,0.278,0.198,1.031,v1.1,"Shady Cove, Oregon, United States"
CLGO,VEL,-22.468,-7.903,1.148,0.065,0.044,0.206,v1.1,"College, Alaska, United States"
CLK1,VEL,-6.208,-14.773,-0.493,0.139,0.102,0.436,v1.1,"Clark, South Dakota, United States"
CLMS,VEL,-7.462,-14.569,-0.738,0.09,0.068,0.274,v1.1,"Klamath Falls, Oregon, United States"
CLOV,VEL,-9.737,-16.628,0.016,0.099,0.082,0.333,v1.1,"Wells, Nevada, United States"
CLRK,VEL,-1.533,17.412,2.537,0.152,0.13,0.749,v1.1,"Waitangi, Chatham Islands, New Zealand"
CLRS,VEL,-8.083,-7.033,2.074,0.131,0.088,0.395,v1.1,"Lake Cowichan, British Columbia, Canada"
CLWZ,VEL,-6.509,-13.541,-1.887,0.108,0.075,0.465,v1.1,"Shady Cove, Oregon, United States"
CMBB,VEL,-2.446,-22.331,2.263,0.117,0.104,0.444,v1.1,"Columbia, California, United States"
CMBL,VEL,31.876,-24.417,-0.673,0.122,0.095,0.377,v1.1,"Witherlea, Marlborough, New Zealand"
CME1,VEL,18.86,-19.502,-1.482,0.183,0.147,0.629,v1.1,"Ferndale, California, United States"
CMOD,VEL,-3.138,-22.884,-0.453,0.128,0.102,0.41,v1.1,"Modesto, California, United States"
CMP9,VEL,12.839,-36.412,-0.848,0.113,0.093,0.389,v1.1,"Sylmar, California, United States"
CMPN,VEL,18.123,21.428,0.973,0.326,0.326,1.207,v1.1,"Vallenar, Atacama, Chile"
CN00,VEL,15.611,9.62,-0.885,0.084,0.082,0.365,v1.1,"Codrington, Barbuda, Antigua and Barbuda"
CN03,VEL,14.748,8.882,-0.103,0.101,0.088,0.457,v1.1,"Road Town, , Virgin Islands, British"
CN05,VEL,10.827,6.374,-0.015,0.118,0.13,0.505,v1.1,"Punta Cana, La Altagracia Province, Dominican Republic"
CN07,VEL,9.154,-4.919,-0.232,0.063,0.069,0.273,v1.1,"Monte Llano, Puerto Plata, Dominican Republic"
CN08,VEL,10.494,9.234,2.485,0.224,0.256,0.984,v1.1,"Pedernales, Pedernales Province, Dominican Republic"
CN09,VEL,4.72,-1.056,-1.593,0.086,0.091,0.373,v1.1,"Quartier Morin, Nord, Haiti"
CN11,VEL,7.885,9.629,-0.602,0.137,0.158,0.607,v1.1,"Southfield, St. Elizabeth, Jamaica"
CN12,VEL,7.452,6.66,-1.139,0.104,0.118,0.461,v1.1,"Mona Heights, Saint Andrew Parish, Jamaica"
CN13,VEL,5.419,-9.958,-0.112,0.137,0.143,0.574,v1.1,"Cockburn Town, San Salvador, Bahamas"
CN14,VEL,5.755,-8.097,-0.457,0.081,0.088,0.344,v1.1,"Matthew Town, Inagua, Bahamas"
CN15,VEL,3.937,-11.309,-1.79,0.115,0.115,0.467,v1.1,"Freeport, Freeport, Bahamas"
CN19,VEL,12.725,12.744,-0.674,0.059,0.07,0.257,v1.1,"Palm Beach, , Aruba"
CN20,VEL,9.715,16.496,-2.984,0.075,0.08,0.344,v1.1,"Bocas del Toro, Bocas del Toro Province, Panama"
CN22,VEL,9.783,-1.326,0.606,0.399,0.485,1.755,v1.1,"Corinto, Chinandega Department, Nicaragua"
CN23,VEL,0.769,-9.013,-1.17,0.129,0.153,0.629,v1.1,"Belmopan, Cayo District, Belize"
CN24,VEL,1.461,-8.015,-0.827,0.215,0.231,0.923,v1.1,"Felipe Carrillo Puerto, Quintana Roo, Mexico"
CN27,VEL,7.697,-5.316,-0.04,0.058,0.062,0.249,v1.1,"Cabrera, María Trinidad Sánchez, Dominican Republic"
CN28,VEL,13.492,18.502,-1.737,0.103,0.125,0.466,v1.1,"Contadora, Panamá, Panama"
CN30,VEL,5.834,11.336,-0.802,0.159,0.188,0.69,v1.1,"Bluefields, South Caribbean Coast, Nicaragua"
CN33,VEL,8.975,19.128,-3.233,0.329,0.415,1.498,v1.1,"Llano Marín, Coclé, Panama"
CN35,VEL,6.87,11.204,-0.434,0.271,0.34,1.257,v1.1,"Santa Isabel, San Andres y Providencia, Colombia"
CN36,VEL,9.658,18.168,-9.759,0.373,0.445,1.594,v1.1,"Cereté, Córdoba, Colombia"
CN37,VEL,12.293,10.42,0.733,0.062,0.074,0.268,v1.1,"Piojó, Atlántico, Colombia"
CN38,VEL,12.781,12.13,-2.399,0.089,0.105,0.391,v1.1,"Uribia, La Guajira Department, Colombia"
CN40,VEL,12.697,12.482,-0.099,0.074,0.088,0.343,v1.1,"Sint Michiel Liber, , Curacao"
CNCL,VEL,37.717,-17.105,3.139,0.137,0.103,0.461,v1.1,"Waikowhai, West Coast, New Zealand"
CNDN,VEL,-5.735,-11.896,-2.465,0.731,0.537,2.16,v1.1,"Dillon, Montana, United States"
CNDR,VEL,-2.887,-23.366,-1.354,0.308,0.248,1.073,v1.1,"French Camp, California, United States"
CNMR,VEL,12.844,-18.118,-0.764,0.119,0.124,0.526,v1.1,"Saipan, Saipan, Northern Mariana Islands"
CNPP,VEL,14.872,-35.574,-0.691,0.084,0.071,0.294,v1.1,"Corona, California, United States"
CNWM,VEL,-1.606,-14.031,0.559,0.237,0.206,0.902,v1.1,"Lebanon, Missouri, United States"
COAG,VEL,-7.302,-13.775,-1.686,0.083,0.073,0.293,v1.1,"Ejido Netzahualcóyotl, Baja California, Mexico"
COCO,VEL,52.581,43.717,-2.91,0.075,0.089,0.324,v1.1,"West Island, , Cocos (Keeling) Islands"
COKG,VEL,11.855,-32.126,1.405,0.204,0.178,0.707,v1.1,"Seeley, California, United States"
COLB,VEL,2.161,-15.388,-2.181,0.083,0.068,0.27,v1.1,"Grandview Heights, Ohio, United States"
COLO,VEL,16.532,15.036,-1.602,0.41,0.447,1.621,v1.1,"San Pedro de Atacama, Antofagasta, Chile"
CON2,VEL,-10.893,10.468,-1.783,0.208,0.166,1.009,v1.1,"Bluff, Southland, New Zealand"
CONO,VEL,3.066,-13.668,-1.125,0.1,0.089,0.37,v1.1,"Conover, North Carolina, United States"
CONT,VEL,20.437,3.779,-9.461,0.645,0.583,2.26,v1.1,"Concepción, Biobío, Chile"
CONZ,VEL,19.564,33.067,5.493,0.431,0.369,1.553,v1.1,"Concepción, Biobío, Chile"
COON,VEL,-8.658,-15.517,-0.509,0.061,0.046,0.226,v1.1,"Magna, Utah, United States"
COPO,VEL,19.239,22.053,-2.416,0.268,0.275,1.1,v1.1,"Copiapó, Atacama, Chile"
COPR,VEL,19.369,-41.56,0.334,0.076,0.064,0.263,v1.1,"Isla Vista, California, United States"
CORB,VEL,3.941,-14.522,-1.323,0.054,0.046,0.191,v1.1,"Passapatanzy, Virginia, United States"
CORC,VEL,-2.345,-12.09,-2.549,0.212,0.215,0.926,v1.1,"Corpus Christi, Texas, United States"
CORD,VEL,10.998,-1.559,1.136,0.096,0.087,0.358,v1.1,"Cuesta Blanca, Cordoba, Argentina"
CORM,VEL,38.944,4.357,-1.271,0.052,0.044,0.172,v1.1,"Whitianga, Waikato Region, New Zealand"
CORV,VEL,-5.302,-8.99,0.33,0.058,0.045,0.198,v1.1,"Corvallis, Oregon, United States"
CORX,VEL,20.445,-42.173,-1.898,0.077,0.067,0.271,v1.1,"La Esperanza [Granjas Familiares], Baja California, Mexico"
COSA,VEL,-6.773,-12.967,1.736,0.106,0.092,0.37,v1.1,"Scottsdale, Arizona, United States"
COSO,VEL,2.746,-16.701,-3.589,0.075,0.062,0.263,v1.1,"Inyokern, California, United States"
COT1,VEL,-7.362,-12.571,-0.506,0.08,0.069,0.287,v1.1,"South Tucson, Arizona, United States"
COTD,VEL,6.049,-26.725,-5.721,0.187,0.169,0.697,v1.1,"Palm Desert, California, United States"
COTE,VEL,-12.055,8.363,1.433,0.34,0.272,1.614,v1.1,"Bluff, Southland, New Zealand"
COUP,VEL,-8.601,-9.059,-0.054,0.147,0.104,0.431,v1.1,"Coupeville, Washington, United States"
COVX,VEL,4.631,-14.308,-1.79,0.082,0.072,0.284,v1.1,"Virginia Beach, Virginia, United States"
COYQ,VEL,9.576,-0.058,-0.326,0.144,0.112,0.462,v1.1,"Coyhaique, Aysén, Chile"
CPBN,VEL,2.346,-19.988,-0.565,0.088,0.074,0.299,v1.1,"Boron, California, United States"
CPCO,VEL,-7.819,-13.974,-0.38,0.084,0.068,0.314,v1.1,"Three Rivers, Oregon, United States"
CPUD,VEL,-8.356,-11.424,-4.975,0.178,0.127,0.528,v1.1,"Wenatchee, Washington, United States"
CPXF,VEL,-7.749,-9.903,-1.813,0.094,0.068,0.276,v1.1,"Eatonville, Washington, United States"
CPXX,VEL,-7.688,-9.823,-1.191,0.082,0.06,0.239,v1.1,"Eatonville, Washington, United States"
CRAM,VEL,-8.977,-15.605,-0.088,0.11,0.087,0.346,v1.1,"Beatty, Nevada, United States"
CRAO,VEL,12.314,24.401,-0.488,0.083,0.064,0.288,v1.1,"Simeiz, Crimea, Ukraine"
CRAR,VEL,-10.85,9.237,-0.175,0.056,0.044,0.273,v1.1,"Bluff, Southland, New Zealand"
CRAT,VEL,-8.575,-15.897,-0.589,0.144,0.126,0.561,v1.1,"Beatty, Nevada, United States"
CRBT,VEL,21.359,-38.503,0.758,0.095,0.078,0.323,v1.1,"San Miguel, California, United States"
CREU,VEL,16.164,20.144,-0.281,0.058,0.046,0.179,v1.1,"Cadaqués, Catalonia, Spain"
CRFP,VEL,8.157,-28.779,0.103,0.115,0.098,0.401,v1.1,"Mentone, California, United States"
CRGG,VEL,8.693,-31.4,-0.032,0.142,0.119,0.47,v1.1,"Taft Heights, California, United States"
CRHS,VEL,17.972,-39.009,0.312,0.084,0.072,0.317,v1.1,"Carson, California, United States"
CRO1,VEL,13.511,10.433,-1.038,0.079,0.091,0.389,v1.1,"Christiansted, Saint Croix Island, Virgin Islands, U.S."
CRRL,VEL,15.908,-24.658,-9.611,0.663,0.592,2.371,v1.1,"Algarrobo del Águila, La Pampa, Argentina"
CRRS,VEL,6.808,-24.994,-0.219,0.128,0.11,0.458,v1.1,"Westmorland, California, United States"
CRU1,VEL,22.915,-41.684,-0.281,0.045,0.039,0.155,v1.1,"Isla Vista, California, United States"
CSAR,VEL,19.746,22.322,0.266,0.051,0.045,0.189,v1.1,"Sdot Yam, Haifa, Israel"
CSCI,VEL,19.664,-40.224,-0.218,0.087,0.073,0.294,v1.1,"Camarillo, California, United States"
CSDH,VEL,17.683,-39.985,0.92,0.069,0.057,0.237,v1.1,"West Rancho Dominguez, California, United States"
CSKI,VEL,-8.277,-10.318,0.07,0.119,0.084,0.337,v1.1,"Kent, Washington, United States"
CSN1,VEL,15.934,-37.626,-1.293,0.103,0.087,0.358,v1.1,"Northridge, California, United States"
CSST,VEL,15.677,-40.454,-0.715,0.053,0.044,0.194,v1.1,"Oak View, California, United States"
CTDM,VEL,10.839,-35.068,2.46,0.113,0.095,0.387,v1.1,"Castaic, California, United States"
CTMS,VEL,0.317,-18.749,0.452,0.064,0.055,0.233,v1.1,"Joshua Tree, California, United States"
CUCU,VEL,14.887,3.812,-0.223,0.421,0.51,1.786,v1.1,"Cúcuta, Norte de Santander Department, Colombia"
CUHS,VEL,16.265,-40.322,-2.311,0.221,0.184,0.798,v1.1,"Taft Heights, California, United States"
CUIB,VEL,10.847,-1.998,2.213,0.073,0.081,0.303,v1.1,"Cuiabá, Mato Grosso, Brazil"
CUPR,VEL,14.203,8.945,-0.933,0.084,0.088,0.376,v1.1,"Culebra, Culebra, Puerto Rico"
CUSV,VEL,-9.369,25.258,-3.78,0.075,0.091,0.351,v1.1,"Pathum Wan, Bangkok, Thailand"
CVHS,VEL,12.696,-37.591,-2.374,0.208,0.176,0.739,v1.1,"Covina, California, United States"
CVMS,VEL,-0.35,-13.663,-2.041,0.12,0.102,0.459,v1.1,"Covington, Tennessee, United States"
CVO1,VEL,-6.622,-9.178,0.367,0.201,0.146,0.593,v1.1,"Mill Plain, Washington, United States"
DAEJ,VEL,-12.424,27.44,0.433,0.155,0.131,0.574,v1.1,"Songgangdong, Daejeon, Korea, Republic of"
DAKA,VEL,15.571,20.954,-0.763,0.636,0.743,2.901,v1.1,"Dakar, Dakar, Senegal"
DAKR,VEL,17.362,19.6,-0.488,0.095,0.102,0.419,v1.1,"Dakar, Dakar, Senegal"
DAM1,VEL,11.54,-38.33,0.73,0.376,0.366,1.601,v1.1,"Sylmar, California, United States"
DAM2,VEL,12.863,-36.468,0.116,0.05,0.05,0.225,v1.1,"Sylmar, California, United States"
DAM3,VEL,13.814,-36.501,0.004,0.081,0.081,0.367,v1.1,"Sylmar, California, United States"
DANE,VEL,20.384,-11.019,2.442,0.09,0.07,0.387,v1.1,"Siglufjörður, Northeast, Iceland"
DARR,VEL,59.596,35.688,-0.996,0.216,0.238,0.983,v1.1,"Humpty Doo, Northern Territory, Australia"
DARW,VEL,59.379,35.811,-1.028,0.039,0.043,0.176,v1.1,"Humpty Doo, Northern Territory, Australia"
DAV1,VEL,-5.137,-2.987,-1.426,0.091,0.067,0.311,v1.1,"Port-aux-Français, Kerguelen, French Southern Territories"
DCUT,VEL,-8.097,-14.058,0.279,0.092,0.076,0.318,v1.1,"Midway, Utah, United States"
DDMN,VEL,-2.258,-21.029,0.962,0.154,0.125,0.525,v1.1,"Mammoth Lakes, California, United States"
DDSN,VEL,-4.907,-12.926,-0.168,0.042,0.032,0.133,v1.1,"Myrtle Creek, Oregon, United States"
DEAR,VEL,18.972,16.706,1.073,0.083,0.079,0.309,v1.1,"De Aar, Northern Cape, South Africa"
DECH,VEL,-2.026,-22.029,-1.268,0.096,0.077,0.321,v1.1,"Bridgeport, California, United States"
DEFI,VEL,1.978,-16.26,-1.861,0.133,0.107,0.437,v1.1,"Defiance, Ohio, United States"
DENT,VEL,16.139,17.485,-0.455,0.068,0.049,0.197,v1.1,"Wakken, Flanders, Belgium"
DESC,VEL,16.613,-39.911,-1.588,0.101,0.088,0.35,v1.1,"Descanso, California, United States"
DET1,VEL,1.217,-15.422,-1.242,0.088,0.069,0.29,v1.1,"River Rouge, Michigan, United States"
DEVI,VEL,-11.777,6.964,1.222,0.092,0.082,0.538,v1.1,"Bluff, Southland, New Zealand"
DGAR,VEL,33.106,46.605,-0.194,0.05,0.057,0.223,v1.1,"Hithadhoo, Seenu, Maldives"
DGAV,VEL,33.165,46.446,-0.479,0.214,0.245,0.965,v1.1,"Hithadhoo, Seenu, Maldives"
DGJG,VEL,18.781,-14.343,1.799,0.131,0.095,0.491,v1.1,"Ísafjörður, Westfjords, Iceland"
DHLG,VEL,-1.082,-22.927,-0.444,0.087,0.074,0.304,v1.1,"Salton City, California, United States"
DIAB,VEL,0.174,-23.887,0.7,0.079,0.059,0.308,v1.1,"Blackhawk, California, United States"
DIXN,VEL,-3.369,-23.199,-2.573,0.097,0.08,0.331,v1.1,"Dixon, California, United States"
DKSG,VEL,8.776,-21.702,13.288,0.08,0.063,0.367,v1.1,"Upernavik, Avannaata, Greenland"
DLF1,VEL,16.122,17.511,0.227,0.458,0.329,1.283,v1.1,"Delft, South Holland, Netherlands"
DLFT,VEL,15.619,17.656,-0.892,0.101,0.074,0.297,v1.1,"Delft, South Holland, Netherlands"
DLNO,VEL,0.755,-24.78,-7.584,0.34,0.287,1.159,v1.1,"Delano, California, United States"
DLUZ,VEL,17.375,-38.421,-1.497,0.086,0.073,0.287,v1.1,"Fallbrook, California, United States"
DNRC,VEL,4.462,-14.893,-2.143,0.091,0.077,0.292,v1.1,"Dover, Delaware, United States"
DNVK,VEL,29.513,-16.584,-2.719,0.234,0.191,0.739,v1.1,"Dannevirke, Manawatu-Wanganui, New Zealand"
DOAR,VEL,14.382,3.218,-10.982,0.459,0.527,2.256,v1.1,"Dos Arroyos, Guerrero, Mexico"
DODM,VEL,17.504,23.746,-0.74,0.295,0.341,1.271,v1.1,"Dodoma, Dodoma, Tanzania, United Republic of"
DOND,VEL,-2.919,-22.586,0.503,0.183,0.136,0.61,v1.1,"Coarsegold, California, United States"
DONO,VEL,-1.789,-21.888,1.568,0.257,0.218,0.929,v1.1,"Yokuts Valley, California, United States"
DOUR,VEL,15.969,18.403,0.329,0.054,0.04,0.155,v1.1,"Nismes, Wallonia, Belgium"
DQUA,VEL,-1.849,-13.566,-1.234,0.168,0.153,0.637,v1.1,"De Queen, Arkansas, United States"
DRAG,VEL,20.312,23.071,3.005,0.026,0.023,0.097,v1.1,"Za‘tarah, West Bank, Palestinian Territory"
DRAO,VEL,-10.211,-13.015,0.323,0.072,0.05,0.208,v1.1,"Okanagan Falls, British Columbia, Canada"
DREJ,VEL,16.675,19.893,0.424,0.268,0.195,0.788,v1.1,"Dresden, Saxony, Germany"
DRES,VEL,15.362,19.669,0.151,0.15,0.11,0.433,v1.1,"Dresden, Saxony, Germany"
DREW,VEL,7.367,-24.021,-3.97,0.949,0.796,3.41,v1.1,"Kettleman City, California, United States"
DRV1,VEL,5.412,-13.734,-2.611,0.192,0.163,0.685,v1.1,"Carrollton, Virginia, United States"
DS13,VEL,-3.688,-15.854,-0.097,0.164,0.141,0.576,v1.1,"Fort Irwin, California, United States"
DSEA,VEL,21.485,24.364,-0.699,0.088,0.082,0.353,v1.1,"Safi, Karak, Jordan"
DSHS,VEL,17.245,-36.86,-0.39,0.196,0.169,0.71,v1.1,"Mid-City, California, United States"
DSME,VEL,17.534,-39.415,-1.351,0.094,0.08,0.329,v1.1,"Encinitas, California, United States"
DSRC,VEL,-6.203,-14.755,-1.945,0.049,0.04,0.161,v1.1,"Boulder, Colorado, United States"
DSSC,VEL,9.247,-28.716,0.291,0.065,0.063,0.278,v1.1,"Idyllwild, California, United States"
DUBO,VEL,-4.238,-17.473,0.618,0.045,0.031,0.135,v1.1,"Lac du Bonnet, Manitoba, Canada"
DUBP,VEL,3.509,-27.615,0.888,0.557,0.444,1.816,v1.1,"Pleasanton, California, United States"
DUBR,VEL,17.942,23.045,-1.54,0.292,0.23,0.923,v1.1,"Dubrovnik, Dubrovnik-Neretva, Croatia"
DUCK,VEL,4.164,-13.677,-1.762,0.429,0.368,1.664,v1.1,"Southern Shores, North Carolina, United States"
DUM1,VEL,-11.822,7.872,-0.642,0.089,0.062,0.303,v1.1,"Geeveston, Tasmania, Australia"
DUND,VEL,30.719,-32.787,-1.931,0.134,0.101,0.392,v1.1,"Macandrew Bay, Otago, New Zealand"
DUNT,VEL,30.911,-33.047,-1.395,0.153,0.117,0.467,v1.1,"Port Chalmers, Otago, New Zealand"
DUPT,VEL,10.473,12.618,8.729,0.154,0.098,0.473,v1.1,"Puerto Williams, Region of Magallanes, Chile"
DUTC,VEL,-21.533,-7.402,3.143,0.119,0.087,0.353,v1.1,"Dutch Harbor, Alaska, United States"
DVLE,VEL,13.889,-33.443,2.197,0.222,0.19,0.782,v1.1,"Hemet, California, United States"
DVLS,VEL,12.208,-34.526,-0.542,0.155,0.126,0.575,v1.1,"Winchester, California, United States"
DVLW,VEL,13.527,-34.976,0.505,0.116,0.096,0.414,v1.1,"Winchester, California, United States"
DVNE,VEL,12.359,-34.543,-4.933,0.299,0.293,1.329,v1.1,"Hemet, California, United States"
DVNW,VEL,14.67,-35.186,-11.772,0.554,0.461,2.115,v1.1,"Winchester, California, United States"
DVPB,VEL,9.23,-31.267,0.619,0.056,0.044,0.192,v1.1,"Littlerock, California, United States"
DVSE,VEL,12.552,-37.822,-5.284,0.351,0.317,1.512,v1.1,"Hemet, California, United States"
DVSW,VEL,12.924,-34.862,-9.422,0.538,0.484,2.141,v1.1,"Winchester, California, United States"
DWH1,VEL,-8.696,-10.373,-3.161,0.49,0.378,2.038,v1.1,"Cottage Lake, Washington, United States"
DYER,VEL,-7.033,-16.796,0.421,0.185,0.154,0.623,v1.1,"Dixon Lane-Meadow Creek, California, United States"
DYH2,VEL,16.411,-38.933,-1.528,0.181,0.154,0.611,v1.1,"Downey, California, United States"
DYHS,VEL,16.07,-42.437,-0.333,0.155,0.137,0.585,v1.1,"Downey, California, United States"
DYNG,VEL,-12.233,7.213,0.369,0.118,0.099,0.389,v1.1,"Néa Mákri, Attica, Greece"
EBBE,VEL,16.014,25.087,-4.214,0.494,0.6,2.198,v1.1,"Entebbe, Central Region, Uganda"
EBMD,VEL,13.308,-30.916,-1.19,0.22,0.177,0.695,v1.1,"Emeryville, California, United States"
EBRE,VEL,16.105,19.883,-0.282,0.038,0.03,0.124,v1.1,"Tortosa, Catalonia, Spain"
ECCO,VEL,19.206,-37.219,1.922,0.278,0.227,1.009,v1.1,"Alondra Park, California, United States"
ECFS,VEL,15.945,-36.676,-0.892,0.1,0.084,0.334,v1.1,"Lakeland Village, California, United States"
ECHO,VEL,-9.038,-16.033,-0.601,0.047,0.038,0.148,v1.1,"Pioche, Nevada, United States"
ECSD,VEL,-3.041,-15.804,-3.171,0.086,0.066,0.261,v1.1,"Garretson, South Dakota, United States"
EDOC,VEL,-19.071,-8.852,-5.186,0.096,0.067,0.35,v1.1,"Prudhoe Bay, Alaska, United States"
EDPP,VEL,5.272,-28.073,0.82,0.092,0.075,0.316,v1.1,"Lebec, California, United States"
EGAN,VEL,-9.65,-16.47,-0.257,0.06,0.048,0.194,v1.1,"Ely, Nevada, United States"
EIL1,VEL,-23.66,-6.297,3.28,0.167,0.114,0.522,v1.1,"Eielson Air Force Base, Alaska, United States"
EIL2,VEL,-23.566,-6.134,2.118,0.259,0.18,0.811,v1.1,"Eielson Air Force Base, Alaska, United States"
EISL,VEL,-6.372,67.962,-1.479,0.155,0.149,0.705,v1.1,"Hanga Roa, Valparaíso, Chile"
EKY1,VEL,1.272,-13.282,-2.698,0.482,0.485,2.044,v1.1,"Anna Maria, Florida, United States"
ELA2,VEL,14.749,-22.721,-0.307,0.321,0.283,1.146,v1.1,"Malargüe, Mendoza, Argentina"
ELAT,VEL,21.218,25.263,0.462,0.089,0.087,0.387,v1.1,"Eilat, Southern District, Israel"
ELEN,VEL,0.994,-7.455,1.122,0.114,0.129,0.497,v1.1,"Flores, Petén, Guatemala"
ELIZ,VEL,-7.736,-6.644,2.355,0.134,0.092,0.426,v1.1,"Port McNeill, British Columbia, Canada"
ELKO,VEL,-9.632,-17.212,0.125,0.063,0.048,0.191,v1.1,"Elko, Nevada, United States"
ELLY,VEL,18.731,-38.746,-3.408,0.145,0.129,0.558,v1.1,"Huntington Beach, California, United States"
ELRO,VEL,22.75,22.426,0.342,0.084,0.072,0.324,v1.1,"Buq‘ātā, Quneitra, Syrian Arab Republic"
ELSC,VEL,13.69,-37.888,-1.682,0.052,0.048,0.2,v1.1,"Boyle Heights, California, United States"
ELSG,VEL,16.184,-36.643,-1.069,0.166,0.142,0.574,v1.1,"Lakeland Village, California, United States"
ELSR,VEL,-8.051,-8.358,-0.472,0.242,0.172,0.701,v1.1,"Belfair, Washington, United States"
ELTN,VEL,7.634,-27.813,0.737,0.167,0.142,0.562,v1.1,"Green Valley, California, United States"
ELTS,VEL,10.972,-30.844,-1.216,0.359,0.292,1.188,v1.1,"Green Valley, California, United States"
ENG1,VEL,-1.29,-12.277,-1.489,0.151,0.141,0.599,v1.1,"Violet, Louisiana, United States"
ENUM,VEL,-8.002,-10.222,-2.101,0.238,0.166,0.701,v1.1,"Enumclaw, Washington, United States"
EOUT,VEL,-8.91,-14.91,0.051,0.052,0.04,0.23,v1.1,"Ogden, Utah, United States"
EPRT,VEL,7.124,-15.48,-0.333,0.105,0.08,0.336,v1.1,"Eastport, Maine, United States"
EPZA,VEL,23.614,13.07,-4.495,0.12,0.145,0.538,v1.1,"Nicoya, Guanacaste Province, Costa Rica"
ERLA,VEL,1.324,-14.656,0.086,0.18,0.145,0.583,v1.1,"Erlanger, Kentucky, United States"
ERRG,VEL,6.155,-28.32,-0.391,0.145,0.125,0.508,v1.1,"Westmorland, California, United States"
ESCO,VEL,16.484,19.369,-0.084,0.048,0.036,0.151,v1.1,"Espot, Catalonia, Spain"
ESCU,VEL,8.114,-15.644,-0.678,0.066,0.049,0.195,v1.1,"Baie Ste. Anne, New Brunswick, Canada"
ESE2,VEL,13.559,-33.585,1.296,0.298,0.243,1.052,v1.1,"Hemet, California, United States"
ESRW,VEL,13.0,-34.689,-0.199,0.185,0.163,0.715,v1.1,"Winchester, California, United States"
ESTI,VEL,13.666,14.841,4.556,0.614,0.734,2.811,v1.1,"Estelí, Estelí Department, Nicaragua"
EUSK,VEL,16.673,18.412,-1.367,0.064,0.047,0.187,v1.1,"Euskirchen, North Rhine-Westphalia, Germany"
EWPP,VEL,11.865,-34.098,-0.487,0.091,0.076,0.357,v1.1,"Rancho Cucamonga, California, United States"
FAA1,VEL,34.228,-65.822,-1.239,0.064,0.071,0.272,v1.1,"Faaa, Îles du Vent, French Polynesia"
FAIR,VEL,-21.854,-8.321,0.331,0.107,0.065,0.333,v1.1,"Badger, Alaska, United States"
FALE,VEL,33.269,-63.713,-2.107,0.055,0.065,0.243,v1.1,"Satapuala, A'ana, Samoa"
FALK,VEL,13.098,0.196,-0.601,0.076,0.054,0.233,v1.1,"Stanley, , Falkland Islands (Malvinas)"
FALL,VEL,-5.053,12.031,4.483,0.083,0.082,0.559,v1.1,"Waitangi, Chatham Islands, New Zealand"
FARB,VEL,25.659,-38.966,-1.897,0.046,0.037,0.158,v1.1,"Bolinas, California, United States"
FAYR,VEL,4.04,-13.283,-1.38,0.444,0.395,1.734,v1.1,"Fayetteville, North Carolina, United States"
FBYN,VEL,-2.74,-14.047,1.543,0.201,0.165,0.666,v1.1,"Fairbury, Nebraska, United States"
FDTC,VEL,5.579,-5.824,3.415,0.493,0.48,2.341,v1.1,"Florence, South Carolina, United States"
FEI1,VEL,-3.674,-11.952,2.451,0.584,0.545,2.288,v1.1,"Windcrest, Texas, United States"
FERN,VEL,-8.071,-14.293,-0.497,0.04,0.033,0.135,v1.1,"Williams, Arizona, United States"
FFMJ,VEL,15.846,19.162,-0.718,0.067,0.049,0.191,v1.1,"Frankfurt am Main, Hesse, Germany"
FGST,VEL,19.768,-41.69,0.718,0.032,0.027,0.11,v1.1,"Los Olivos, California, United States"
FHOG,VEL,6.085,-25.794,0.866,0.083,0.058,0.281,v1.1,"Yucaipa, California, United States"
FIE0,VEL,-10.942,10.144,-1.008,0.453,0.347,2.149,v1.1,"Bluff, Southland, New Zealand"
FLIN,VEL,-7.021,-17.695,2.221,0.064,0.043,0.188,v1.1,"Flin Flon, Manitoba, Canada"
FLM5,VEL,-12.374,8.304,2.386,0.528,0.422,2.6,v1.1,"Bluff, Southland, New Zealand"
FLRS,VEL,20.243,-10.212,-1.973,0.048,0.037,0.154,v1.1,"Santa Cruz das Flores, Azores, Portugal"
FMTP,VEL,14.688,-37.75,-0.391,0.08,0.067,0.27,v1.1,"Fillmore, California, United States"
FMVT,VEL,17.995,-39.029,0.259,0.102,0.087,0.346,v1.1,"Fillmore, California, United States"
FONP,VEL,7.271,15.305,13.906,0.25,0.169,0.806,v1.1,"Puerto Williams, Region of Magallanes, Chile"
FOOT,VEL,-9.151,-16.387,-0.295,0.043,0.035,0.144,v1.1,"McGill, Nevada, United States"
FORE,VEL,-8.338,-14.505,-0.004,0.085,0.066,0.265,v1.1,"Heber City, Utah, United States"
FORT,VEL,12.644,-4.232,-1.746,0.164,0.184,0.799,v1.1,"Eusébio, Ceará, Brazil"
FOXG,VEL,6.973,-25.547,-3.464,0.266,0.225,0.905,v1.1,"Quartz Hill, California, United States"
FRDN,VEL,7.264,-15.7,0.168,0.046,0.034,0.138,v1.1,"Fredericton, New Brunswick, Canada"
FRED,VEL,-8.53,-14.297,-0.593,0.049,0.041,0.162,v1.1,"Fredonia, Arizona, United States"
FREO,VEL,2.294,-15.097,-1.267,0.078,0.063,0.262,v1.1,"Dennison, Ohio, United States"
FSHB,VEL,11.582,-32.294,1.964,0.117,0.101,0.475,v1.1,"Seeley, California, United States"
FST1,VEL,-2.403,-19.053,-4.123,0.228,0.202,0.852,v1.1,"Parks, Arizona, United States"
FTNA,VEL,34.406,-60.076,-1.78,0.08,0.089,0.349,v1.1,"Alo, Alo, Wallis and Futuna"
FTS1,VEL,-3.876,-4.067,1.438,0.177,0.126,0.534,v1.1,"Warrenton, Oregon, United States"
FUNC,VEL,17.597,14.508,-0.677,0.084,0.071,0.312,v1.1,"Santa Luzia, Madeira, Portugal"
FVPK,VEL,19.212,-38.007,-0.701,0.161,0.137,0.557,v1.1,"Costa Mesa, California, United States"
FXHS,VEL,14.173,-40.899,-1.713,0.16,0.137,0.628,v1.1,"West Hollywood, California, United States"
FZHS,VEL,8.277,-32.056,1.117,0.08,0.067,0.282,v1.1,"Lebec, California, United States"
G102,VEL,-18.067,19.942,-0.71,0.309,0.253,1.104,v1.1,"Okushiri, Hokkaido, Japan"
G104,VEL,-24.37,46.026,0.599,0.422,0.331,1.46,v1.1,"Oga, Akita, Japan"
G105,VEL,-16.72,48.523,-2.705,0.515,0.416,1.686,v1.1,"Tsuruoka, Yamagata, Japan"
G107,VEL,-0.525,-0.911,6.555,0.35,0.304,1.298,v1.1,"Katsuura, Chiba, Japan"
G109,VEL,-12.594,49.937,4.04,0.524,0.423,1.695,v1.1,"Sado, Niigata, Japan"
G110,VEL,-8.077,44.272,3.805,0.525,0.421,1.687,v1.1,"Kashiwazaki, Niigata, Japan"
G112,VEL,-9.586,30.216,-1.882,0.516,0.43,1.791,v1.1,"Mikuni, Fukui, Japan"
G114,VEL,-4.56,-4.21,1.014,0.553,0.464,2.186,v1.1,"Nishina, Shizuoka, Japan"
G115,VEL,-2.684,1.3,-2.988,0.265,0.221,0.905,v1.1,"Yaizu, Shizuoka, Japan"
G117,VEL,-6.736,9.57,5.505,0.339,0.262,1.159,v1.1,"Kainan, Wakayama, Japan"
G118,VEL,-8.731,27.481,-2.284,0.499,0.39,1.715,v1.1,"Iwai, Tottori, Japan"
G119,VEL,-8.044,24.564,-1.711,0.303,0.245,1.124,v1.1,"Abu, Yamaguchi, Japan"
G120,VEL,3.21,-0.928,7.57,0.532,0.501,2.247,v1.1,"Susaki, Kochi, Japan"
G121,VEL,-10.58,27.729,3.092,0.564,0.492,2.282,v1.1,"Moroura, Saga, Japan"
G122,VEL,-8.708,12.106,2.319,0.547,0.433,1.945,v1.1,"Hyūga, Miyazaki, Japan"
G124,VEL,-39.668,35.44,1.093,0.258,0.234,0.994,v1.1,"Nanjō, Okinawa, Japan"
G201,VEL,-8.313,10.573,2.38,0.29,0.212,0.843,v1.1,"Wakkanai, Hokkaido, Japan"
G202,VEL,-0.301,-7.512,4.755,0.296,0.219,0.898,v1.1,"Abashiri, Hokkaido, Japan"
G203,VEL,5.915,-17.545,0.491,0.281,0.211,0.83,v1.1,"Kushiro, Hokkaido, Japan"
G204,VEL,-18.959,12.334,6.474,0.286,0.213,0.86,v1.1,"Hakodate, Hokkaido, Japan"
G206,VEL,12.788,-4.561,3.12,0.348,0.289,1.209,v1.1,"Tateyama, Chiba, Japan"
G207,VEL,-8.932,35.616,-1.138,0.529,0.423,1.721,v1.1,"Toyama, Toyama, Japan"
G208,VEL,-2.664,-6.224,-0.593,0.288,0.231,1.035,v1.1,"Kushimoto, Wakayama, Japan"
G209,VEL,-8.348,24.819,-1.294,0.301,0.237,1.184,v1.1,"Hamada, Shimane, Japan"
G211,VEL,-19.109,27.969,-1.606,0.499,0.516,2.344,v1.1,"Nichinan, Miyazaki, Japan"
G212,VEL,-39.261,35.2,0.34,0.257,0.26,1.143,v1.1,"Naha, Okinawa, Japan"
GABB,VEL,-8.838,-16.442,0.705,0.187,0.15,0.643,v1.1,"Hawthorne, Nevada, United States"
GAIT,VEL,3.887,-14.639,-0.544,0.069,0.058,0.243,v1.1,"Gaithersburg, Maryland, United States"
GAL1,VEL,-3.02,-11.375,-4.214,0.213,0.202,0.829,v1.1,"Galveston, Texas, United States"
GALA,VEL,11.215,51.387,-1.478,0.18,0.208,0.841,v1.1,"Puerto Ayora, Galápagos, Ecuador"
GALB,VEL,1.322,-14.892,-1.496,0.112,0.093,0.403,v1.1,"Elmwood Place, Ohio, United States"
GANP,VEL,13.703,20.68,-0.176,0.104,0.077,0.302,v1.1,"Spisska Sobota, Prešov Region, Slovakia"
GARL,VEL,-7.61,-17.777,-0.817,0.052,0.04,0.17,v1.1,"Fernley, Nevada, United States"
GASB,VEL,-4.529,-22.272,1.934,0.411,0.306,2.009,v1.1,"Rancho Tehama Reserve, California, United States"
GDAC,VEL,-4.006,-14.314,-0.2,0.182,0.156,0.645,v1.1,"Syracuse, Kansas, United States"
GDEC,VEL,14.075,-35.467,-0.032,0.079,0.064,0.269,v1.1,"Taft Heights, California, United States"
GDMA,VEL,-2.111,-17.483,-0.573,0.113,0.082,0.34,v1.1,"Grand Marais, Minnesota, United States"
GENO,VEL,15.884,20.883,-0.459,0.055,0.044,0.188,v1.1,"Genoa, Liguria, Italy"
GHRP,VEL,8.238,-30.155,0.238,0.126,0.109,0.448,v1.1,"Muscoy, California, United States"
GILB,VEL,20.562,22.162,1.248,0.086,0.076,0.329,v1.1,"Faqqū‘ah, West Bank, Palestinian Territory"
GISB,VEL,22.879,-6.979,0.489,0.259,0.219,0.863,v1.1,"Manutuke, Gisborne, New Zealand"
GLDB,VEL,41.927,-0.936,-1.146,0.119,0.094,0.373,v1.1,"Takaka, Tasman District, New Zealand"
GLDR,VEL,-8.424,-6.735,2.756,0.274,0.223,1.038,v1.1,"Tofino, British Columbia, Canada"
GLPS,VEL,10.682,50.457,-1.3,0.042,0.048,0.177,v1.1,"Puerto Ayora, Galápagos, Ecuador"
GLPT,VEL,4.188,-14.251,-1.885,0.122,0.106,0.451,v1.1,"Gloucester Point, Virginia, United States"
GLRS,VEL,-7.985,-16.982,-0.7,0.084,0.073,0.298,v1.1,"Niland, California, United States"
GLSV,VEL,12.817,22.599,-0.177,0.079,0.057,0.226,v1.1,"Khotiv, Kiev, Ukraine"
GMAG,VEL,-0.4,-17.646,1.145,0.124,0.106,0.427,v1.1,"Joshua Tree, California, United States"
GMAS,VEL,17.605,16.762,-0.239,0.19,0.173,0.729,v1.1,"Maspalomas, Canary Islands, Spain"
GMMA,VEL,20.098,-10.908,4.811,0.042,0.034,0.206,v1.1,"Siglufjörður, Northeast, Iceland"
GMPK,VEL,-7.564,-14.09,-0.269,0.074,0.065,0.269,v1.1,"Los Algodones, Baja California, Mexico"
GMRC,VEL,-8.885,-15.058,-0.497,0.08,0.067,0.335,v1.1,"Twentynine Palms, California, United States"
GMSD,VEL,-23.063,31.07,0.126,0.112,0.101,0.415,v1.1,"Nōkan, Kagoshima, Japan"
GNAA,VEL,-5.965,-19.553,7.19,0.282,0.211,1.001,v1.1,"Valdez, Alaska, United States"
GNPS,VEL,-7.992,-13.871,1.331,0.092,0.08,0.318,v1.1,"Cienega Springs, Arizona, United States"
GOBS,VEL,-8.862,-11.613,-1.213,0.045,0.033,0.134,v1.1,"Goldendale, Washington, United States"
GODE,VEL,4.197,-14.655,-1.284,0.022,0.019,0.077,v1.1,"Glenn Dale, Maryland, United States"
GODN,VEL,4.206,-14.594,-1.507,0.064,0.055,0.226,v1.1,"Glenn Dale, Maryland, United States"
GODS,VEL,4.528,-14.725,-1.812,0.114,0.093,0.375,v1.1,"Glenn Dale, Maryland, United States"
GODZ,VEL,4.249,-14.651,-1.426,0.031,0.027,0.11,v1.1,"Glenn Dale, Maryland, United States"
GOGA,VEL,1.917,-13.604,-0.344,0.165,0.144,0.678,v1.1,"Eatonton, Georgia, United States"
GOL2,VEL,-3.821,-16.946,-0.232,0.074,0.063,0.276,v1.1,"Fort Irwin, California, United States"
GOLD,VEL,-3.612,-16.927,-0.272,0.05,0.042,0.175,v1.1,"Fort Irwin, California, United States"
GOPE,VEL,15.043,20.403,0.352,0.036,0.026,0.107,v1.1,"Ondřejov, Central Bohemia, Czech Republic"
GOSH,VEL,-9.361,-16.757,-0.399,0.022,0.018,0.072,v1.1,"West Wendover, Nevada, United States"
GOUG,VEL,18.779,21.362,-1.11,0.285,0.229,1.144,v1.1,"Edinburgh of the Seven Seas, Tristan da Cunha, Saint Helena"
GR8R,VEL,-0.19,-21.129,1.184,0.203,0.168,0.747,v1.1,"Coalinga, California, United States"
GR8V,VEL,-5.042,-24.748,-2.336,0.327,0.273,1.172,v1.1,"Coalinga, California, United States"
GRAB,VEL,15.747,21.335,-0.032,0.415,0.306,1.21,v1.1,"Ries, Styria, Austria"
GRAR,VEL,0.608,-16.266,-1.882,0.067,0.053,0.22,v1.1,"Grand Rapids, Michigan, United States"
GRAS,VEL,16.076,20.399,-0.02,0.032,0.025,0.099,v1.1,"Le Bar-sur-Loup, Provence-Alpes-Côte d'Azur, France"
GRAZ,VEL,15.553,21.849,-0.195,0.068,0.051,0.202,v1.1,"Ries, Styria, Austria"
GRE0,VEL,15.251,13.308,-1.688,0.123,0.152,0.538,v1.1,"Sauteurs, Saint Patrick Parish, Grenada"
GRMD,VEL,-6.825,-8.594,-1.102,0.151,0.11,0.456,v1.1,"Grand Mound, Washington, United States"
GRN5,VEL,22.833,-38.433,-1.797,0.251,0.205,0.869,v1.1,"Greenfield, California, United States"
GRNR,VEL,-20.545,-9.998,3.707,0.121,0.083,0.381,v1.1,"Healy, Alaska, United States"
GROK,VEL,18.845,-12.486,8.375,0.196,0.167,0.992,v1.1,"Ísafjörður, Westfjords, Iceland"
GRRG,VEL,-9.205,-15.813,-0.699,0.099,0.077,0.31,v1.1,"Conda, Idaho, United States"
GRZA,VEL,30.724,22.001,-11.715,0.181,0.219,0.803,v1.1,"Sámara, Guanacaste Province, Costa Rica"
GTK0,VEL,6.086,-8.19,-2.227,0.147,0.165,0.661,v1.1,"Cockburn Town, , Turks and Caicos Islands"
GTRG,VEL,-9.529,-16.77,-1.125,0.069,0.053,0.208,v1.1,"Arco, Idaho, United States"
GUAM,VEL,4.526,-7.745,-0.332,0.057,0.062,0.278,v1.1,"Chaguian, Yigo, Guam"
GUAO,VEL,5.502,32.37,1.214,0.067,0.052,0.207,v1.1,"Huoche Xizhan, Xinjiang, China"
GUAT,VEL,1.103,3.168,-1.019,0.077,0.092,0.333,v1.1,"Santa Catarina Pinula, Guatemala, Guatemala"
GUAX,VEL,24.834,-47.718,-0.828,0.055,0.052,0.208,v1.1,"El Rosario de Arriba, Baja California, Mexico"
GUS1,VEL,-14.369,-13.293,19.324,0.414,0.271,1.169,v1.1,"Haines, Alaska, United States"
GUS2,VEL,-13.552,-11.662,19.383,0.202,0.132,0.582,v1.1,"Haines, Alaska, United States"
GUST,VEL,2.556,-15.53,-1.771,0.077,0.062,0.248,v1.1,"Cortland, Ohio, United States"
GUUG,VEL,4.46,-6.822,-1.347,0.093,0.103,0.414,v1.1,"Mangilao Village, Mangilao, Guam"
GVLT,VEL,2.08,-13.28,-1.716,0.147,0.131,0.539,v1.1,"Greenville, South Carolina, United States"
GVRS,VEL,13.799,-37.718,-1.213,0.101,0.086,0.344,v1.1,"Monterey Park, California, United States"
GWEN,VEL,-8.891,-10.27,-0.249,0.18,0.128,0.562,v1.1,"White Salmon, Washington, United States"
HAAS,VEL,40.574,-13.433,0.784,0.108,0.086,0.355,v1.1,"Lake Hawea, Otago, New Zealand"
HAL1,VEL,34.055,-61.895,-1.007,0.242,0.255,0.999,v1.1,"Kēōkea, Hawaii, United States"
HALY,VEL,23.727,26.777,0.027,0.347,0.32,1.414,v1.1,"Ad Dīsah, Aqaba, Jordan"
HAMM,VEL,-0.416,-12.251,-1.245,0.049,0.047,0.186,v1.1,"Hammond, Louisiana, United States"
HAMT,VEL,39.257,1.707,-1.191,0.114,0.096,0.377,v1.1,"Temple View, Waikato Region, New Zealand"
HAR7,VEL,2.435,-19.228,-3.471,0.299,0.256,0.975,v1.1,"Lenwood, California, United States"
HARB,VEL,18.507,17.672,-0.207,0.058,0.057,0.234,v1.1,"Orient Hills, Gauteng, South Africa"
HARK,VEL,20.267,20.547,0.675,0.664,0.681,3.107,v1.1,"Orient Hills, Gauteng, South Africa"
HART,VEL,19.599,17.255,-2.192,0.339,0.388,1.445,v1.1,"Orient Hills, Gauteng, South Africa"
HARV,VEL,24.307,-42.748,-3.102,0.068,0.059,0.247,v1.1,"Lompoc, California, United States"
HAV2,VEL,3.519,-6.077,28.425,0.361,0.416,1.555,v1.1,"Bamboo Flat, Andaman and Nicobar, India"
HBCO,VEL,19.088,-38.231,-0.858,0.17,0.145,0.61,v1.1,"Wilmington, California, United States"
HBRK,VEL,-3.29,-13.971,0.495,0.09,0.075,0.307,v1.1,"Hillsboro, Kansas, United States"
HCES,VEL,-0.294,-13.7,0.161,0.114,0.102,0.446,v1.1,"Troy, Tennessee, United States"
HCMN,VEL,-5.328,-18.546,-0.28,0.096,0.081,0.322,v1.1,"Fort Irwin, California, United States"
HCRO,VEL,-6.382,-19.074,0.074,0.056,0.043,0.171,v1.1,"Burney, California, United States"
HDF1,VEL,-8.569,-16.679,-1.836,0.194,0.149,0.629,v1.1,"Fort Edward, New York, United States"
HDIL,VEL,0.288,-15.517,-1.431,0.112,0.092,0.394,v1.1,"Heritage Lake, Illinois, United States"
HDPW,VEL,-23.217,-9.022,8.852,0.222,0.153,0.661,v1.1,"Homer, Alaska, United States"
HEBE,VEL,-8.789,-14.947,1.068,0.281,0.225,1.05,v1.1,"Heber City, Utah, United States"
HELB,VEL,-0.31,-21.432,-1.175,0.225,0.196,0.864,v1.1,"Yokuts Valley, California, United States"
HELG,VEL,15.862,18.002,0.037,0.068,0.048,0.195,v1.1,"Helgoland, Schleswig-Holstein, Germany"
HELJ,VEL,16.386,17.54,0.29,0.442,0.308,1.286,v1.1,"Helgoland, Schleswig-Holstein, Germany"
HELL,VEL,-7.703,-15.918,-0.043,0.472,0.393,1.602,v1.1,"Beatty, Nevada, United States"
HERS,VEL,16.58,17.047,-0.235,0.044,0.032,0.124,v1.1,"Herstmonceux, England, United Kingdom"
HERT,VEL,16.451,17.146,-0.163,0.096,0.069,0.275,v1.1,"Herstmonceux, England, United Kingdom"
HFLK,VEL,16.66,20.981,1.841,0.099,0.073,0.3,v1.1,"Mühlau, Tyrol, Austria"
HIKB,VEL,20.052,6.416,-0.131,0.066,0.056,0.226,v1.1,"Hicks Bay, Gisborne, New Zealand"
HIL1,VEL,57.38,38.686,-3.017,0.079,0.073,0.296,v1.1,"Sorrento, Western Australia, Australia"
HILB,VEL,3.628,-14.01,-1.042,0.098,0.086,0.347,v1.1,"Hillsborough, North Carolina, United States"
HILO,VEL,35.494,-62.199,-1.757,0.094,0.103,0.393,v1.1,"Hilo, Hawaii, United States"
HIPT,VEL,3.308,-14.024,-1.226,0.042,0.037,0.145,v1.1,"High Point, North Carolina, United States"
HIVI,VEL,4.573,-23.346,-0.254,0.095,0.083,0.36,v1.1,"Lake Los Angeles, California, United States"
HKLO,VEL,-2.772,-14.133,-0.26,0.156,0.139,0.564,v1.1,"Morris, Oklahoma, United States"
HKSL,VEL,-11.891,32.375,-0.159,0.168,0.174,0.712,v1.1,"Butterfly, Tuen Mun, Hong Kong"
HKWS,VEL,-12.407,32.32,0.251,0.169,0.172,0.69,v1.1,"Tai Mong Tsai, Sai Kung, Hong Kong"
HLFX,VEL,8.81,-15.381,-0.814,0.031,0.023,0.096,v1.1,"Dartmouth, Nova Scotia, Canada"
HLID,VEL,-10.224,-15.868,-0.998,0.137,0.1,0.534,v1.1,"Hailey, Idaho, United States"
HMBG,VEL,18.978,-13.601,1.221,0.134,0.098,0.553,v1.1,"Ísafjörður, Westfjords, Iceland"
HMTG,VEL,12.78,-33.404,-2.164,0.236,0.202,0.8,v1.1,"Hemet, California, United States"
HNLC,VEL,34.592,-62.861,-0.319,0.026,0.028,0.112,v1.1,"Downtown (Honolulu), Hawaii, United States"
HNPS,VEL,-7.37,-16.919,-0.672,0.094,0.077,0.362,v1.1,"Mecca, California, United States"
HNPT,VEL,4.284,-14.547,-2.176,0.035,0.029,0.118,v1.1,"Algonquin, Maryland, United States"
HNUS,VEL,19.349,16.524,0.554,0.084,0.074,0.296,v1.1,"Hermanus, Western Cape, South Africa"
HOB2,VEL,55.596,14.11,-1.284,0.071,0.054,0.219,v1.1,"Cambridge, Tasmania, Australia"
HOBU,VEL,15.546,18.509,0.269,0.055,0.04,0.157,v1.1,"Ebstorf, Lower Saxony, Germany"
HOFN,VEL,14.99,13.803,11.155,0.095,0.066,0.294,v1.1,"Höfn, East, Iceland"
HOGS,VEL,18.668,-35.257,1.905,0.094,0.076,0.332,v1.1,"Shandon, California, United States"
HOKI,VEL,42.399,-3.756,0.16,0.16,0.124,0.483,v1.1,"Hokitika, West Coast, New Zealand"
HOL3,VEL,7.977,-29.243,0.639,0.052,0.044,0.174,v1.1,"Sun Village, California, United States"
HOLB,VEL,-11.243,-11.692,2.192,0.104,0.072,0.291,v1.1,"Port McNeill, British Columbia, Canada"
HOLC,VEL,7.935,-30.494,-0.683,0.297,0.259,1.081,v1.1,"Sun Village, California, United States"
HOLM,VEL,-12.276,-17.39,2.847,0.043,0.031,0.16,v1.1,"Kugluktuk, Nunavut, Canada"
HOLP,VEL,15.701,-38.617,-3.503,0.173,0.149,0.607,v1.1,"Paramount, California, United States"
HOPB,VEL,9.793,-30.793,-0.704,0.134,0.106,0.432,v1.1,"Lakeport, California, United States"
HORN,VEL,33.663,-23.129,4.33,0.137,0.13,0.572,v1.1,"Waikowhai, West Coast, New Zealand"
HOTK,VEL,-3.69,-15.769,4.902,0.271,0.217,0.892,v1.1,"Mammoth Lakes, California, United States"
HOUS,VEL,-1.965,-13.355,-5.601,0.432,0.417,1.769,v1.1,"West University Place, Texas, United States"
HOWE,VEL,-5.759,14.309,-0.838,0.131,0.135,0.95,v1.1,"Waitangi, Chatham Islands, New Zealand"
HPIG,VEL,-9.794,-16.205,-0.098,0.084,0.064,0.267,v1.1,"Arco, Idaho, United States"
HRAO,VEL,18.455,17.63,0.589,0.036,0.035,0.146,v1.1,"Orient Hills, Gauteng, South Africa"
HRDG,VEL,14.28,-17.674,8.606,0.184,0.167,1.07,v1.1,"Uummannaq, Avannaata, Greenland"
HRM1,VEL,16.627,16.496,-0.492,0.08,0.057,0.231,v1.1,"Hermitage, England, United Kingdom"
HRM2,VEL,16.322,16.646,-0.338,0.263,0.192,0.757,v1.1,"Hermitage, England, United Kingdom"
HRMN,VEL,22.479,22.33,0.434,0.076,0.068,0.278,v1.1,"Majdal Shams, Northern District, Israel"
HRST,VEL,1.395,-16.947,6.939,0.138,0.103,0.41,v1.1,"Hearst, Ontario, Canada"
HTV1,VEL,0.397,-13.732,-0.388,0.131,0.111,0.466,v1.1,"Hartsville, Tennessee, United States"
HUA2,VEL,24.057,15.503,-4.412,0.109,0.13,0.461,v1.1,"Zapotal, Guanacaste Province, Costa Rica"
HUEG,VEL,16.078,19.584,0.121,0.065,0.049,0.192,v1.1,"Neuenburg am Rhein, Baden-Wurttemberg, Germany"
HUGO,VEL,10.705,14.994,0.541,0.096,0.069,0.314,v1.1,"Puerto Williams, Region of Magallanes, Chile"
HUNT,VEL,8.004,-26.371,2.572,0.146,0.121,0.509,v1.1,"Shandon, California, United States"
HURR,VEL,-8.557,-14.813,-1.207,0.184,0.146,0.596,v1.1,"Saint George, Utah, United States"
HUSB,VEL,-5.009,-13.843,5.225,0.079,0.057,0.24,v1.1,"Sisters, Oregon, United States"
HVLK,VEL,-4.202,-14.609,-0.004,0.202,0.171,0.701,v1.1,"Greensburg, Kansas, United States"
HVWY,VEL,-12.75,-13.954,-13.041,0.191,0.14,0.56,v1.1,"West Yellowstone, Montana, United States"
HVYS,VEL,14.059,-38.966,-1.071,0.06,0.05,0.213,v1.1,"Ojai, California, United States"
HW62,VEL,-9.6,-14.519,0.341,0.249,0.208,0.837,v1.1,"Mesa Verde, California, United States"
HWUT,VEL,-8.537,-14.632,-1.067,0.115,0.09,0.365,v1.1,"Millville, Utah, United States"
HYDE,VEL,35.12,40.634,-0.68,0.092,0.108,0.412,v1.1,"Uppal Kalan, Telangana, India"
I40A,VEL,-8.656,-15.233,0.074,0.068,0.057,0.233,v1.1,"Twentynine Palms, California, United States"
IBEC,VEL,10.349,-2.339,-2.722,0.325,0.375,1.37,v1.1,"Ibarra, Imbabura, Ecuador"
IBEX,VEL,-8.027,-15.381,-0.123,0.367,0.307,1.242,v1.1,"Pahrump, Nevada, United States"
ICIG,VEL,-9.636,-15.48,-0.447,0.092,0.069,0.318,v1.1,"Dubois, Idaho, United States"
IDOG,VEL,1.065,-23.269,0.33,0.127,0.108,0.446,v1.1,"Indio, California, United States"
IDQG,VEL,3.253,-23.82,0.69,0.161,0.136,0.568,v1.1,"Indio, California, United States"
IENG,VEL,15.656,20.501,0.015,0.047,0.036,0.14,v1.1,"Mirafiori Sud, Piedmont, Italy"
IFR1,VEL,17.584,17.094,-0.015,0.067,0.059,0.24,v1.1,"Ifrane, Fès-Meknès, Morocco"
IFRN,VEL,17.485,16.905,0.858,0.203,0.172,0.75,v1.1,"Ifrane, Fès-Meknès, Morocco"
IID2,VEL,-6.873,-14.378,-3.492,0.148,0.128,0.531,v1.1,"Ejido Netzahualcóyotl, Baja California, Mexico"
IISC,VEL,35.245,42.529,-0.68,0.073,0.09,0.35,v1.1,"Bengaluru, Karnataka, India"
ILDX,VEL,16.448,18.272,-0.899,0.069,0.053,0.202,v1.1,"Boyard-Ville, Nouvelle-Aquitaine, France"
ILSG,VEL,-3.756,65.159,-2.485,0.214,0.208,0.86,v1.1,"Hanga Roa, Valparaíso, Chile"
IMPS,VEL,-8.394,-14.969,-0.467,0.049,0.041,0.166,v1.1,"Mesa Verde, California, United States"
IMPZ,VEL,13.326,-3.549,-1.829,0.094,0.104,0.4,v1.1,"Imperatriz, Maranhão, Brazil"
IND1,VEL,30.458,16.196,-9.662,0.09,0.109,0.431,v1.1,"Sámara, Guanacaste Province, Costa Rica"
INMN,VEL,13.491,15.66,35.348,0.384,0.278,1.596,v1.1,"Puerto Natales, Region of Magallanes, Chile"
INVK,VEL,-16.822,-12.945,-1.262,0.029,0.021,0.103,v1.1,"Inuvik, Northwest Territories, Canada"
IPAZ,VEL,21.983,-48.786,-1.025,0.461,0.487,1.938,v1.1,"La Paz, Baja California Sur, Mexico"
IQAL,VEL,6.236,-18.7,4.067,0.053,0.037,0.164,v1.1,"Iqaluit, Nunavut, Canada"
IQQE,VEL,14.538,19.758,2.184,0.13,0.15,0.613,v1.1,"Alto Hospicio, Tarapacá, Chile"
IQUI,VEL,11.174,-3.339,0.088,0.253,0.307,1.098,v1.1,"San Juan, Loreto, Peru"
IRKJ,VEL,-6.631,25.323,-0.42,0.093,0.065,0.272,v1.1,"Irkutsk, Irkutsk Oblast, Russian Federation"
IRKM,VEL,-6.538,25.019,-0.194,0.078,0.055,0.224,v1.1,"Irkutsk, Irkutsk Oblast, Russian Federation"
IRKT,VEL,-6.74,25.222,0.502,0.067,0.047,0.214,v1.1,"Irkutsk, Irkutsk Oblast, Russian Federation"
ISBA,VEL,27.505,25.006,-0.006,0.052,0.044,0.187,v1.1,"Baghdad, Baghdad, Iraq"
ISCO,VEL,73.811,49.637,-3.997,0.155,0.197,0.872,v1.1,"Sámara, Guanacaste Province, Costa Rica"
ISHI,VEL,-11.788,9.423,8.143,0.366,0.297,1.25,v1.1,"Ishioka, Ibaraki, Japan"
ISLK,VEL,-0.306,-22.222,1.323,0.133,0.108,0.482,v1.1,"Lake Isabella, California, United States"
ISPA,VEL,-6.64,66.043,-0.411,0.06,0.058,0.242,v1.1,"Hanga Roa, Valparaíso, Chile"
ISTA,VEL,11.308,24.112,0.146,0.061,0.048,0.193,v1.1,"Maslak, Istanbul, Turkey"
IUCO,VEL,1.105,-14.911,-1.202,0.053,0.046,0.183,v1.1,"Bloomington, Indiana, United States"
IVCO,VEL,10.573,-24.886,-1.619,0.46,0.418,1.744,v1.1,"Imperial, California, United States"
JAB1,VEL,60.371,35.392,-2.603,0.194,0.216,0.892,v1.1,"Jabiru, Northern Territory, Australia"
JAMA,VEL,10.803,3.161,0.608,0.425,0.473,1.929,v1.1,"Mountain View Gardens, Saint Andrew Parish, Jamaica"
JAS1,VEL,18.602,-40.113,-0.153,0.352,0.31,1.253,v1.1,"Santee, California, United States"
JASK,VEL,21.18,29.902,-0.636,0.369,0.342,1.408,v1.1,"Jask, Hormozgan, Iran, Islamic Republic of"
JCT1,VEL,-3.657,-12.204,0.796,0.123,0.105,0.484,v1.1,"Junction, Texas, United States"
JCUZ,VEL,14.157,-60.625,-15.238,0.229,0.256,0.983,v1.1,"Fern Forest, Hawaii, United States"
JFWS,VEL,-0.743,-15.854,-4.222,0.147,0.119,0.516,v1.1,"Mineral Point, Wisconsin, United States"
JGBL,VEL,18.267,-14.468,6.523,0.19,0.17,1.134,v1.1,"Tasiilaq, Sermersooq, Greenland"
JIME,VEL,-5.319,-8.598,-0.815,0.121,0.09,0.363,v1.1,"Hillsboro, Oregon, United States"
JLN5,VEL,22.777,-37.937,1.058,0.122,0.101,0.407,v1.1,"Lake Nacimiento, California, United States"
JMBI,VEL,-9.334,20.719,1.277,0.365,0.455,1.727,v1.1,"Jambi City, Jambi, Indonesia"
JME2,VEL,9.501,8.239,-0.343,0.284,0.314,1.261,v1.1,"Jacmel, Sud-Est, Haiti"
JNHG,VEL,9.264,-31.067,-0.519,0.161,0.132,0.538,v1.1,"Littlerock, California, United States"
JNPR,VEL,-1.049,-21.231,4.224,0.189,0.157,0.688,v1.1,"Mammoth Lakes, California, United States"
JOEN,VEL,11.979,20.62,3.621,0.031,0.021,0.094,v1.1,"Pyhäselkä, North Karelia, Finland"
JOG2,VEL,-8.858,27.323,-0.68,0.094,0.117,0.444,v1.1,"Melati, Yogyakarta, Indonesia"
JOHN,VEL,-8.908,-15.248,-0.061,0.183,0.15,0.642,v1.1,"Pahrump, Nevada, United States"
JOKA,VEL,18.551,-60.118,-14.636,0.148,0.159,0.624,v1.1,"Leilani Estates, Hawaii, United States"
JOZ2,VEL,14.18,20.905,-0.491,0.076,0.055,0.218,v1.1,"Józefosław, Mazovia, Poland"
JOZE,VEL,14.565,20.966,0.395,0.055,0.038,0.176,v1.1,"Mysiadło, Mazovia, Poland"
JPLM,VEL,12.96,-36.984,-0.836,0.069,0.062,0.271,v1.1,"La Cañada Flintridge, California, United States"
JPLV,VEL,12.424,-37.235,-0.595,0.274,0.223,0.964,v1.1,"La Cañada Flintridge, California, United States"
JRO1,VEL,-5.918,-9.853,-0.421,0.075,0.054,0.219,v1.1,"Morton, Washington, United States"
JRSC,VEL,17.485,-34.371,-1.362,0.104,0.084,0.336,v1.1,"Portola Valley, California, United States"
JSLM,VEL,20.117,23.172,1.193,0.045,0.043,0.2,v1.1,"Jerusalem, Jerusalem, Israel"
JTNT,VEL,-4.362,-12.804,-0.488,0.07,0.063,0.265,v1.1,"Snyder, Texas, United States"
JWLF,VEL,15.419,-19.417,6.758,0.183,0.165,1.13,v1.1,"Uummannaq, Avannaata, Greenland"
KABR,VEL,20.208,22.106,0.358,0.028,0.026,0.113,v1.1,"Kabri, Northern District, Israel"
KAGA,VEL,11.488,-18.291,4.731,0.316,0.233,1.093,v1.1,"Ilulissat, Avannaata, Greenland"
KAGZ,VEL,6.109,-21.999,7.77,0.096,0.08,0.495,v1.1,"Clyde River, Nunavut, Canada"
KAIK,VEL,31.605,-29.442,-1.452,0.099,0.078,0.298,v1.1,"Hanmer Springs, Canterbury, New Zealand"
KAMO,VEL,17.433,-56.346,-4.398,0.268,0.298,1.121,v1.1,"Fern Forest, Hawaii, United States"
KAN1,VEL,-2.97,-14.671,0.203,0.146,0.116,0.494,v1.1,"Oskaloosa, Kansas, United States"
KAPT,VEL,37.179,-15.598,-4.084,0.335,0.272,1.053,v1.1,"Raumati Beach, Wellington Region, New Zealand"
KARA,VEL,40.859,-12.198,0.722,0.111,0.086,0.337,v1.1,"Waikowhai, West Coast, New Zealand"
KARL,VEL,15.95,19.537,-0.545,0.038,0.028,0.111,v1.1,"Karlsruhe, Baden-Wurttemberg, Germany"
KARR,VEL,58.6,38.686,-0.482,0.061,0.065,0.249,v1.1,"Wickham, Western Australia, Australia"
KAT1,VEL,59.211,35.205,0.001,0.049,0.055,0.211,v1.1,"Cossack, Northern Territory, Australia"
KATO,VEL,11.459,21.198,-1.146,0.053,0.039,0.153,v1.1,"Katowice, Silesia, Poland"
KATZ,VEL,22.557,22.499,0.071,0.043,0.039,0.193,v1.1,"Katzrin, , Israel"
KAYO,VEL,-8.39,-14.455,-0.654,0.218,0.18,0.709,v1.1,"Peach Springs, Arizona, United States"
KAYT,VEL,1.991,-17.583,-11.845,0.352,0.412,1.666,v1.1,"Subic, Calabarzon, Philippines"
KAZA,VEL,7.325,27.22,1.932,0.059,0.046,0.183,v1.1,"Kazarman, Jalal-Abad Region, Kyrgyzstan"
KBRC,VEL,13.874,-38.031,-0.35,0.094,0.079,0.33,v1.1,"Santa Paula, California, United States"
KBUG,VEL,15.826,-17.856,7.109,0.154,0.11,0.488,v1.1,"Tasiilaq, Sermersooq, Greenland"
KELS,VEL,-5.86,-9.252,-1.022,0.119,0.09,0.385,v1.1,"Kelso, Washington, United States"
KELY,VEL,11.782,-17.917,1.894,0.15,0.108,0.517,v1.1,"Qasigiannguit, Qeqertalik, Greenland"
KEN1,VEL,-28.707,-5.901,9.114,0.337,0.221,0.992,v1.1,"Nikiski, Alaska, United States"
KERG,VEL,-3.627,4.427,0.227,0.052,0.037,0.16,v1.1,"Port-aux-Français, Kerguelen, French Southern Territories"
KEW1,VEL,-1.889,-16.117,1.175,0.103,0.074,0.319,v1.1,"Hancock, Michigan, United States"
KGN0,VEL,-6.89,-3.315,0.414,0.332,0.274,1.165,v1.1,"Kokubunji, Tokyo, Japan"
KGNI,VEL,-4.747,-0.133,1.773,0.229,0.198,0.913,v1.1,"Kokubunji, Tokyo, Japan"
KHAJ,VEL,-14.096,22.623,0.468,0.162,0.115,0.493,v1.1,"Khabarovsk, Khabarovsk, Russian Federation"
KHAR,VEL,11.824,24.183,0.542,0.125,0.089,0.359,v1.1,"Kharkiv, Kharkivs’ka Oblast’, Ukraine"
KIR0,VEL,14.526,15.955,6.597,0.036,0.026,0.126,v1.1,"Malmberget, Norrbotten, Sweden"
KIRI,VEL,30.639,-68.078,0.72,0.105,0.12,0.465,v1.1,"Betio Village, Gilbert Islands, Kiribati"
KIRU,VEL,14.678,16.05,6.601,0.072,0.053,0.254,v1.1,"Kiruna, Norrbotten, Sweden"
KIT3,VEL,5.649,28.072,-2.096,0.052,0.046,0.212,v1.1,"Kitob, Qashqadaryo, Uzbekistan"
KLHV,VEL,19.436,23.127,2.045,0.097,0.091,0.381,v1.1,"Ar Ramāḑīn, West Bank, Palestinian Territory"
KLOP,VEL,15.983,18.983,0.055,0.125,0.092,0.372,v1.1,"Bad Vilbel, Hesse, Germany"
KLPD,VEL,13.93,20.077,1.22,0.406,0.29,1.179,v1.1,"Klaipėda, Klaipėda County, Lithuania"
KMJP,VEL,18.52,-14.562,4.568,0.179,0.168,1.14,v1.1,"Tasiilaq, Sermersooq, Greenland"
KMNM,VEL,-13.136,33.188,1.779,0.223,0.223,0.918,v1.1,"Jinhu, Fukien, Taiwan"
KMOR,VEL,7.556,-20.908,6.925,0.203,0.18,1.161,v1.1,"Upernavik, Avannaata, Greenland"
KNGS,VEL,3.537,-15.945,0.609,0.04,0.031,0.123,v1.1,"Kingston, Ontario, Canada"
KNOL,VEL,-2.231,-20.712,-0.773,0.139,0.111,0.455,v1.1,"Mammoth Lakes, California, United States"
KOD1,VEL,-1.192,-16.839,9.184,0.231,0.15,0.676,v1.1,"Kodiak, Alaska, United States"
KOD5,VEL,1.701,-18.465,7.108,0.284,0.197,0.806,v1.1,"Kodiak, Alaska, United States"
KOD6,VEL,2.303,-19.369,6.761,0.364,0.259,1.061,v1.1,"Kodiak, Alaska, United States"
KODK,VEL,-11.032,-15.875,9.791,0.527,0.364,1.64,v1.1,"Kodiak Station, Alaska, United States"
KOK1,VEL,35.248,-62.077,-1.269,0.08,0.088,0.352,v1.1,"Kekaha, Hawaii, United States"
KOK2,VEL,36.989,-64.399,-0.785,0.532,0.593,2.317,v1.1,"Kekaha, Hawaii, United States"
KOKB,VEL,34.661,-62.271,-0.181,0.024,0.025,0.099,v1.1,"Kekaha-Waimea, Hawaii, United States"
KOKV,VEL,34.788,-62.3,-0.318,0.048,0.05,0.195,v1.1,"Kekaha-Waimea, Hawaii, United States"
KOSG,VEL,16.414,17.992,-0.329,0.076,0.055,0.222,v1.1,"Harskamp, Gelderland, Netherlands"
KOU1,VEL,12.1,-4.937,-0.121,0.56,0.656,2.597,v1.1,"Kourou, Guyane, French Guiana"
KOUC,VEL,47.312,22.24,-0.512,0.056,0.059,0.232,v1.1,"Koumac, North Province, New Caledonia"
KOUG,VEL,12.873,-4.507,-0.165,0.051,0.057,0.21,v1.1,"Kourou, Guyane, French Guiana"
KOUR,VEL,12.907,-4.434,-1.192,0.035,0.04,0.156,v1.1,"Kourou, Guyane, French Guiana"
KR0G,VEL,14.612,15.76,6.664,0.417,0.283,1.426,v1.1,"Malmberget, Norrbotten, Sweden"
KRAC,VEL,-1.875,-19.435,2.875,0.401,0.319,1.507,v1.1,"Mammoth Lakes, California, United States"
KRTV,VEL,0.95,26.773,-0.232,0.088,0.062,0.285,v1.1,"Kurchatov, Abai Region, Kazakhstan"
KSMV,VEL,-9.349,-1.969,0.681,0.356,0.312,1.599,v1.1,"Kashima-shi, Ibaraki, Japan"
KSNB,VEL,19.102,-15.508,15.756,0.208,0.15,0.677,v1.1,"Tasiilaq, Sermersooq, Greenland"
KSTU,VEL,-4.04,24.842,0.939,0.288,0.19,0.89,v1.1,"Krasnoyarsk, Krasnoyarsk Krai, Russian Federation"
KSU1,VEL,-2.77,-14.258,0.232,0.083,0.068,0.27,v1.1,"Manhattan, Kansas, United States"
KTBW,VEL,-7.987,-8.431,-0.78,0.044,0.033,0.136,v1.1,"Seabeck, Washington, United States"
KUAQ,VEL,17.28,-16.855,15.303,0.308,0.226,1.049,v1.1,"Tasiilaq, Sermersooq, Greenland"
KULU,VEL,15.771,-15.49,7.691,0.112,0.077,0.356,v1.1,"Tasiilaq, Sermersooq, Greenland"
KUMT,VEL,11.743,33.395,4.355,0.543,0.44,1.951,v1.1,"Kyzyl-Suu, Issyk-Kul, Kyrgyzstan"
KUNM,VEL,-18.227,31.463,-1.229,0.196,0.219,0.938,v1.1,"Kunming, Yunnan, China"
KUUJ,VEL,3.672,-18.592,13.609,0.108,0.076,0.312,v1.1,"Sanikiluaq, Nunavut, Canada"
KVTX,VEL,-2.349,-11.991,-3.506,0.046,0.044,0.179,v1.1,"Kingsville, Texas, United States"
KWBU,VEL,-7.5,-13.675,-1.823,0.068,0.055,0.278,v1.1,"Three Rivers, Oregon, United States"
KWJ1,VEL,29.295,-69.36,-1.389,0.367,0.433,1.82,v1.1,"Ebaye, Kwajalein Atoll, Marshall Islands"
KYVW,VEL,-1.424,-19.772,0.311,0.077,0.066,0.268,v1.1,"Sky Valley, California, United States"
KYW1,VEL,2.537,-9.559,-0.398,0.089,0.091,0.378,v1.1,"Big Coppitt Key, Florida, United States"
KYW2,VEL,2.643,-11.001,0.985,0.374,0.412,1.654,v1.1,"Big Coppitt Key, Florida, United States"
LACR,VEL,-9.631,-16.839,-0.095,0.085,0.067,0.268,v1.1,"Elko, Nevada, United States"
LAE1,VEL,52.989,28.193,-6.237,0.144,0.159,0.643,v1.1,"Lae, Morobe Province, Papua New Guinea"
LAFE,VEL,25.126,16.71,-12.45,0.286,0.319,1.465,v1.1,"Paquera, Puntarenas Province, Costa Rica"
LAGO,VEL,17.502,17.506,-0.113,0.044,0.036,0.146,v1.1,"Lagos, Faro, Portugal"
LAMA,VEL,14.435,20.376,-0.327,0.072,0.052,0.219,v1.1,"Barczewo, Warmia-Masuria, Poland"
LAMP,VEL,18.676,19.949,-0.306,0.093,0.082,0.349,v1.1,"Lampedusa, Sicily, Italy"
LAMT,VEL,4.769,-15.035,-0.744,0.062,0.05,0.204,v1.1,"Hastings-on-Hudson, New York, United States"
LAND,VEL,18.22,-34.717,1.925,0.105,0.087,0.349,v1.1,"Shandon, California, United States"
LANS,VEL,0.959,-15.635,-1.124,0.107,0.084,0.355,v1.1,"Dimondale, Michigan, United States"
LAPC,VEL,17.337,-38.359,-0.093,0.087,0.076,0.323,v1.1,"Canoga Park, California, United States"
LASC,VEL,17.191,-37.671,0.498,0.169,0.144,0.593,v1.1,"West Athens, California, United States"
LAUG,VEL,21.683,21.785,0.291,0.398,0.359,1.592,v1.1,"Byblos, Mont-Liban, Lebanon"
LAUT,VEL,32.229,14.53,-1.754,0.067,0.077,0.318,v1.1,"Lautoka, Western, Fiji"
LBC1,VEL,18.038,-38.082,1.179,0.089,0.083,0.375,v1.1,"Lakewood, California, United States"
LBC2,VEL,18.381,-38.087,0.938,0.184,0.161,0.676,v1.1,"Signal Hill, California, United States"
LBCH,VEL,18.045,-38.703,1.308,0.205,0.179,0.774,v1.1,"Long Beach, California, United States"
LBIB,VEL,19.047,-12.994,1.252,0.056,0.046,0.251,v1.1,"Ísafjörður, Westfjords, Iceland"
LBRF,VEL,16.491,-40.444,-1.251,0.277,0.245,1.003,v1.1,"Sorrento Valley, California, United States"
LCAP,VEL,46.707,21.301,-0.915,0.073,0.073,0.288,v1.1,"Bourail, South Province, New Caledonia"
LCDT,VEL,0.482,-15.647,-2.716,0.041,0.032,0.131,v1.1,"Libertyville, Illinois, United States"
LCK2,VEL,34.007,37.652,-2.963,0.63,0.613,2.601,v1.1,"Lucknow, Uttar Pradesh, India"
LCK3,VEL,34.698,36.043,-2.045,0.095,0.093,0.37,v1.1,"Lucknow, Uttar Pradesh, India"
LCK4,VEL,34.649,36.115,-1.932,0.093,0.092,0.362,v1.1,"Lucknow, Uttar Pradesh, India"
LCKI,VEL,34.103,37.445,-2.748,0.626,0.61,2.532,v1.1,"Lucknow, Uttar Pradesh, India"
LDBT,VEL,-2.462,-12.858,-2.687,0.251,0.229,0.967,v1.1,"Giddings, Texas, United States"
LDES,VEL,0.0,-18.315,1.493,0.109,0.092,0.365,v1.1,"Yucca Valley, California, United States"
LDSW,VEL,-7.591,-16.429,0.599,0.092,0.076,0.326,v1.1,"Joshua Tree, California, United States"
LEBA,VEL,1.648,-15.011,-1.435,0.064,0.054,0.211,v1.1,"Hunter, Ohio, United States"
LEBC,VEL,7.434,-30.541,-0.775,0.391,0.317,1.355,v1.1,"Lebec, California, United States"
LEEP,VEL,14.264,-38.483,-0.353,0.069,0.059,0.246,v1.1,"Universal City, California, United States"
LEFN,VEL,19.2,-12.988,6.57,0.207,0.174,1.135,v1.1,"Ísafjörður, Westfjords, Iceland"
LEIJ,VEL,15.298,19.335,-0.213,0.075,0.054,0.213,v1.1,"Gohlis, Saxony, Germany"
LEMA,VEL,1.015,-21.787,-134.829,0.697,0.578,2.378,v1.1,"Lemoore, California, United States"
LEME,VEL,9.559,1.988,-1.282,0.445,0.53,1.964,v1.1,"León, León Department, Nicaragua"
LEPA,VEL,23.896,19.349,-8.393,0.389,0.449,1.67,v1.1,"Paquera, Puntarenas Province, Costa Rica"
LESV,VEL,-1.644,-12.912,-1.172,0.053,0.05,0.196,v1.1,"Leesville, Louisiana, United States"
LEV1,VEL,-13.163,-15.343,7.947,0.294,0.187,0.829,v1.1,"Petersburg, Alaska, United States"
LEWI,VEL,-10.769,-15.53,-0.069,0.077,0.064,0.28,v1.1,"Battle Mountain, Nevada, United States"
LEXA,VEL,30.955,-30.851,0.118,0.058,0.044,0.17,v1.1,"Alexandra, Otago, New Zealand"
LFLO,VEL,-3.305,-8.036,-0.874,0.245,0.191,0.809,v1.1,"Florence, Oregon, United States"
LFRS,VEL,15.048,-38.509,0.485,0.055,0.048,0.207,v1.1,"Beverly Hills, California, United States"
LGWD,VEL,17.335,-38.228,-1.264,0.093,0.08,0.326,v1.1,"Quail Hill, California, United States"
LHAS,VEL,16.087,45.559,0.478,0.146,0.143,0.639,v1.1,"Lhasa, Tibet, China"
LHAV,VEL,19.294,22.709,1.147,0.146,0.132,0.625,v1.1,"Ar Ramāḑīn, West Bank, Palestinian Territory"
LHAZ,VEL,15.835,46.344,1.349,0.073,0.068,0.316,v1.1,"Lhasa, Tibet, China"
LHCL,VEL,10.589,-0.032,0.485,0.073,0.062,0.255,v1.1,"Puelches, La Pampa, Argentina"
LHUE,VEL,34.705,-60.935,-2.645,0.22,0.229,0.914,v1.1,"Hanamā‘ulu, Hawaii, United States"
LIA1,VEL,-14.58,-1.286,-71.75,0.773,0.562,2.261,v1.1,"Redby, Minnesota, United States"
LIA3,VEL,-23.198,5.213,-35.653,0.689,0.503,2.009,v1.1,"Redby, Minnesota, United States"
LICE,VEL,-8.744,-15.52,-0.65,0.293,0.24,0.951,v1.1,"Beatty, Nevada, United States"
LINC,VEL,-0.614,-20.626,-1.746,0.151,0.125,0.506,v1.1,"Mammoth Lakes, California, United States"
LIND,VEL,-9.602,-11.532,6.805,0.718,0.523,2.162,v1.1,"Ellensburg, Washington, United States"
LINH,VEL,-9.587,-12.441,-1.9,0.053,0.038,0.156,v1.1,"Ellensburg, Washington, United States"
LINJ,VEL,7.222,-26.659,-2.308,0.099,0.082,0.335,v1.1,"Lancaster, California, United States"
LINZ,VEL,15.265,20.725,0.497,0.1,0.075,0.29,v1.1,"Linz, Upper Austria, Austria"
LITT,VEL,-9.286,-15.207,-1.208,0.037,0.031,0.13,v1.1,"Beatty, Nevada, United States"
LJRN,VEL,7.799,-30.925,0.259,0.13,0.106,0.453,v1.1,"Lebec, California, United States"
LKCP,VEL,-9.027,-10.45,-1.286,0.046,0.036,0.149,v1.1,"Sultan, Washington, United States"
LKHG,VEL,17.128,-37.529,-0.254,0.208,0.178,0.739,v1.1,"Julian, California, United States"
LKHU,VEL,-2.172,-12.295,-0.699,0.123,0.118,0.479,v1.1,"Sheldon, Texas, United States"
LKTH,VEL,12.329,0.459,0.558,0.745,0.52,2.201,v1.1,"Stanley, , Falkland Islands (Malvinas)"
LKWY,VEL,-6.828,-16.635,-14.028,0.208,0.153,0.73,v1.1,"West Yellowstone, Montana, United States"
LL01,VEL,8.037,-28.174,0.662,0.077,0.065,0.257,v1.1,"Lake Los Angeles, California, United States"
LLAS,VEL,6.16,-25.533,-0.68,0.095,0.08,0.323,v1.1,"Lake Los Angeles, California, United States"
LLIV,VEL,16.161,19.845,-0.053,0.027,0.021,0.088,v1.1,"Llívia, Catalonia, Spain"
LLRG,VEL,-9.843,-16.246,-0.159,0.165,0.123,0.497,v1.1,"Arco, Idaho, United States"
LMHG,VEL,14.55,-35.772,-1.195,0.162,0.144,0.627,v1.1,"Lake Elsinore, California, United States"
LMMF,VEL,15.533,12.8,-1.491,0.04,0.047,0.175,v1.1,"Le Lamentin, Martinique, Martinique"
LMNL,VEL,20.347,13.581,2.003,0.109,0.129,0.462,v1.1,"Juntas, Guanacaste Province, Costa Rica"
LMNO,VEL,-3.39,-13.826,0.835,0.122,0.107,0.43,v1.1,"Tonkawa, Oklahoma, United States"
LMRR,VEL,-5.709,-19.652,2.577,0.471,0.36,1.56,v1.1,"Reno, Nevada, United States"
LMSG,VEL,13.993,-34.757,-2.214,0.272,0.238,0.94,v1.1,"El Cerrito Corona, California, United States"
LMUT,VEL,-8.47,-16.054,0.037,0.039,0.031,0.125,v1.1,"Saratoga Springs, Utah, United States"
LNC1,VEL,-4.063,-22.52,-0.34,0.109,0.086,0.365,v1.1,"Lincoln, California, United States"
LNC2,VEL,-4.067,-22.92,-0.98,0.13,0.103,0.432,v1.1,"Lincoln, California, United States"
LNCO,VEL,-0.574,-21.437,2.741,0.191,0.16,0.666,v1.1,"Woodlake, California, United States"
LNGB,VEL,-7.47,-8.772,-0.747,0.118,0.087,0.357,v1.1,"Longbranch, Washington, United States"
LNMT,VEL,-1.752,-18.481,-0.434,0.081,0.069,0.274,v1.1,"Barstow, California, United States"
LOMP,VEL,24.409,-43.79,0.32,0.296,0.261,1.022,v1.1,"Mission Hills, California, United States"
LONG,VEL,13.043,-36.848,-1.766,0.142,0.124,0.629,v1.1,"Mayflower Village, California, United States"
LORS,VEL,11.502,-35.168,0.136,0.048,0.041,0.164,v1.1,"La Verne, California, United States"
LOU1,VEL,2.849,-14.762,-1.828,0.311,0.294,1.093,v1.1,"Taylorsville, Kentucky, United States"
LOWS,VEL,20.891,-37.375,0.834,0.103,0.083,0.343,v1.1,"San Miguel, California, United States"
LPAL,VEL,17.073,15.943,-0.889,0.084,0.077,0.318,v1.1,"Garafía, Canary Islands, Spain"
LPCG,VEL,6.642,-29.2,2.194,0.177,0.148,0.639,v1.1,"Wrightwood, California, United States"
LPGS,VEL,11.854,-1.173,2.345,0.068,0.063,0.29,v1.1,"La Plata, Buenos Aires, Argentina"
LPHS,VEL,14.558,-38.076,-2.196,0.126,0.11,0.475,v1.1,"La Puente, California, United States"
LPIL,VEL,46.064,21.718,-1.196,0.112,0.124,0.501,v1.1,"Wé, Loyalty Islands, New Caledonia"
LPLY,VEL,6.802,14.187,5.025,0.055,0.042,0.22,v1.1,"Puerto Natales, Region of Magallanes, Chile"
LPOC,VEL,5.734,-16.158,2.519,0.033,0.024,0.096,v1.1,"La Pocatière, Quebec, Canada"
LRA1,VEL,-4.813,-34.444,8.656,0.244,0.181,1.026,v1.1,"Berkeley, California, United States"
LRA3,VEL,2.682,-31.787,0.536,0.421,0.347,1.888,v1.1,"Berkeley, California, United States"
LROC,VEL,16.523,18.241,-0.552,0.028,0.021,0.085,v1.1,"Rivedoux-Plage, Nouvelle-Aquitaine, France"
LRRG,VEL,7.745,-29.38,-0.852,0.179,0.148,0.644,v1.1,"Littlerock, California, United States"
LSIG,VEL,-9.034,-10.713,-2.215,0.157,0.098,0.438,v1.1,"Gold Bar, Washington, United States"
LTHM,VEL,-2.059,-14.718,-0.15,0.125,0.099,0.429,v1.1,"Lawson, Missouri, United States"
LTUT,VEL,-9.187,-15.748,-0.131,0.04,0.031,0.128,v1.1,"Elwood, Utah, United States"
LUBB,VEL,-5.211,-12.396,1.616,0.256,0.239,1.056,v1.1,"Lubbock, Texas, United States"
LUTZ,VEL,12.927,-31.759,-1.675,0.096,0.076,0.315,v1.1,"Communications Hill, California, United States"
LVEG,VEL,7.203,1.068,-0.294,0.062,0.068,0.278,v1.1,"La Vega, La Vega, Dominican Republic"
LVMS,VEL,10.523,-35.722,0.43,0.044,0.036,0.153,v1.1,"Pine Mountain Club, California, United States"
LVWD,VEL,-9.452,-15.033,0.992,0.228,0.197,0.858,v1.1,"Las Vegas, Nevada, United States"
LWCK,VEL,-2.205,-3.003,1.326,0.155,0.113,0.506,v1.1,"Long Beach, Washington, United States"
LYNS,VEL,15.962,-15.93,4.925,0.084,0.058,0.253,v1.1,"Tasiilaq, Sermersooq, Greenland"
LYTT,VEL,30.423,-33.948,-0.971,0.117,0.088,0.378,v1.1,"Lyttelton, Canterbury, New Zealand"
M0SE,VEL,15.934,20.563,-0.654,0.078,0.063,0.24,v1.1,"Rome, Lazio, Italy"
MAC1,VEL,31.324,-12.355,-1.702,0.098,0.067,0.274,v1.1,"Riverton, Southland, New Zealand"
MACC,VEL,-0.491,-14.464,-0.467,0.123,0.103,0.43,v1.1,"Esther, Missouri, United States"
MAD2,VEL,16.629,18.794,-0.566,0.031,0.024,0.105,v1.1,"Navas del Rey, Madrid, Spain"
MADR,VEL,16.436,18.763,0.314,0.049,0.038,0.162,v1.1,"Navas del Rey, Madrid, Spain"
MAG0,VEL,-18.236,10.191,0.907,0.111,0.075,0.314,v1.1,"Magadan, Magadan Oblast, Russian Federation"
MAHO,VEL,39.699,1.276,-1.887,0.119,0.104,0.411,v1.1,"Te Kuiti, Waikato Region, New Zealand"
MAIR,VEL,-0.005,-14.222,-1.205,0.078,0.067,0.279,v1.1,"East Prairie, Missouri, United States"
MAJB,VEL,30.754,-68.918,0.533,0.183,0.216,0.818,v1.1,"Majuro, Majuro Atoll, Marshall Islands"
MAL2,VEL,15.964,26.187,0.224,0.05,0.057,0.211,v1.1,"Gongoni, Kilifi County, Kenya"
MALD,VEL,35.058,46.671,-4.997,0.275,0.345,1.407,v1.1,"Male, Kaafu Atoll, Maldives"
MALI,VEL,16.399,26.705,-2.441,0.131,0.164,0.654,v1.1,"Gongoni, Kilifi County, Kenya"
MALL,VEL,16.528,20.459,-0.692,0.071,0.059,0.237,v1.1,"Sant Agustí, Balearic Islands, Spain"
MANA,VEL,10.252,7.249,-1.328,0.175,0.198,0.784,v1.1,"Managua, Managua Department, Nicaragua"
MANZ,VEL,-1.058,-5.499,7.924,0.459,0.517,2.076,v1.1,"Tapeixtles, Colima, Mexico"
MAPS,VEL,-22.158,-8.034,3.761,0.112,0.081,0.343,v1.1,"Dutch Harbor, Alaska, United States"
MAR6,VEL,14.166,17.839,7.609,0.028,0.019,0.084,v1.1,"Gävle, Gävleborg, Sweden"
MARG,VEL,6.731,-21.919,7.711,0.062,0.05,0.298,v1.1,"Clyde River, Nunavut, Canada"
MARN,VEL,8.892,2.58,-5.557,0.759,0.55,2.634,v1.1,"Gonubie, Eastern Cape, South Africa"
MARS,VEL,16.108,20.023,-0.133,0.103,0.079,0.345,v1.1,"Marseille Endoume, Provence-Alpes-Côte d'Azur, France"
MAS1,VEL,17.468,16.717,-0.59,0.054,0.05,0.211,v1.1,"Maspalomas, Canary Islands, Spain"
MAST,VEL,29.107,-27.177,-4.159,0.067,0.055,0.21,v1.1,"Carterton, Wellington Region, New Zealand"
MASW,VEL,18.039,-35.248,0.769,0.141,0.115,0.469,v1.1,"Shandon, California, United States"
MAT1,VEL,19.29,23.962,-0.018,0.048,0.04,0.165,v1.1,"Ginosa, Apulia, Italy"
MAT2,VEL,13.991,-34.883,0.023,0.046,0.039,0.155,v1.1,"Woodcrest, California, United States"
MATE,VEL,19.525,23.213,0.199,0.042,0.035,0.151,v1.1,"Ginosa, Apulia, Italy"
MATH,VEL,14.754,-35.161,0.76,0.244,0.221,1.013,v1.1,"Woodcrest, California, United States"
MAUA,VEL,18.968,19.947,0.815,0.132,0.134,0.601,v1.1,"Maun, North-West, Botswana"
MAUI,VEL,34.852,-61.992,-0.659,0.041,0.044,0.169,v1.1,"Kēōkea, Hawaii, United States"
MAVL,VEL,32.757,-28.963,0.211,0.079,0.057,0.317,v1.1,"Te Anau, Southland, New Zealand"
MAW1,VEL,-2.009,-3.85,-0.617,0.029,0.02,0.097,v1.1,"Port-aux-Français, Kerguelen, French Southern Territories"
MAWY,VEL,-7.465,-14.1,1.179,0.163,0.129,0.585,v1.1,"West Yellowstone, Montana, United States"
MAYZ,VEL,13.4,9.063,-1.627,0.144,0.164,0.662,v1.1,"Mayagüez, Mayagüez, Puerto Rico"
MBAR,VEL,17.846,24.664,0.264,0.085,0.097,0.354,v1.1,"Mbarara, Western Region, Uganda"
MBWW,VEL,-6.649,-15.161,-1.432,0.139,0.109,0.443,v1.1,"Saratoga, Wyoming, United States"
MC01,VEL,-7.811,-15.092,0.307,0.086,0.069,0.27,v1.1,"Fruitvale, Colorado, United States"
MCAR,VEL,-2.308,17.139,4.385,0.097,0.082,0.44,v1.1,"Waitangi, Chatham Islands, New Zealand"
MCD1,VEL,1.337,-10.975,-0.605,0.223,0.223,0.95,v1.1,"Gandy, Florida, United States"
MCES,VEL,-18.69,-10.546,10.268,0.205,0.145,0.6,v1.1,"Fritz Creek, Alaska, United States"
MCHN,VEL,-5.403,-12.853,0.638,0.135,0.1,0.411,v1.1,"Wawa, Ontario, Canada"
MCIL,VEL,24.315,-71.63,-0.503,0.103,0.099,0.421,v1.1,"Ogasawara, Tokyo, Japan"
MCM4,VEL,-11.533,9.661,-0.182,0.038,0.03,0.184,v1.1,"Bluff, Southland, New Zealand"
MCN1,VEL,1.764,-12.738,-0.214,0.146,0.133,0.565,v1.1,"Robins Air Force Base, Georgia, United States"
MCON,VEL,2.385,-15.02,-0.935,0.049,0.041,0.167,v1.1,"McConnelsville, Ohio, United States"
MCSO,VEL,-5.584,-9.222,-0.186,0.051,0.037,0.153,v1.1,"Hayesville, Oregon, United States"
MCTY,VEL,-0.281,-13.902,-0.832,0.057,0.049,0.204,v1.1,"Caruthersville, Missouri, United States"
MDMT,VEL,-7.057,-15.697,-1.874,0.056,0.041,0.208,v1.1,"Altamont, Oregon, United States"
MDO1,VEL,-6.107,-12.304,0.922,0.118,0.113,0.476,v1.1,"Fort Davis, Texas, United States"
MDVJ,VEL,11.625,22.723,0.43,0.035,0.024,0.104,v1.1,"Mendeleyevo, Moscow Oblast, Russian Federation"
MDVO,VEL,11.374,22.63,1.434,0.274,0.185,0.819,v1.1,"Mendeleyevo, Moscow Oblast, Russian Federation"
MEDI,VEL,17.905,22.246,-2.481,0.081,0.063,0.268,v1.1,"Medicina-Buda, Emilia-Romagna, Italy"
MEE1,VEL,-0.141,-22.208,1.532,0.114,0.093,0.39,v1.1,"King City, California, United States"
MEE2,VEL,21.271,-40.325,1.553,0.108,0.089,0.368,v1.1,"King City, California, United States"
MEM2,VEL,-0.075,-15.4,-1.643,0.144,0.126,0.527,v1.1,"Lepanto, Arkansas, United States"
MERC,VEL,-9.187,-15.193,-0.557,0.047,0.039,0.16,v1.1,"Pahrump, Nevada, United States"
MERI,VEL,1.2,-9.354,-2.536,0.178,0.199,0.708,v1.1,"Mérida, Yucatán, Mexico"
MERS,VEL,16.301,13.938,0.853,0.163,0.141,0.66,v1.1,"Limonlu, Mersin, Turkey"
METR,VEL,1.79,-15.807,-1.651,0.067,0.053,0.223,v1.1,"Auburn Hills, Michigan, United States"
METS,VEL,12.884,20.04,4.313,0.04,0.028,0.117,v1.1,"Lapinkylä, Uusimaa, Finland"
METZ,VEL,12.813,19.961,4.451,0.085,0.059,0.256,v1.1,"Lapinkylä, Uusimaa, Finland"
MFKG,VEL,18.86,17.667,1.449,0.101,0.101,0.402,v1.1,"Mmabatho, North West, South Africa"
MFP0,VEL,-6.438,-14.661,2.34,0.106,0.087,0.379,v1.1,"Superior, Colorado, United States"
MFTN,VEL,-6.396,-14.818,-0.962,0.082,0.064,0.258,v1.1,"Superior, Colorado, United States"
MFTS,VEL,-6.31,-14.651,-0.763,0.079,0.063,0.245,v1.1,"Superior, Colorado, United States"
MFTW,VEL,-6.33,-14.671,-0.93,0.086,0.068,0.263,v1.1,"Superior, Colorado, United States"
MGUE,VEL,13.696,-11.245,1.398,0.231,0.197,0.778,v1.1,"Malargüe, Mendoza, Argentina"
MHCB,VEL,0.414,-23.397,1.073,0.103,0.082,0.335,v1.1,"East Foothills, California, United States"
MHDL,VEL,15.474,-32.278,-1.941,0.117,0.092,0.433,v1.1,"Sausalito, California, United States"
MHMS,VEL,16.691,-37.064,-2.644,0.144,0.11,0.509,v1.1,"Willowbrook, California, United States"
MHTL,VEL,-7.967,-11.143,-0.535,0.107,0.081,0.429,v1.1,"Mount Hood Village, Oregon, United States"
MIA3,VEL,3.903,-9.294,-0.276,0.082,0.084,0.343,v1.1,"Key Biscayne, Florida, United States"
MIDA,VEL,7.759,-24.932,1.525,0.181,0.169,0.753,v1.1,"Coalinga, California, United States"
MIG1,VEL,24.691,-42.22,-0.517,0.045,0.038,0.155,v1.1,"Buellton, California, United States"
MIK2,VEL,17.422,-14.86,13.591,0.125,0.09,0.418,v1.1,"Tasiilaq, Sermersooq, Greenland"
MIKL,VEL,12.401,23.465,0.037,0.092,0.067,0.265,v1.1,"Mykolayiv, Mykolaiv, Ukraine"
MIL1,VEL,-0.051,-15.701,-1.725,0.21,0.161,0.677,v1.1,"Saint Francis, Wisconsin, United States"
MIL2,VEL,1.274,-14.507,-0.805,0.598,0.459,1.92,v1.1,"Saint Francis, Wisconsin, United States"
MILP,VEL,6.347,-28.818,0.596,0.154,0.125,0.503,v1.1,"East Foothills, California, United States"
MINE,VEL,-9.52,-16.394,-0.705,0.048,0.037,0.151,v1.1,"Carlin, Nevada, United States"
MINS,VEL,-1.485,-20.016,-0.437,0.1,0.08,0.336,v1.1,"Mammoth Lakes, California, United States"
MIPR,VEL,13.451,9.415,-0.619,0.13,0.146,0.57,v1.1,"Potala Pastillo, Juana Díaz, Puerto Rico"
MIZU,VEL,-33.328,51.079,15.849,0.434,0.343,1.372,v1.1,"Mizusawa, Iwate, Japan"
MJPK,VEL,16.019,-36.851,-1.037,0.099,0.084,0.337,v1.1,"Trabuco Canyon, California, United States"
MKAH,VEL,-5.3,-3.728,0.897,0.166,0.11,0.505,v1.1,"Forks, Washington, United States"
MKAI,VEL,13.84,-41.24,0.63,0.184,0.206,0.775,v1.1,"Volcano, Hawaii, United States"
MKEA,VEL,35.172,-62.887,-1.15,0.124,0.134,0.55,v1.1,"Honoka‘a, Hawaii, United States"
MLCC,VEL,36.236,-62.164,0.168,0.42,0.449,1.707,v1.1,"Volcano, Hawaii, United States"
MLF1,VEL,1.267,-12.232,-1.24,0.143,0.131,0.558,v1.1,"Camden, Alabama, United States"
MLFP,VEL,13.068,-33.896,0.099,0.048,0.041,0.164,v1.1,"Woodcrest, California, United States"
MLKN,VEL,14.555,18.272,-9.129,0.402,0.539,1.921,v1.1,"Manna, Bengkulu, Indonesia"
MMAU,VEL,6.624,-48.921,-6.947,0.337,0.368,1.422,v1.1,"Volcano, Hawaii, United States"
MNMC,VEL,5.541,-23.209,2.268,0.081,0.07,0.275,v1.1,"Coalinga, California, United States"
MNNA,VEL,5.933,13.159,-0.59,0.357,0.434,1.534,v1.1,"Manna, Bengkulu, Indonesia"
MNP1,VEL,7.145,-16.431,-1.455,0.626,0.491,2.051,v1.1,"Montauk, New York, United States"
MNRC,VEL,1.463,-22.593,-1.253,0.109,0.086,0.366,v1.1,"Hidden Valley Lake, California, United States"
MOB1,VEL,-0.343,-13.254,-3.172,0.068,0.063,0.268,v1.1,"Dauphin Island, Alabama, United States"
MOBJ,VEL,11.426,22.947,-0.17,0.074,0.051,0.227,v1.1,"Obninsk, Kaluga Oblast, Russian Federation"
MOBK,VEL,11.529,22.927,-0.344,0.1,0.07,0.306,v1.1,"Obninsk, Kaluga Oblast, Russian Federation"
MOBN,VEL,11.581,22.756,0.522,0.042,0.031,0.136,v1.1,"Obninsk, Kaluga Oblast, Russian Federation"
MOBS,VEL,57.027,19.248,-1.54,0.04,0.032,0.131,v1.1,"South Melbourne, Victoria, Australia"
MOCU,VEL,17.132,19.202,-0.821,0.654,0.724,2.714,v1.1,"Mocuba, Zambezia Province, Mozambique"
MODB,VEL,-7.378,-16.85,-0.052,0.046,0.041,0.196,v1.1,"Lakeview, Oregon, United States"
MOIL,VEL,-9.665,-16.78,0.009,0.089,0.066,0.28,v1.1,"Spring Creek, Nevada, United States"
MOIU,VEL,18.372,24.359,-1.702,0.086,0.098,0.386,v1.1,"Kesses, Uasin Gishu County, Kenya"
MOLA,VEL,11.558,-30.06,-1.056,0.202,0.167,0.781,v1.1,"North Richmond, California, United States"
MONB,VEL,5.253,-27.468,-0.949,0.131,0.106,0.42,v1.1,"Milpitas, California, United States"
MONG,VEL,19.669,20.406,-0.053,0.538,0.647,2.313,v1.1,"Mongu, Western Province, Zambia"
MONI,VEL,-9.316,-16.045,0.002,0.226,0.183,0.775,v1.1,"Eureka, Nevada, United States"
MONP,VEL,16.62,-38.915,-0.636,0.067,0.059,0.243,v1.1,"Pine Valley, California, United States"
MOPI,VEL,15.216,21.509,0.858,0.048,0.034,0.17,v1.1,"Modra, Bratislava Region, Slovakia"
MOPR,VEL,11.633,8.515,-0.606,0.104,0.116,0.45,v1.1,"Punta Cana, La Altagracia Province, Dominican Republic"
MOPS,VEL,18.585,21.745,-2.87,0.197,0.153,0.6,v1.1,"Modena, Emilia-Romagna, Italy"
MOR1,VEL,4.987,-15.077,-2.37,0.125,0.103,0.428,v1.1,"East Moriches, New York, United States"
MORP,VEL,16.823,15.488,0.89,0.051,0.037,0.177,v1.1,"Hebron, England, United Kingdom"
MOUT,VEL,-7.502,-13.888,-1.987,0.213,0.156,0.85,v1.1,"Morgan, Utah, United States"
MOZI,VEL,-17.187,4.892,3.429,0.602,0.529,2.047,v1.1,"Firá, South Aegean, Greece"
MPLA,VEL,11.717,-0.201,2.362,0.418,0.347,1.48,v1.1,"Mar del Plata, Buenos Aires, Argentina"
MPLE,VEL,1.207,-15.806,-1.506,0.108,0.085,0.342,v1.1,"Mount Pleasant, Michigan, United States"
MPUT,VEL,-8.256,-15.127,0.594,0.112,0.112,0.597,v1.1,"Woodland Hills, Utah, United States"
MPWD,VEL,18.469,-39.356,-0.321,0.021,0.019,0.082,v1.1,"Moorpark, California, United States"
MQZG,VEL,30.273,-35.386,-2.165,0.135,0.104,0.458,v1.1,"Diamond Harbour, Canterbury, New Zealand"
MRDM,VEL,11.351,-35.701,0.062,0.112,0.101,0.401,v1.1,"Glendora, California, United States"
MREP,VEL,-21.982,-7.388,3.69,0.122,0.091,0.388,v1.1,"Dutch Harbor, Alaska, United States"
MRO1,VEL,57.971,38.678,-0.525,0.246,0.24,0.966,v1.1,"Kalbarri, Western Australia, Australia"
MRRN,VEL,-4.232,-15.461,-2.061,0.179,0.137,0.58,v1.1,"Martin, South Dakota, United States"
MSAI,VEL,31.995,35.841,-3.37,0.525,0.657,2.339,v1.1,"Sikabaluan, West Sumatra, Indonesia"
MSCG,VEL,4.737,-23.389,0.489,0.098,0.083,0.348,v1.1,"Morongo Valley, California, United States"
MSHP,VEL,6.45,-27.161,-0.814,0.146,0.115,0.524,v1.1,"Fremont, California, United States"
MSKU,VEL,21.256,20.301,2.499,0.228,0.264,1.032,v1.1,"Franceville, Haut-Ogooué, Gabon"
MSOB,VEL,6.847,-26.89,2.211,0.111,0.106,0.461,v1.1,"Lake Arrowhead, California, United States"
MSSA,VEL,-3.966,13.604,4.162,0.499,0.398,1.743,v1.1,"Takanomachi, Nagano, Japan"
MSSC,VEL,-0.117,-12.499,-1.151,0.093,0.086,0.369,v1.1,"Pearlington, Mississippi, United States"
MSVG,VEL,19.742,-11.92,3.429,0.136,0.103,0.534,v1.1,"Ísafjörður, Westfjords, Iceland"
MSWB,VEL,-21.891,-8.208,2.491,0.203,0.143,0.614,v1.1,"Dutch Harbor, Alaska, United States"
MTA1,VEL,13.63,-38.427,-2.427,0.189,0.188,0.798,v1.1,"Los Angeles, California, United States"
MTBG,VEL,15.932,21.676,-0.036,0.136,0.101,0.402,v1.1,"Mattersburg, Burgenland, Austria"
MTGG,VEL,16.201,-38.109,-1.082,0.096,0.081,0.327,v1.1,"Julian, California, United States"
MTJO,VEL,31.302,-29.03,-0.756,0.125,0.094,0.37,v1.1,"Twizel, Canterbury, New Zealand"
MTKA,VEL,-4.918,1.257,3.62,0.435,0.357,1.519,v1.1,"Mitaka, Tokyo, Japan"
MTY2,VEL,-3.791,-10.183,-1.803,0.598,0.618,2.244,v1.1,"San Nicolás de los Garza, Nuevo León, Mexico"
MULN,VEL,0.516,-21.226,-54.467,0.424,0.352,1.383,v1.1,"San Joaquin, California, United States"
MUSB,VEL,-1.786,-21.894,2.2,0.115,0.097,0.411,v1.1,"Auberry, California, United States"
MUSD,VEL,20.146,-41.323,2.163,0.388,0.337,1.425,v1.1,"Saticoy, California, United States"
MVFD,VEL,14.225,-36.711,-0.837,0.053,0.046,0.19,v1.1,"Julian, California, United States"
MWTP,VEL,-2.157,-21.653,-0.241,0.151,0.122,0.523,v1.1,"Mammoth Lakes, California, United States"
MXS1,VEL,8.561,-25.719,-2.741,0.45,0.418,1.816,v1.1,"Mexicali, Baja California, Mexico"
MYT2,VEL,-6.718,-13.812,-0.4,0.124,0.099,0.409,v1.1,"Roosevelt, Utah, United States"
NAGA,VEL,33.574,36.827,-6.646,0.34,0.348,1.542,v1.1,"Nagarkot, Bagmati Province, Nepal"
NAIN,VEL,10.579,-16.303,4.243,0.044,0.03,0.127,v1.1,"Happy Valley-Goose Bay, Newfoundland and Labrador, Canada"
NAIU,VEL,-8.92,-15.575,0.922,0.094,0.076,0.326,v1.1,"West Point, Utah, United States"
NAMA,VEL,27.347,34.499,0.077,0.169,0.174,0.706,v1.1,"An Nimas, 'Asir Region, Saudi Arabia"
NANO,VEL,-8.205,-8.129,1.273,0.114,0.08,0.33,v1.1,"Fairwinds, British Columbia, Canada"
NAS0,VEL,3.948,-9.142,-0.26,0.141,0.142,0.588,v1.1,"Killarney, New Providence, Bahamas"
NAUR,VEL,28.988,-67.988,-0.264,0.107,0.12,0.441,v1.1,"Yaren, Yaren District, Nauru"
NBPS,VEL,-6.783,-13.567,0.841,0.312,0.265,1.087,v1.1,"Twentynine Palms, California, United States"
NBR2,VEL,3.501,-13.358,-0.825,0.215,0.188,0.815,v1.1,"New Bern, North Carolina, United States"
NDAP,VEL,-8.876,-14.738,-0.347,0.083,0.07,0.287,v1.1,"Needles, California, United States"
NDBC,VEL,-0.2,-12.309,-1.184,0.099,0.095,0.389,v1.1,"Pearlington, Mississippi, United States"
NDS1,VEL,-1.916,-14.768,0.264,0.134,0.115,0.474,v1.1,"Cherryvale, Kansas, United States"
NDSK,VEL,-2.949,-14.52,0.006,0.429,0.371,1.587,v1.1,"Neodesha, Kansas, United States"
NEAH,VEL,-4.613,-2.92,2.04,0.085,0.06,0.269,v1.1,"Forks, Washington, United States"
NEB3,VEL,4.513,-15.707,3.92,0.597,0.436,1.85,v1.1,"Sault Ste. Marie, Michigan, United States"
NEFT,VEL,15.693,28.779,-6.854,0.349,0.271,1.147,v1.1,"Severo-Vostotchnyi Bank, Neftçala, Azerbaijan"
NEIA,VEL,12.639,-2.708,-0.206,0.142,0.141,0.663,v1.1,"Cananéia, São Paulo, Brazil"
NETP,VEL,-3.49,-12.58,-2.308,0.115,0.123,0.554,v1.1,"Houston, Texas, United States"
NETT,VEL,34.623,-21.353,2.812,0.107,0.081,0.334,v1.1,"Waikowhai, West Coast, New Zealand"
NEVA,VEL,-8.785,-15.47,-0.686,0.315,0.257,1.061,v1.1,"Beatty, Nevada, United States"
NEWL,VEL,16.907,15.754,-0.447,0.106,0.075,0.307,v1.1,"Penzance, England, United Kingdom"
NEWP,VEL,-3.013,-4.83,2.869,0.201,0.151,0.65,v1.1,"Newport, Oregon, United States"
NEWS,VEL,-9.673,-16.602,0.878,0.077,0.061,0.252,v1.1,"Lovelock, Nevada, United States"
NHRG,VEL,12.597,-38.306,0.113,0.043,0.037,0.145,v1.1,"Ojai, California, United States"
NICO,VEL,15.522,19.369,-0.292,0.044,0.038,0.153,v1.1,"Aglantziá, Nicosia, Cyprus"
NIEB,VEL,13.579,19.322,4.479,0.379,0.32,1.235,v1.1,"Corral, Los Ríos Region, Chile"
NIHU,VEL,17.419,-10.62,5.775,0.364,0.305,1.232,v1.1,"Quirihue, Ñuble, Chile"
NIST,VEL,-6.044,-15.129,-0.472,0.099,0.081,0.321,v1.1,"Boulder, Colorado, United States"
NISU,VEL,-5.911,-14.572,-0.511,0.499,0.42,1.758,v1.1,"Boulder, Colorado, United States"
NIUM,VEL,35.377,-61.487,-1.285,0.115,0.129,0.497,v1.1,"Alofi, , Niue"
NJI2,VEL,4.844,-15.194,-0.869,0.057,0.047,0.187,v1.1,"Newark, New Jersey, United States"
NKLG,VEL,19.194,22.313,-0.398,0.042,0.05,0.178,v1.1,"Ntoum, Estuaire, Gabon"
NLGN,VEL,-2.964,-15.372,-1.121,0.304,0.255,1.103,v1.1,"Plainview, Nebraska, United States"
NLIB,VEL,-1.015,-15.509,-2.851,0.116,0.1,0.441,v1.1,"North Liberty, Iowa, United States"
NLSN,VEL,41.152,-5.474,-1.347,0.29,0.233,0.89,v1.1,"Marybank, Nelson Region, New Zealand"
NMEA,VEL,46.26,19.589,-1.564,0.201,0.203,0.816,v1.1,"Nouméa, South Province, New Caledonia"
NMKM,VEL,-1.079,-14.127,-0.47,0.284,0.243,0.981,v1.1,"Tiptonville, Tennessee, United States"
NNOR,VEL,58.031,38.3,-1.115,0.073,0.07,0.339,v1.1,"Bindoon, Western Australia, Australia"
NNVN,VEL,15.593,-18.443,10.091,0.236,0.163,0.668,v1.1,"Narsaq, Kujalleq, Greenland"
NOA1,VEL,-11.578,8.047,0.609,0.138,0.118,0.48,v1.1,"Pentéli, Attica, Greece"
NOCO,VEL,14.036,-35.012,-0.107,0.05,0.043,0.17,v1.1,"Norco, California, United States"
NOMT,VEL,-8.86,-14.345,-0.808,0.046,0.034,0.151,v1.1,"Three Forks, Montana, United States"
NOPE,VEL,-8.604,-15.032,0.26,0.282,0.224,0.927,v1.1,"Pahrump, Nevada, United States"
NOPK,VEL,17.467,-37.405,-0.072,0.136,0.115,0.481,v1.1,"View Park-Windsor Hills, California, United States"
NOR1,VEL,0.296,-16.448,-1.992,0.109,0.085,0.351,v1.1,"Cadillac, Michigan, United States"
NOR2,VEL,0.608,-16.901,-2.947,0.388,0.291,1.235,v1.1,"Gaylord, Michigan, United States"
NOR3,VEL,0.555,-16.638,-0.395,0.087,0.067,0.277,v1.1,"Alpena, Michigan, United States"
NORM,VEL,-7.757,-14.072,0.095,0.138,0.102,0.447,v1.1,"Three Rivers, Oregon, United States"
NOT1,VEL,19.815,21.319,-1.049,0.042,0.037,0.154,v1.1,"Rosolini, Sicily, Italy"
NOTO,VEL,18.994,21.006,0.248,0.367,0.322,1.47,v1.1,"Rosolini, Sicily, Italy"
NOUM,VEL,46.484,21.435,-3.524,0.096,0.097,0.395,v1.1,"Nouméa, South Province, New Caledonia"
NOVA,VEL,16.066,20.226,0.647,0.104,0.081,0.335,v1.1,"Novara, Piedmont, Italy"
NOVJ,VEL,0.485,24.348,-0.525,0.559,0.373,1.715,v1.1,"Novosibirsk, Novosibirsk Oblast, Russian Federation"
NOVM,VEL,-0.37,25.723,-1.393,0.085,0.059,0.249,v1.1,"Novosibirsk, Novosibirsk Oblast, Russian Federation"
NPIT,VEL,48.746,-60.119,22.975,0.433,0.492,1.826,v1.1,"Volcano, Hawaii, United States"
NPLD,VEL,16.057,17.117,-0.734,0.359,0.256,1.027,v1.1,"Teddington, England, United Kingdom"
NPLY,VEL,39.908,0.137,-0.798,0.06,0.049,0.193,v1.1,"Mangorei, Taranaki Region, New Zealand"
NPOC,VEL,20.461,-59.526,-8.436,0.219,0.241,0.917,v1.1,"Fern Forest, Hawaii, United States"
NPRG,VEL,-9.708,-16.049,-0.214,0.198,0.15,0.627,v1.1,"Arco, Idaho, United States"
NPRI,VEL,5.749,-15.066,-0.536,0.046,0.035,0.146,v1.1,"Newport, Rhode Island, United States"
NRC1,VEL,3.715,-16.173,3.158,0.038,0.029,0.119,v1.1,"Vanier, Ontario, Canada"
NRC2,VEL,3.352,-16.225,4.461,0.577,0.426,1.79,v1.1,"Vanier, Ontario, Canada"
NRIF,VEL,20.692,24.583,0.318,0.054,0.049,0.199,v1.1,"Ar Rīshah, Aqaba, Jordan"
NRIL,VEL,-2.007,22.306,1.617,0.031,0.022,0.109,v1.1,"Talnakh, Krasnoyarsk Krai, Russian Federation"
NRL1,VEL,4.206,-14.672,-1.158,0.24,0.198,0.812,v1.1,"Glassmanor, Maryland, United States"
NRMD,VEL,45.428,21.145,-0.755,0.062,0.064,0.242,v1.1,"Nouméa, South Province, New Caledonia"
NRSK,VEL,21.108,-9.02,5.649,0.201,0.166,1.067,v1.1,"Olonkinbyen, Jan Mayen, Svalbard and Jan Mayen"
NRWY,VEL,-10.072,-15.515,-2.343,0.311,0.227,0.962,v1.1,"West Yellowstone, Montana, United States"
NSSP,VEL,17.299,28.923,0.218,0.14,0.109,0.47,v1.1,"Zovuni, Kotayk, Armenia"
NSSS,VEL,18.365,-40.353,-1.767,0.054,0.046,0.191,v1.1,"Tijuana, Baja California, Mexico"
NTKA,VEL,-6.234,-4.587,2.718,0.133,0.095,0.404,v1.1,"Tofino, British Columbia, Canada"
NTUS,VEL,-5.911,27.116,0.44,0.108,0.128,0.48,v1.1,"Boon Lay, , Singapore"
NURK,VEL,17.743,25.296,-2.887,0.251,0.297,1.061,v1.1,"Kigali, Kigali, Rwanda"
NVSK,VEL,-0.753,26.079,-0.143,0.093,0.063,0.291,v1.1,"Kol’tsovo, Novosibirsk Oblast, Russian Federation"
NWBL,VEL,20.72,10.051,3.169,0.085,0.09,0.362,v1.1,"Brades, Saint Peter, Montserrat"
NWCC,VEL,-0.126,-14.269,-1.72,0.121,0.105,0.438,v1.1,"Tiptonville, Tennessee, United States"
NWOT,VEL,-6.257,-14.977,0.364,0.669,0.567,2.313,v1.1,"Nederland, Colorado, United States"
NYA1,VEL,14.618,10.392,8.391,0.073,0.06,0.378,v1.1,"Longyearbyen, Svalbard, Svalbard and Jan Mayen"
NYAL,VEL,14.576,10.317,8.483,0.087,0.071,0.454,v1.1,"Longyearbyen, Svalbard, Svalbard and Jan Mayen"
NZRT,VEL,20.512,22.456,0.492,0.088,0.078,0.342,v1.1,"‘Uzeir, Northern District, Israel"
OAES,VEL,-5.07,-16.627,-0.04,0.042,0.035,0.144,v1.1,"Twentynine Palms, California, United States"
OAT2,VEL,15.681,-37.974,5.441,0.438,0.402,1.655,v1.1,"Stevenson Ranch, California, United States"
OBE2,VEL,15.829,20.538,0.185,0.254,0.197,0.799,v1.1,"Gilching, Bavaria, Germany"
OBE3,VEL,16.628,19.671,1.394,0.386,0.294,1.265,v1.1,"Gilching, Bavaria, Germany"
OBE4,VEL,15.588,20.443,0.082,0.059,0.045,0.173,v1.1,"Gilching, Bavaria, Germany"
OBEC,VEL,-5.758,-11.015,-0.364,0.146,0.105,0.44,v1.1,"Eugene, Oregon, United States"
OBER,VEL,15.873,20.538,-0.989,0.343,0.251,1.021,v1.1,"Gilching, Bavaria, Germany"
OBSR,VEL,-8.145,-9.396,-0.073,0.054,0.039,0.171,v1.1,"Buckley, Washington, United States"
OCEN,VEL,-0.646,-0.274,-0.288,0.089,0.064,0.255,v1.1,"Ocean Shores, Washington, United States"
OCSD,VEL,18.244,-38.859,-0.478,0.12,0.109,0.455,v1.1,"Camp Pendleton South, California, United States"
ODS5,VEL,-5.872,-12.092,-0.391,0.248,0.242,1.042,v1.1,"Odessa, Texas, United States"
OEOC,VEL,17.289,-37.862,-0.88,0.051,0.043,0.173,v1.1,"North Tustin, California, United States"
OFW2,VEL,-9.973,-13.414,-14.73,0.309,0.241,1.083,v1.1,"West Yellowstone, Montana, United States"
OFWY,VEL,-11.407,-14.931,0.274,0.43,0.332,1.364,v1.1,"West Yellowstone, Montana, United States"
OGHS,VEL,17.607,-38.284,0.385,0.356,0.314,1.302,v1.1,"Escondido, California, United States"
OHI2,VEL,10.033,14.975,1.927,0.075,0.053,0.233,v1.1,"Stanley, , Falkland Islands (Malvinas)"
OHI3,VEL,9.568,15.558,2.633,0.084,0.059,0.258,v1.1,"Stanley, , Falkland Islands (Malvinas)"
OHIG,VEL,10.27,14.063,4.847,0.327,0.223,1.066,v1.1,"Stanley, , Falkland Islands (Malvinas)"
OHLN,VEL,6.611,-26.494,-1.674,0.123,0.106,0.442,v1.1,"Hercules, California, United States"
OKEE,VEL,3.0,-16.382,-1.838,0.142,0.113,0.474,v1.1,"Marysville, Michigan, United States"
OKIT,VEL,14.621,-56.393,-14.91,0.334,0.373,1.411,v1.1,"Fern Forest, Hawaii, United States"
OKNC,VEL,0.985,-3.947,26.171,0.337,0.243,0.999,v1.1,"Dutch Harbor, Alaska, United States"
OKOM,VEL,-0.169,-13.383,0.404,0.467,0.405,1.979,v1.1,"Okolona, Mississippi, United States"
OKSO,VEL,-28.172,-8.995,5.412,0.294,0.209,0.932,v1.1,"Dutch Harbor, Alaska, United States"
OMH1,VEL,-2.404,-15.079,1.203,0.159,0.124,0.527,v1.1,"Logan, Iowa, United States"
ONAB,VEL,-2.734,-5.627,-0.697,0.083,0.064,0.261,v1.1,"Waldport, Oregon, United States"
ONSA,VEL,14.821,17.218,2.702,0.024,0.017,0.069,v1.1,"Västra Hagen, Halland, Sweden"
OPBL,VEL,-7.214,-14.745,-0.367,0.075,0.063,0.254,v1.1,"Twentynine Palms, California, United States"
OPCL,VEL,-3.097,-16.451,0.883,0.103,0.086,0.354,v1.1,"Joshua Tree, California, United States"
OPCP,VEL,-5.833,-14.457,0.978,0.126,0.112,0.475,v1.1,"Twentynine Palms, California, United States"
OPCX,VEL,-5.715,-15.091,0.268,0.058,0.049,0.198,v1.1,"Twentynine Palms, California, United States"
OPMT,VEL,16.113,18.203,-0.108,0.032,0.026,0.111,v1.1,"Maison Blanche, Île-de-France, France"
OPRD,VEL,-4.108,-16.458,1.355,0.108,0.094,0.38,v1.1,"Joshua Tree, California, United States"
ORC5,VEL,22.072,-41.642,-0.195,0.249,0.211,0.887,v1.1,"Orcutt, California, United States"
ORES,VEL,22.714,-41.587,-6.577,0.207,0.171,0.765,v1.1,"Los Alamos, California, United States"
ORID,VEL,11.744,24.08,-0.12,0.065,0.053,0.205,v1.1,"Ohrid, Ohrid, Macedonia"
ORMT,VEL,-0.212,-21.017,0.248,0.079,0.066,0.272,v1.1,"Lucerne Valley, California, United States"
ORVB,VEL,-4.31,-22.606,-0.339,0.17,0.135,0.548,v1.1,"Oroville East, California, United States"
OS0G,VEL,14.81,16.743,1.727,0.362,0.243,1.055,v1.1,"Västra Hagen, Halland, Sweden"
OSHK,VEL,8.602,27.526,0.081,0.411,0.313,1.343,v1.1,"Osh, Osh Region, Kyrgyzstan"
OSJE,VEL,15.706,22.883,-1.266,0.088,0.068,0.266,v1.1,"Osijek, County of Osijek-Baranja, Croatia"
OSN1,VEL,-12.464,26.39,1.439,0.16,0.131,0.563,v1.1,"Osan, Gyeonggi-do, Korea, Republic of"
OSN2,VEL,-12.33,26.443,1.026,0.348,0.287,1.209,v1.1,"Osan, Gyeonggi-do, Korea, Republic of"
OUS2,VEL,30.899,-32.873,-1.493,0.157,0.118,0.467,v1.1,"Dunedin, Otago, New Zealand"
OVLS,VEL,17.753,-39.806,-1.213,0.051,0.047,0.215,v1.1,"Saticoy, California, United States"
OXEC,VEL,6.141,-2.026,0.162,0.199,0.221,0.911,v1.1,"El Camarón, Oaxaca, Mexico"
OXMT,VEL,20.532,-36.634,-4.108,0.114,0.092,0.505,v1.1,"Half Moon Bay, California, United States"
OXYC,VEL,13.48,-37.406,0.08,0.052,0.044,0.173,v1.1,"Glendale, California, United States"
OYLR,VEL,-8.166,-9.73,-2.113,0.196,0.143,0.565,v1.1,"Renton, Washington, United States"
OZST,VEL,12.857,-38.565,1.498,0.052,0.044,0.189,v1.1,"Meiners Oaks, California, United States"
P001,VEL,-8.022,-13.276,-0.564,0.117,0.105,0.42,v1.1,"Sonoyta, Sonora, Mexico"
P002,VEL,-9.494,-16.359,-0.835,0.089,0.071,0.281,v1.1,"Battle Mountain, Nevada, United States"
P003,VEL,-8.05,-13.7,-0.558,0.097,0.085,0.348,v1.1,"Wellton, Arizona, United States"
P004,VEL,-8.295,-14.377,-0.708,0.063,0.052,0.205,v1.1,"Clarkdale, Arizona, United States"
P005,VEL,-9.462,-16.833,-0.992,0.064,0.053,0.235,v1.1,"McGill, Nevada, United States"
P006,VEL,-8.573,-14.538,1.113,0.094,0.079,0.311,v1.1,"Boulder City, Nevada, United States"
P007,VEL,-9.763,-16.813,-0.117,0.091,0.07,0.279,v1.1,"Jackpot, Nevada, United States"
P008,VEL,-7.858,-13.974,-0.527,0.033,0.028,0.112,v1.1,"Tuba City, Arizona, United States"
P009,VEL,-8.406,-15.021,-0.358,0.049,0.04,0.161,v1.1,"Monroe, Utah, United States"
P010,VEL,-8.433,-14.171,-0.661,0.041,0.034,0.137,v1.1,"Bagdad, Arizona, United States"
P011,VEL,-7.281,-14.07,-0.386,0.06,0.05,0.196,v1.1,"Chinle, Arizona, United States"
P012,VEL,-7.523,-14.371,-0.469,0.054,0.044,0.172,v1.1,"Monticello, Utah, United States"
P013,VEL,-9.493,-16.376,-0.677,0.092,0.07,0.279,v1.1,"Winnemucca, Nevada, United States"
P014,VEL,-7.259,-13.205,-0.311,0.051,0.045,0.186,v1.1,"Sahuarita, Arizona, United States"
P015,VEL,-7.311,-13.569,-0.078,0.05,0.043,0.169,v1.1,"Show Low, Arizona, United States"
P016,VEL,-8.745,-16.41,-0.19,0.047,0.037,0.145,v1.1,"Eagle Mountain, Utah, United States"
P017,VEL,-7.401,-17.398,0.096,0.073,0.057,0.223,v1.1,"Alturas, California, United States"
P018,VEL,-9.552,-15.906,-0.87,0.043,0.032,0.127,v1.1,"Murphy, Idaho, United States"
P019,VEL,-9.957,-15.964,-1.533,0.06,0.045,0.178,v1.1,"Glenns Ferry, Idaho, United States"
P020,VEL,-9.98,-13.333,-0.741,0.031,0.022,0.088,v1.1,"Ritzville, Washington, United States"
P021,VEL,-10.296,-13.392,-0.097,0.105,0.075,0.313,v1.1,"Republic, Washington, United States"
P022,VEL,-9.833,-13.945,-0.225,0.062,0.045,0.185,v1.1,"Island City, Oregon, United States"
P023,VEL,-9.882,-14.213,-0.215,0.071,0.054,0.223,v1.1,"McCall, Idaho, United States"
P024,VEL,-10.13,-13.936,-0.233,0.046,0.034,0.132,v1.1,"Wallace, Idaho, United States"
P025,VEL,-10.254,-13.818,0.674,0.037,0.026,0.107,v1.1,"Bonners Ferry, Idaho, United States"
P026,VEL,-6.294,-13.016,-0.351,0.03,0.027,0.106,v1.1,"Hatch, New Mexico, United States"
P027,VEL,-6.131,-13.196,-0.233,0.069,0.061,0.247,v1.1,"Boles Acres, New Mexico, United States"
P028,VEL,-6.763,-13.936,-0.621,0.047,0.039,0.153,v1.1,"Crownpoint, New Mexico, United States"
P029,VEL,-8.978,-16.224,2.442,0.093,0.075,0.291,v1.1,"Montrose, Colorado, United States"
P030,VEL,-8.063,-14.865,-0.469,0.074,0.058,0.229,v1.1,"Kemmerer, Wyoming, United States"
P031,VEL,-7.621,-13.794,-2.919,0.087,0.069,0.283,v1.1,"Rifle, Colorado, United States"
P032,VEL,-7.166,-14.751,-1.615,0.08,0.062,0.244,v1.1,"Rawlins, Wyoming, United States"
P033,VEL,-7.291,-14.576,-0.317,0.096,0.072,0.284,v1.1,"Worland, Wyoming, United States"
P034,VEL,-6.061,-13.342,-0.268,0.052,0.044,0.174,v1.1,"Carnuel, New Mexico, United States"
P035,VEL,-5.539,-13.47,0.068,0.077,0.065,0.255,v1.1,"Santa Rosa, New Mexico, United States"
P036,VEL,-5.98,-13.932,-0.953,0.055,0.046,0.182,v1.1,"Angel Fire, New Mexico, United States"
P037,VEL,-5.98,-14.247,-0.523,0.042,0.034,0.136,v1.1,"Florence, Colorado, United States"
P038,VEL,-5.123,-13.489,1.36,0.055,0.048,0.189,v1.1,"Portales, New Mexico, United States"
P039,VEL,-4.975,-14.007,1.359,0.073,0.061,0.239,v1.1,"Clayton, New Mexico, United States"
P040,VEL,-5.139,-14.403,0.695,0.074,0.06,0.237,v1.1,"Lamar, Colorado, United States"
P041,VEL,-6.695,-14.991,-0.416,0.038,0.031,0.119,v1.1,"Superior, Colorado, United States"
P042,VEL,-6.234,-14.889,-1.29,0.038,0.03,0.117,v1.1,"Wheatland, Wyoming, United States"
P043,VEL,-5.958,-15.202,-1.509,0.052,0.039,0.156,v1.1,"Newcastle, Wyoming, United States"
P044,VEL,-5.392,-14.672,-0.808,0.028,0.023,0.088,v1.1,"Akron, Colorado, United States"
P045,VEL,-9.393,-14.588,-0.87,0.052,0.038,0.155,v1.1,"Dillon, Montana, United States"
P046,VEL,-9.694,-14.164,-0.419,0.072,0.053,0.216,v1.1,"Seeley Lake, Montana, United States"
P047,VEL,-9.694,-14.032,-0.411,0.036,0.026,0.104,v1.1,"South Browning, Montana, United States"
P048,VEL,-8.133,-14.572,-1.04,0.054,0.04,0.159,v1.1,"Four Corners, Montana, United States"
P049,VEL,-8.827,-14.737,-1.359,0.04,0.029,0.115,v1.1,"Malmstrom Air Force Base, Montana, United States"
P050,VEL,-8.962,-14.722,-1.403,0.034,0.024,0.098,v1.1,"Chester, Montana, United States"
P051,VEL,-7.785,-14.903,-1.6,0.06,0.044,0.173,v1.1,"Billings, Montana, United States"
P052,VEL,-7.315,-15.391,-2.37,0.054,0.039,0.153,v1.1,"Jordan, Montana, United States"
P053,VEL,-7.999,-15.416,-2.223,0.066,0.047,0.188,v1.1,"Malta, Montana, United States"
P054,VEL,-6.264,-15.501,-2.201,0.058,0.044,0.172,v1.1,"Ekalaka, Montana, United States"
P055,VEL,-6.57,-15.523,-3.061,0.121,0.089,0.354,v1.1,"Glendive, Montana, United States"
P056,VEL,-0.499,-24.06,-28.069,0.233,0.19,0.769,v1.1,"Porterville, California, United States"
P057,VEL,-9.347,-16.202,0.186,0.049,0.038,0.149,v1.1,"Tremonton, Utah, United States"
P058,VEL,4.759,-10.912,0.796,0.227,0.183,0.852,v1.1,"Arcata, California, United States"
P059,VEL,23.82,-37.244,-0.776,0.053,0.042,0.166,v1.1,"Sea Ranch, California, United States"
P060,VEL,-5.108,-18.957,1.736,0.148,0.111,0.49,v1.1,"Dunsmuir, California, United States"
P061,VEL,-3.053,-11.138,0.326,0.099,0.073,0.313,v1.1,"Myrtle Point, Oregon, United States"
P062,VEL,-7.687,-14.834,-0.132,0.099,0.074,0.294,v1.1,"La Pine, Oregon, United States"
P063,VEL,-8.809,-12.657,-1.533,0.062,0.046,0.184,v1.1,"Madras, Oregon, United States"
P064,VEL,-7.357,-7.052,0.135,0.112,0.083,0.338,v1.1,"Port Angeles, Washington, United States"
P065,VEL,-9.211,-11.555,-1.044,0.043,0.031,0.134,v1.1,"Tieton, Washington, United States"
P066,VEL,17.666,-39.52,-0.911,0.056,0.048,0.194,v1.1,"Rumorosa, Baja California, Mexico"
P067,VEL,25.462,-39.56,-0.872,0.112,0.091,0.372,v1.1,"Cambria, California, United States"
P068,VEL,-9.143,-16.896,0.995,0.089,0.07,0.291,v1.1,"Fallon, Nevada, United States"
P069,VEL,-9.292,-16.404,-0.677,0.087,0.07,0.277,v1.1,"Fallon, Nevada, United States"
P070,VEL,-5.78,-14.073,-0.235,0.084,0.072,0.28,v1.1,"Mora, New Mexico, United States"
P071,VEL,-9.662,-16.438,0.473,0.09,0.071,0.291,v1.1,"Tonopah, Nevada, United States"
P072,VEL,-9.608,-16.361,0.068,0.087,0.068,0.277,v1.1,"Eureka, Nevada, United States"
P073,VEL,-9.78,-16.36,-0.009,0.087,0.067,0.266,v1.1,"Eureka, Nevada, United States"
P074,VEL,-9.549,-16.415,-0.586,0.032,0.026,0.103,v1.1,"Eureka, Nevada, United States"
P075,VEL,-9.625,-16.52,-0.625,0.033,0.026,0.103,v1.1,"Eureka, Nevada, United States"
P076,VEL,-9.478,-16.464,-1.078,0.06,0.047,0.189,v1.1,"Eureka, Nevada, United States"
P077,VEL,-9.454,-16.715,-0.901,0.053,0.042,0.163,v1.1,"Eureka, Nevada, United States"
P078,VEL,-8.97,-17.653,1.312,0.088,0.069,0.276,v1.1,"Winnemucca, Nevada, United States"
P079,VEL,-9.364,-16.238,-0.576,0.098,0.08,0.316,v1.1,"McGill, Nevada, United States"
P080,VEL,-9.174,-16.497,-0.584,0.05,0.039,0.161,v1.1,"McGill, Nevada, United States"
P081,VEL,-9.159,-16.414,-0.171,0.058,0.047,0.187,v1.1,"McGill, Nevada, United States"
P082,VEL,-9.027,-16.435,-0.279,0.035,0.027,0.109,v1.1,"Delta, Utah, United States"
P083,VEL,-9.713,-16.595,0.104,0.052,0.041,0.165,v1.1,"Battle Mountain, Nevada, United States"
P084,VEL,-9.098,-16.717,-0.012,0.046,0.036,0.142,v1.1,"Grantsville, Utah, United States"
P085,VEL,-10.031,-16.594,0.734,0.082,0.065,0.265,v1.1,"Battle Mountain, Nevada, United States"
P086,VEL,-8.832,-16.017,0.483,0.075,0.06,0.238,v1.1,"Stansbury park, Utah, United States"
P087,VEL,-9.669,-16.596,0.203,0.088,0.068,0.268,v1.1,"Carlin, Nevada, United States"
P088,VEL,-8.536,-14.588,0.017,0.065,0.051,0.2,v1.1,"Mount Olympus, Utah, United States"
P089,VEL,-7.983,-14.551,-0.503,0.357,0.274,1.084,v1.1,"Silver Summit, Utah, United States"
P090,VEL,-5.8,-20.6,-0.135,0.096,0.076,0.303,v1.1,"Sun Valley, Nevada, United States"
P091,VEL,-6.628,-17.218,-0.333,0.067,0.055,0.217,v1.1,"Lone Pine, California, United States"
P092,VEL,-7.348,-16.672,-0.034,0.085,0.069,0.268,v1.1,"Beatty, Nevada, United States"
P093,VEL,-4.459,-19.069,0.194,0.087,0.073,0.297,v1.1,"Lone Pine, California, United States"
P094,VEL,-7.603,-17.07,0.277,0.08,0.065,0.257,v1.1,"Big Pine, California, United States"
P095,VEL,-6.455,-19.329,0.309,0.07,0.055,0.231,v1.1,"Spanish Springs, Nevada, United States"
P096,VEL,-7.118,-18.867,0.27,0.099,0.077,0.328,v1.1,"Fernley, Nevada, United States"
P097,VEL,-7.802,-18.82,-1.243,0.052,0.042,0.173,v1.1,"Fallon, Nevada, United States"
P098,VEL,-8.158,-18.338,-0.745,0.107,0.084,0.338,v1.1,"Lovelock, Nevada, United States"
P099,VEL,-8.077,-16.813,0.665,0.084,0.066,0.256,v1.1,"Fallon, Nevada, United States"
P100,VEL,-9.396,-17.15,-0.183,0.037,0.029,0.126,v1.1,"Burley, Idaho, United States"
P101,VEL,-8.478,-14.697,-0.471,0.068,0.053,0.208,v1.1,"Randolph, Utah, United States"
P102,VEL,-9.593,-16.658,0.062,0.05,0.039,0.152,v1.1,"Eureka, Nevada, United States"
P103,VEL,-8.94,-16.278,-0.346,0.079,0.063,0.251,v1.1,"Delta, Utah, United States"
P104,VEL,-8.708,-16.029,-0.793,0.047,0.037,0.146,v1.1,"Delta, Utah, United States"
P105,VEL,-8.793,-16.453,-1.514,0.081,0.066,0.258,v1.1,"Delta, Utah, United States"
P106,VEL,-8.554,-16.378,-0.141,0.059,0.048,0.19,v1.1,"Delta, Utah, United States"
P107,VEL,-6.738,-13.754,-0.547,0.058,0.049,0.193,v1.1,"Grants, New Mexico, United States"
P108,VEL,-8.16,-15.637,0.001,0.082,0.065,0.262,v1.1,"Nephi, Utah, United States"
P109,VEL,-8.269,-14.922,-0.363,0.08,0.066,0.265,v1.1,"Fountain Green, Utah, United States"
P110,VEL,-8.228,-14.782,-0.013,0.123,0.099,0.381,v1.1,"Fountain Green, Utah, United States"
P111,VEL,-9.422,-17.024,0.468,0.063,0.049,0.195,v1.1,"Malad City, Idaho, United States"
P112,VEL,-8.207,-14.537,-0.123,0.054,0.043,0.171,v1.1,"Fairview, Utah, United States"
P113,VEL,-9.19,-16.779,0.053,0.052,0.04,0.161,v1.1,"Wendover, Utah, United States"
P114,VEL,-9.003,-16.467,0.196,0.047,0.037,0.146,v1.1,"Grantsville, Utah, United States"
P115,VEL,-8.878,-16.585,0.123,0.035,0.027,0.109,v1.1,"Grantsville, Utah, United States"
P116,VEL,-8.791,-16.087,0.504,0.061,0.048,0.186,v1.1,"Herriman, Utah, United States"
P117,VEL,-8.693,-15.86,1.266,0.072,0.063,0.274,v1.1,"Cedar Hills, Utah, United States"
P118,VEL,-8.281,-14.6,-0.484,0.054,0.042,0.167,v1.1,"Kamas, Utah, United States"
P119,VEL,-8.182,-14.514,-0.641,0.037,0.029,0.121,v1.1,"Oakley, Utah, United States"
P120,VEL,-5.777,-13.489,-0.066,0.09,0.076,0.301,v1.1,"Moriarty, New Mexico, United States"
P121,VEL,-9.437,-16.469,0.339,0.061,0.047,0.185,v1.1,"Garland, Utah, United States"
P122,VEL,-9.438,-15.795,-0.169,0.088,0.068,0.274,v1.1,"Tremonton, Utah, United States"
P123,VEL,-6.172,-14.101,-0.639,0.046,0.038,0.152,v1.1,"Questa, New Mexico, United States"
P124,VEL,-8.839,-15.195,-0.395,0.06,0.046,0.193,v1.1,"Brigham City, Utah, United States"
P125,VEL,-9.083,-15.57,-0.324,0.088,0.067,0.268,v1.1,"Wellsville, Utah, United States"
P126,VEL,-8.573,-15.285,-1.383,0.1,0.083,0.352,v1.1,"Hyrum, Utah, United States"
P127,VEL,-5.92,-19.428,0.034,0.075,0.062,0.26,v1.1,"Sparks, Nevada, United States"
P128,VEL,-6.996,-18.496,0.071,0.083,0.066,0.266,v1.1,"Silver Springs, Nevada, United States"
P129,VEL,-7.502,-17.552,-0.704,0.109,0.086,0.341,v1.1,"Fallon, Nevada, United States"
P130,VEL,-6.659,-18.823,-1.185,0.085,0.068,0.272,v1.1,"Fallon, Nevada, United States"
P131,VEL,-7.965,-17.985,-0.714,0.105,0.083,0.334,v1.1,"Fallon, Nevada, United States"
P132,VEL,-8.419,-16.968,-1.179,0.123,0.098,0.392,v1.1,"Hawthorne, Nevada, United States"
P133,VEL,-6.937,-17.601,0.499,0.087,0.069,0.279,v1.1,"Hawthorne, Nevada, United States"
P134,VEL,-5.878,-18.637,0.224,0.087,0.067,0.267,v1.1,"Yerington, Nevada, United States"
P135,VEL,-4.918,-19.15,0.095,0.114,0.09,0.366,v1.1,"Yerington, Nevada, United States"
P136,VEL,-4.382,-20.235,0.443,0.087,0.071,0.301,v1.1,"Topaz Ranch Estates, Nevada, United States"
P137,VEL,-7.709,-17.932,-0.842,0.063,0.051,0.22,v1.1,"Janesville, California, United States"
P138,VEL,-8.136,-18.361,-0.911,0.052,0.044,0.192,v1.1,"Lovelock, Nevada, United States"
P139,VEL,-6.344,-19.529,-0.192,0.121,0.095,0.386,v1.1,"Spanish Springs, Nevada, United States"
P140,VEL,-3.675,-22.454,-0.513,0.131,0.114,0.499,v1.1,"Camino, California, United States"
P141,VEL,-3.713,-22.582,-1.802,0.07,0.056,0.241,v1.1,"Sunnyside-Tahoe City, California, United States"
P142,VEL,-4.163,-21.618,-1.204,0.115,0.091,0.38,v1.1,"Indian Hills, Nevada, United States"
P143,VEL,-3.524,-22.133,-1.553,0.097,0.078,0.309,v1.1,"Gardnerville Ranchos, Nevada, United States"
P144,VEL,-3.996,-22.313,-1.708,0.065,0.053,0.229,v1.1,"Downieville, California, United States"
P145,VEL,-7.754,-17.4,-0.67,0.04,0.031,0.122,v1.1,"Alturas, California, United States"
P146,VEL,-4.054,-21.973,-0.636,0.033,0.026,0.105,v1.1,"Truckee, California, United States"
P147,VEL,-5.53,-20.658,-0.346,0.149,0.116,0.452,v1.1,"Portola, California, United States"
P148,VEL,-5.757,-19.636,-0.242,0.102,0.081,0.33,v1.1,"Susanville, California, United States"
P149,VEL,-5.278,-20.516,1.379,0.121,0.096,0.385,v1.1,"Verdi, Nevada, United States"
P150,VEL,-4.315,-22.034,-0.865,0.04,0.033,0.138,v1.1,"Kings Beach, California, United States"
P151,VEL,-6.576,-19.423,-0.882,0.148,0.116,0.466,v1.1,"Janesville, California, United States"
P154,VEL,-3.897,-14.671,0.505,0.116,0.083,0.37,v1.1,"Happy Camp, California, United States"
P155,VEL,-4.084,-16.146,-0.35,0.074,0.058,0.238,v1.1,"Willow Creek, California, United States"
P156,VEL,12.046,-31.744,-1.091,0.086,0.068,0.304,v1.1,"Redway, California, United States"
P157,VEL,20.573,-30.867,0.408,0.11,0.085,0.34,v1.1,"Rio Dell, California, United States"
P158,VEL,11.066,-17.889,2.465,0.18,0.141,0.579,v1.1,"Rio Dell, California, United States"
P159,VEL,14.077,-14.781,-0.507,0.157,0.118,0.484,v1.1,"Ferndale, California, United States"
P160,VEL,8.996,-14.971,1.201,0.169,0.13,0.521,v1.1,"Hydesville, California, United States"
P161,VEL,9.213,-11.827,-0.993,0.199,0.156,0.696,v1.1,"Fortuna, California, United States"
P162,VEL,8.64,-10.094,-0.853,0.181,0.134,0.555,v1.1,"Humboldt Hill, California, United States"
P163,VEL,12.46,-26.287,1.456,0.053,0.042,0.17,v1.1,"Redway, California, United States"
P164,VEL,3.368,-26.591,-0.204,0.049,0.037,0.171,v1.1,"Redway, California, United States"
P165,VEL,6.115,-24.194,1.837,0.228,0.191,0.812,v1.1,"Redway, California, United States"
P166,VEL,4.514,-18.423,1.757,0.204,0.167,0.772,v1.1,"Rio Dell, California, United States"
P167,VEL,3.941,-16.56,1.438,0.129,0.101,0.406,v1.1,"Hydesville, California, United States"
P168,VEL,2.826,-14.072,1.75,0.196,0.155,0.621,v1.1,"Blue Lake, California, United States"
P169,VEL,3.654,-12.05,2.175,0.183,0.142,0.567,v1.1,"Blue Lake, California, United States"
P170,VEL,-0.065,-14.036,2.226,0.112,0.084,0.372,v1.1,"Blue Lake, California, United States"
P171,VEL,24.197,-40.421,-1.059,0.095,0.077,0.305,v1.1,"Carmel Valley Village, California, United States"
P172,VEL,24.489,-40.733,0.461,0.112,0.09,0.396,v1.1,"Carmel Valley Village, California, United States"
P173,VEL,23.593,-40.172,0.177,0.067,0.055,0.221,v1.1,"King City, California, United States"
P174,VEL,22.779,-39.827,-0.078,0.096,0.078,0.317,v1.1,"King City, California, United States"
P175,VEL,22.862,-39.795,1.241,0.065,0.054,0.221,v1.1,"Greenfield, California, United States"
P176,VEL,19.263,-36.176,-0.718,0.121,0.092,0.408,v1.1,"Highlands-Baywood Park, California, United States"
P177,VEL,22.009,-36.919,-1.243,0.071,0.06,0.239,v1.1,"Moss Beach, California, United States"
P178,VEL,17.016,-34.34,-0.665,0.078,0.071,0.328,v1.1,"Highlands-Baywood Park, California, United States"
P179,VEL,-3.312,-13.424,-0.218,0.06,0.045,0.185,v1.1,"Cave Junction, Oregon, United States"
P180,VEL,23.59,-39.882,-0.123,0.08,0.065,0.257,v1.1,"Soledad, California, United States"
P181,VEL,12.569,-30.974,-0.556,0.092,0.073,0.304,v1.1,"Richmond, California, United States"
P182,VEL,20.586,-33.76,-1.154,0.084,0.066,0.275,v1.1,"Monte Rio, California, United States"
P183,VEL,21.624,-34.549,-1.22,0.082,0.065,0.261,v1.1,"Bodega Bay, California, United States"
P184,VEL,18.687,-35.775,-1.089,0.039,0.03,0.127,v1.1,"Fort Bragg, California, United States"
P185,VEL,17.264,-35.18,-1.379,0.066,0.053,0.209,v1.1,"Fort Bragg, California, United States"
P186,VEL,14.401,-33.44,-1.49,0.112,0.08,0.411,v1.1,"Boonville, California, United States"
P187,VEL,12.192,-34.649,0.225,0.127,0.111,0.485,v1.1,"Fort Bragg, California, United States"
P188,VEL,18.097,-32.432,-1.13,0.065,0.049,0.313,v1.1,"Sea Ranch, California, United States"
P189,VEL,14.885,-32.703,0.058,0.053,0.043,0.177,v1.1,"Boonville, California, United States"
P190,VEL,6.201,-29.552,0.831,0.124,0.097,0.39,v1.1,"Redwood Valley, California, United States"
P191,VEL,-3.813,-13.748,-0.624,0.138,0.106,0.435,v1.1,"Cave Junction, Oregon, United States"
P192,VEL,3.17,-27.77,0.294,0.108,0.085,0.351,v1.1,"Redwood Valley, California, United States"
P193,VEL,21.088,-35.05,-0.845,0.107,0.084,0.343,v1.1,"Inverness, California, United States"
P194,VEL,17.346,-32.341,-2.231,0.089,0.071,0.29,v1.1,"Inverness, California, United States"
P195,VEL,14.505,-29.926,2.203,0.172,0.129,0.773,v1.1,"Healdsburg, California, United States"
P196,VEL,14.422,-29.829,-1.448,0.096,0.078,0.307,v1.1,"Cotati, California, United States"
P197,VEL,14.592,-29.536,-1.515,0.093,0.074,0.305,v1.1,"Roseland, California, United States"
P198,VEL,12.52,-29.616,-1.57,0.069,0.055,0.226,v1.1,"Petaluma, California, United States"
P199,VEL,9.201,-27.265,-3.683,0.133,0.106,0.432,v1.1,"Temelec, California, United States"
P200,VEL,9.15,-27.618,-2.663,0.157,0.125,0.509,v1.1,"Temelec, California, United States"
P201,VEL,7.088,-25.227,-0.733,0.119,0.093,0.372,v1.1,"Calistoga, California, United States"
P202,VEL,7.075,-26.75,-1.805,0.126,0.107,0.451,v1.1,"Kenwood, California, United States"
P203,VEL,5.298,-27.02,-0.414,0.148,0.118,0.462,v1.1,"Cloverdale, California, United States"
P204,VEL,7.316,-25.023,-2.741,0.091,0.074,0.297,v1.1,"Middletown, California, United States"
P205,VEL,1.963,-27.374,-0.617,0.125,0.102,0.475,v1.1,"Upper Lake, California, United States"
P206,VEL,3.941,-24.128,-1.48,0.087,0.066,0.279,v1.1,"Hidden Valley Lake, California, United States"
P207,VEL,-3.75,-24.388,-1.513,0.116,0.091,0.365,v1.1,"Lucerne, California, United States"
P208,VEL,-4.463,-22.576,-0.038,0.077,0.062,0.251,v1.1,"Williams, California, United States"
P209,VEL,21.945,-38.612,0.25,0.089,0.074,0.303,v1.1,"Bonny Doon, California, United States"
P210,VEL,21.249,-39.564,-0.446,0.041,0.033,0.132,v1.1,"Elkhorn, California, United States"
P211,VEL,20.307,-38.837,-0.473,0.108,0.082,0.389,v1.1,"Las Lomas, California, United States"
P212,VEL,20.85,-38.237,-0.258,0.074,0.064,0.267,v1.1,"La Selva Beach, California, United States"
P213,VEL,16.866,-33.88,-0.905,0.053,0.044,0.192,v1.1,"Los Gatos, California, United States"
P214,VEL,18.649,-36.585,0.03,0.086,0.078,0.481,v1.1,"Corralitos, California, United States"
P215,VEL,15.441,-34.184,-1.708,0.154,0.126,0.564,v1.1,"Corralitos, California, United States"
P216,VEL,16.196,-35.107,0.084,0.091,0.072,0.34,v1.1,"Interlaken, California, United States"
P217,VEL,11.696,-32.142,0.264,0.115,0.098,0.426,v1.1,"Morgan Hill, California, United States"
P218,VEL,11.27,-32.57,-0.465,0.1,0.081,0.337,v1.1,"Morgan Hill, California, United States"
P219,VEL,20.107,-36.384,-0.998,0.125,0.102,0.419,v1.1,"Portola Valley, California, United States"
P220,VEL,18.774,-35.595,-0.61,0.054,0.043,0.173,v1.1,"Portola Valley, California, United States"
P221,VEL,16.198,-33.328,-0.036,0.049,0.038,0.165,v1.1,"Loyola, California, United States"
P222,VEL,12.463,-32.092,-0.395,0.074,0.059,0.237,v1.1,"Newark, California, United States"
P223,VEL,7.336,-27.732,-1.47,0.111,0.089,0.354,v1.1,"Ashland, California, United States"
P224,VEL,7.324,-27.104,-0.143,0.083,0.065,0.269,v1.1,"Piedmont, California, United States"
P225,VEL,6.298,-27.922,-0.644,0.112,0.092,0.39,v1.1,"Castro Valley, California, United States"
P226,VEL,12.84,-30.87,1.385,0.208,0.168,0.677,v1.1,"Alum Rock, California, United States"
P227,VEL,1.952,-24.043,0.485,0.072,0.058,0.232,v1.1,"Livermore, California, United States"
P228,VEL,-0.086,-23.981,-0.748,0.093,0.076,0.31,v1.1,"Livermore, California, United States"
P229,VEL,4.095,-26.259,0.066,0.076,0.061,0.245,v1.1,"San Ramon, California, United States"
P230,VEL,-2.286,-22.952,0.552,0.081,0.066,0.27,v1.1,"Blackhawk, California, United States"
P231,VEL,23.25,-40.333,-0.501,0.079,0.064,0.258,v1.1,"Pacific Grove, California, United States"
P232,VEL,22.532,-39.556,0.616,0.085,0.069,0.277,v1.1,"Salinas, California, United States"
P233,VEL,14.551,-29.838,-2.157,0.118,0.096,0.382,v1.1,"Hollister, California, United States"
P234,VEL,20.308,-38.838,0.009,0.108,0.088,0.357,v1.1,"San Juan Bautista, California, United States"
P235,VEL,21.953,-39.061,-1.421,0.147,0.121,0.488,v1.1,"San Juan Bautista, California, United States"
P236,VEL,13.546,-33.595,2.065,0.133,0.109,0.435,v1.1,"San Juan Bautista, California, United States"
P237,VEL,22.671,-39.737,1.082,0.086,0.07,0.307,v1.1,"Gonzales, California, United States"
P238,VEL,13.129,-29.207,-0.117,0.174,0.141,0.571,v1.1,"Hollister, California, United States"
P239,VEL,11.401,-32.683,-0.103,0.099,0.081,0.327,v1.1,"Gilroy, California, United States"
P240,VEL,11.044,-31.956,-0.163,0.054,0.043,0.176,v1.1,"Gilroy, California, United States"
P241,VEL,1.124,-25.952,-0.94,0.115,0.094,0.374,v1.1,"Morgan Hill, California, United States"
P242,VEL,10.877,-31.284,-4.402,0.068,0.056,0.231,v1.1,"Gilroy, California, United States"
P243,VEL,-0.485,-24.897,1.206,0.192,0.156,0.621,v1.1,"Hollister, California, United States"
P244,VEL,-1.625,-24.7,0.642,0.123,0.099,0.416,v1.1,"Hollister, California, United States"
P245,VEL,-2.129,-22.413,2.433,0.128,0.103,0.424,v1.1,"Yosemite Valley, California, United States"
P247,VEL,22.898,-39.606,0.155,0.105,0.085,0.343,v1.1,"Soledad, California, United States"
P248,VEL,-1.558,-23.268,0.38,0.094,0.075,0.303,v1.1,"Pittsburg, California, United States"
P249,VEL,0.309,-21.065,1.769,0.112,0.091,0.358,v1.1,"Soledad, California, United States"
P250,VEL,-1.089,-24.345,-0.818,0.142,0.116,0.469,v1.1,"Hollister, California, United States"
P251,VEL,2.436,-24.399,2.967,0.136,0.11,0.441,v1.1,"Ridgemark, California, United States"
P252,VEL,-2.53,-22.807,2.491,0.132,0.107,0.438,v1.1,"Gustine, California, United States"
P253,VEL,0.149,-24.189,1.426,0.135,0.11,0.487,v1.1,"East Foothills, California, United States"
P254,VEL,-1.934,-23.006,-0.658,0.107,0.085,0.34,v1.1,"Tracy, California, United States"
P255,VEL,-1.95,-22.579,1.63,0.133,0.106,0.43,v1.1,"Tracy, California, United States"
P256,VEL,-2.872,-23.062,-0.957,0.071,0.057,0.229,v1.1,"Discovery Bay, California, United States"
P257,VEL,-2.157,-23.213,-1.288,0.082,0.066,0.267,v1.1,"Tracy, California, United States"
P258,VEL,-2.825,-22.788,-0.612,0.102,0.081,0.342,v1.1,"Patterson, California, United States"
P259,VEL,-2.967,-22.287,-1.967,0.099,0.079,0.323,v1.1,"Patterson, California, United States"
P260,VEL,-3.584,-22.964,0.088,0.768,0.617,2.474,v1.1,"Salida, California, United States"
P261,VEL,2.398,-23.974,-1.12,0.101,0.081,0.321,v1.1,"American Canyon, California, United States"
P262,VEL,3.818,-24.788,-0.088,0.146,0.114,0.479,v1.1,"Vine Hill, California, United States"
P263,VEL,3.396,-24.7,-1.293,0.078,0.065,0.265,v1.1,"Angwin, California, United States"
P264,VEL,-0.478,-23.633,1.372,0.181,0.137,0.589,v1.1,"Yountville, California, United States"
P265,VEL,-3.005,-22.906,-2.34,0.116,0.093,0.383,v1.1,"Winters, California, United States"
P266,VEL,-2.78,-22.825,-1.4,0.1,0.077,0.318,v1.1,"Rio Vista, California, United States"
P267,VEL,-3.161,-22.165,-3.139,0.042,0.033,0.131,v1.1,"Dixon, California, United States"
P268,VEL,-3.698,-23.787,-2.77,0.063,0.051,0.201,v1.1,"Davis, California, United States"
P269,VEL,-3.483,-20.957,-1.49,0.132,0.117,0.5,v1.1,"Williams, California, United States"
P270,VEL,-4.849,-22.475,-1.257,0.088,0.069,0.276,v1.1,"Colusa, California, United States"
P271,VEL,-3.984,-23.393,-4.118,0.203,0.159,0.65,v1.1,"Woodland, California, United States"
P272,VEL,-5.537,-21.699,-2.028,0.084,0.065,0.268,v1.1,"Colusa, California, United States"
P273,VEL,-2.896,-23.282,-2.702,0.129,0.101,0.413,v1.1,"Woodbridge, California, United States"
P274,VEL,-3.465,-23.704,-2.204,0.213,0.17,0.714,v1.1,"Walnut Grove, California, United States"
P275,VEL,-3.6,-23.0,-1.906,0.157,0.126,0.5,v1.1,"Herald, California, United States"
P276,VEL,-3.55,-22.987,-1.857,0.1,0.079,0.315,v1.1,"El Dorado Hills, California, United States"
P277,VEL,23.932,-39.034,-1.49,0.087,0.071,0.281,v1.1,"Portola Valley, California, United States"
P278,VEL,22.589,-40.384,1.472,0.086,0.071,0.28,v1.1,"Cambria, California, United States"
P279,VEL,22.735,-39.663,-0.249,0.096,0.079,0.314,v1.1,"Lake Nacimiento, California, United States"
P280,VEL,19.019,-36.554,0.066,0.099,0.082,0.334,v1.1,"Shandon, California, United States"
P281,VEL,16.342,-32.364,1.108,0.199,0.166,0.693,v1.1,"Shandon, California, United States"
P282,VEL,8.423,-26.708,2.298,0.088,0.072,0.294,v1.1,"Shandon, California, United States"
P283,VEL,8.222,-26.961,0.809,0.101,0.083,0.349,v1.1,"Shandon, California, United States"
P284,VEL,21.104,-38.557,-0.494,0.061,0.049,0.198,v1.1,"Lake Nacimiento, California, United States"
P285,VEL,2.221,-23.32,3.04,0.134,0.109,0.442,v1.1,"King City, California, United States"
P286,VEL,0.084,-22.067,0.561,0.11,0.089,0.368,v1.1,"King City, California, United States"
P287,VEL,21.432,-38.845,0.111,0.114,0.091,0.372,v1.1,"San Miguel, California, United States"
P288,VEL,21.895,-39.841,0.457,0.064,0.053,0.214,v1.1,"King City, California, United States"
P289,VEL,21.757,-39.619,0.121,0.065,0.054,0.213,v1.1,"San Miguel, California, United States"
P290,VEL,0.165,-21.215,1.559,0.105,0.086,0.34,v1.1,"Coalinga, California, United States"
P291,VEL,21.149,-37.36,0.506,0.151,0.123,0.497,v1.1,"San Miguel, California, United States"
P292,VEL,4.959,-21.628,1.065,0.174,0.147,0.642,v1.1,"Coalinga, California, United States"
P293,VEL,2.878,-21.772,1.803,0.05,0.041,0.162,v1.1,"Coalinga, California, United States"
P294,VEL,2.602,-21.045,2.357,0.087,0.071,0.28,v1.1,"Coalinga, California, United States"
P295,VEL,21.586,-38.94,0.803,0.095,0.079,0.324,v1.1,"Lake Nacimiento, California, United States"
P296,VEL,3.41,-21.202,1.205,0.11,0.091,0.363,v1.1,"Coalinga, California, United States"
P297,VEL,20.035,-35.823,0.972,0.186,0.158,0.645,v1.1,"Coalinga, California, United States"
P298,VEL,3.116,-21.481,1.337,0.116,0.095,0.382,v1.1,"Coalinga, California, United States"
P299,VEL,2.632,-20.501,3.152,0.136,0.123,0.521,v1.1,"Coalinga, California, United States"
P300,VEL,-0.551,-22.372,-0.263,0.254,0.206,0.855,v1.1,"Coalinga, California, United States"
P301,VEL,-1.926,-21.394,1.71,0.124,0.099,0.4,v1.1,"South Dos Palos, California, United States"
P302,VEL,-1.586,-21.728,0.205,0.215,0.174,0.708,v1.1,"Mendota, California, United States"
P303,VEL,-1.012,-22.969,-32.486,0.191,0.157,0.637,v1.1,"South Dos Palos, California, United States"
P304,VEL,-0.367,-22.711,-11.626,0.347,0.285,1.127,v1.1,"Mendota, California, United States"
P305,VEL,-2.517,-22.625,1.895,0.162,0.13,0.537,v1.1,"Le Grand, California, United States"
P306,VEL,-2.745,-23.252,0.907,0.181,0.15,0.602,v1.1,"East Oakdale, California, United States"
P307,VEL,0.244,-25.625,-46.496,0.357,0.289,1.224,v1.1,"Madera, California, United States"
P308,VEL,-2.381,-22.777,0.58,0.183,0.155,0.678,v1.1,"Yosemite Valley, California, United States"
P309,VEL,-2.602,-23.983,1.221,0.125,0.1,0.408,v1.1,"Rancho Calaveras, California, United States"
P310,VEL,-3.334,-22.139,1.604,0.136,0.115,0.475,v1.1,"Pollock Pines, California, United States"
P311,VEL,-2.376,-20.532,-0.513,0.101,0.081,0.319,v1.1,"West Bishop, California, United States"
P312,VEL,12.683,-35.045,-2.946,0.119,0.095,0.507,v1.1,"Fort Bragg, California, United States"
P313,VEL,9.872,-34.164,-1.552,0.093,0.071,0.314,v1.1,"Laytonville, California, United States"
P314,VEL,7.51,-34.532,-1.216,0.041,0.032,0.125,v1.1,"Laytonville, California, United States"
P315,VEL,8.416,-33.649,-0.258,0.06,0.049,0.209,v1.1,"Redway, California, United States"
P316,VEL,-2.188,-13.245,-0.781,0.151,0.116,0.535,v1.1,"Bertsch-Oceanview, California, United States"
P317,VEL,2.193,-29.644,-1.014,0.061,0.047,0.24,v1.1,"Laytonville, California, United States"
P318,VEL,3.248,-30.324,-2.321,0.102,0.079,0.323,v1.1,"Brooktrails, California, United States"
P319,VEL,-1.538,-30.177,0.398,0.137,0.109,0.451,v1.1,"Covelo, California, United States"
P320,VEL,2.572,-29.687,-0.641,0.088,0.064,0.294,v1.1,"Willits, California, United States"
P321,VEL,3.819,-27.184,-1.319,0.065,0.06,0.277,v1.1,"Covelo, California, United States"
P322,VEL,-4.005,-23.647,-0.52,0.121,0.093,0.378,v1.1,"Covelo, California, United States"
P324,VEL,1.908,-22.835,-0.463,0.054,0.042,0.168,v1.1,"Redway, California, United States"
P325,VEL,-2.158,-13.076,1.948,0.128,0.098,0.394,v1.1,"Westhaven-Moonstone, California, United States"
P326,VEL,-2.402,-18.651,1.833,0.22,0.171,0.734,v1.1,"Willow Creek, California, United States"
P327,VEL,-3.398,-19.491,0.34,0.125,0.096,0.401,v1.1,"Hayfork, California, United States"
P329,VEL,0.57,-26.052,-1.096,0.144,0.111,0.442,v1.1,"Covelo, California, United States"
P330,VEL,-4.157,-21.383,-1.092,0.105,0.08,0.32,v1.1,"Hayfork, California, United States"
P331,VEL,-3.95,-18.051,-0.998,0.122,0.093,0.373,v1.1,"Hayfork, California, United States"
P332,VEL,-4.243,-19.896,-1.182,0.122,0.093,0.379,v1.1,"Hayfork, California, United States"
P333,VEL,-3.571,-23.983,-1.344,0.122,0.099,0.419,v1.1,"Covelo, California, United States"
P334,VEL,-4.002,-23.286,-0.609,0.084,0.066,0.264,v1.1,"Upper Lake, California, United States"
P335,VEL,-4.231,-23.242,-0.592,0.047,0.037,0.149,v1.1,"Covelo, California, United States"
P336,VEL,-4.929,-22.218,-0.31,0.071,0.056,0.221,v1.1,"Willows, California, United States"
P337,VEL,-4.475,-20.836,-0.893,0.148,0.118,0.494,v1.1,"Hayfork, California, United States"
P338,VEL,-4.784,-19.187,0.119,0.076,0.059,0.242,v1.1,"Weaverville, California, United States"
P339,VEL,-4.751,-21.728,-0.893,0.095,0.075,0.3,v1.1,"Rancho Tehama Reserve, California, United States"
P340,VEL,-4.568,-23.718,-2.231,0.208,0.165,0.993,v1.1,"Redwood Valley, California, United States"
P341,VEL,-5.12,-20.195,1.427,0.158,0.119,0.511,v1.1,"Shasta, California, United States"
P343,VEL,-3.824,-17.471,-0.896,0.117,0.09,0.356,v1.1,"Willow Creek, California, United States"
P344,VEL,-4.977,-22.23,-0.163,0.082,0.064,0.257,v1.1,"Los Molinos, California, United States"
P345,VEL,-5.2,-21.418,0.259,0.078,0.061,0.255,v1.1,"Red Bluff, California, United States"
P346,VEL,-4.492,-22.286,-1.722,0.115,0.088,0.357,v1.1,"East Quincy, California, United States"
P347,VEL,-6.856,-18.489,-1.107,0.132,0.1,0.406,v1.1,"Alturas, California, United States"
P348,VEL,-6.164,-19.473,-0.55,0.051,0.04,0.158,v1.1,"Burney, California, United States"
P349,VEL,-5.758,-19.593,2.238,0.158,0.132,0.576,v1.1,"Shasta Lake, California, United States"
P350,VEL,-10.032,-16.332,-0.641,0.041,0.032,0.133,v1.1,"Fairfield, Idaho, United States"
P351,VEL,-9.819,-16.121,-0.56,0.046,0.034,0.136,v1.1,"Ketchum, Idaho, United States"
P352,VEL,-10.15,-16.197,0.404,0.13,0.1,0.4,v1.1,"Sun Valley, Idaho, United States"
P353,VEL,-9.837,-16.064,-0.252,0.061,0.045,0.179,v1.1,"Challis, Idaho, United States"
P354,VEL,-9.721,-15.851,-0.169,0.049,0.037,0.146,v1.1,"Challis, Idaho, United States"
P355,VEL,-9.452,-15.297,-0.281,0.071,0.054,0.215,v1.1,"Challis, Idaho, United States"
P356,VEL,-9.092,-15.726,-0.413,0.081,0.06,0.278,v1.1,"Jackson, Wyoming, United States"
P357,VEL,-9.385,-15.57,0.427,0.084,0.064,0.257,v1.1,"Arco, Idaho, United States"
P358,VEL,-9.325,-14.96,-0.456,0.07,0.053,0.204,v1.1,"Arco, Idaho, United States"
P359,VEL,-10.327,-16.549,-0.451,0.071,0.054,0.208,v1.1,"Iona, Idaho, United States"
P360,VEL,-10.8,-16.721,-0.999,0.074,0.055,0.213,v1.1,"Ashton, Idaho, United States"
P361,VEL,-10.997,-17.089,1.782,0.117,0.089,0.345,v1.1,"West Yellowstone, Montana, United States"
P362,VEL,-2.094,-10.837,1.268,0.059,0.046,0.185,v1.1,"Harbor, Oregon, United States"
P363,VEL,-3.065,-11.209,0.363,0.098,0.075,0.314,v1.1,"Myrtle Point, Oregon, United States"
P364,VEL,-0.563,-7.418,2.125,0.109,0.082,0.33,v1.1,"Bandon, Oregon, United States"
P365,VEL,-2.157,-8.635,0.48,0.036,0.027,0.106,v1.1,"North Bend, Oregon, United States"
P366,VEL,-2.631,-8.709,-0.891,0.136,0.101,0.42,v1.1,"Reedsport, Oregon, United States"
P367,VEL,-3.023,-5.619,-0.597,0.064,0.048,0.187,v1.1,"Newport, Oregon, United States"
P368,VEL,-4.209,-13.946,0.029,0.035,0.026,0.105,v1.1,"Merlin, Oregon, United States"
P369,VEL,-4.556,-12.406,0.064,0.09,0.067,0.301,v1.1,"Winston, Oregon, United States"
P370,VEL,-5.342,-15.045,-0.514,0.051,0.039,0.156,v1.1,"Ashland, Oregon, United States"
P371,VEL,-5.341,-12.449,-0.152,0.055,0.042,0.172,v1.1,"Glide, Oregon, United States"
P372,VEL,-9.859,-13.864,-0.327,0.038,0.028,0.113,v1.1,"Enterprise, Oregon, United States"
P373,VEL,-5.064,-11.515,-0.274,0.069,0.052,0.209,v1.1,"Drain, Oregon, United States"
P374,VEL,-4.275,-8.794,0.212,0.091,0.066,0.28,v1.1,"Philomath, Oregon, United States"
P375,VEL,-4.591,-8.431,0.824,0.075,0.056,0.222,v1.1,"Philomath, Oregon, United States"
P376,VEL,-5.304,-9.16,-0.226,0.051,0.037,0.152,v1.1,"Salem, Oregon, United States"
P377,VEL,-6.235,-10.858,-0.38,0.063,0.046,0.189,v1.1,"Springfield, Oregon, United States"
P378,VEL,-6.023,-9.842,-0.083,0.067,0.05,0.198,v1.1,"Lebanon, Oregon, United States"
P379,VEL,-6.617,-10.52,-0.765,0.118,0.087,0.343,v1.1,"Sweet Home, Oregon, United States"
P380,VEL,-6.797,-15.648,-0.634,0.072,0.055,0.216,v1.1,"Klamath Falls, Oregon, United States"
P381,VEL,-8.471,-14.775,-0.65,0.062,0.046,0.182,v1.1,"Lakeview, Oregon, United States"
P382,VEL,-7.149,-14.161,-1.184,0.072,0.061,0.293,v1.1,"La Pine, Oregon, United States"
P383,VEL,-6.983,-11.482,-1.018,0.036,0.027,0.106,v1.1,"Mill City, Oregon, United States"
P384,VEL,-6.1,-10.495,-0.471,0.054,0.04,0.159,v1.1,"Mill City, Oregon, United States"
P385,VEL,-7.259,-11.542,-1.729,0.053,0.038,0.16,v1.1,"Sisters, Oregon, United States"
P386,VEL,-9.54,-14.259,0.074,0.074,0.055,0.219,v1.1,"John Day, Oregon, United States"
P387,VEL,-7.889,-12.25,-1.44,0.078,0.059,0.236,v1.1,"Sisters, Oregon, United States"
P388,VEL,-7.865,-16.037,-0.504,0.056,0.042,0.17,v1.1,"Lakeview, Oregon, United States"
P389,VEL,-8.508,-13.892,-0.098,0.104,0.077,0.308,v1.1,"Prineville, Oregon, United States"
P390,VEL,-8.885,-15.466,-0.195,0.041,0.032,0.127,v1.1,"Hines, Oregon, United States"
P391,VEL,-9.053,-16.048,-0.472,0.039,0.03,0.118,v1.1,"Winnemucca, Nevada, United States"
P392,VEL,-9.753,-15.306,-0.994,0.093,0.069,0.275,v1.1,"Hines, Oregon, United States"
P393,VEL,-9.59,-15.451,-0.416,0.043,0.032,0.127,v1.1,"Vale, Oregon, United States"
P394,VEL,-9.85,-14.106,-0.156,0.069,0.051,0.199,v1.1,"Baker City, Oregon, United States"
P395,VEL,-3.364,-5.851,0.012,0.098,0.064,0.308,v1.1,"Rose Lodge, Oregon, United States"
P396,VEL,-3.337,-6.118,0.265,0.092,0.064,0.3,v1.1,"Tillamook, Oregon, United States"
P397,VEL,-4.434,-5.417,0.603,0.068,0.048,0.206,v1.1,"Astoria, Oregon, United States"
P398,VEL,-3.778,-3.157,0.71,0.049,0.036,0.149,v1.1,"Hoquiam, Washington, United States"
P399,VEL,-6.16,-5.078,1.602,0.087,0.064,0.251,v1.1,"Montesano, Washington, United States"
P400,VEL,-5.729,-4.003,0.903,0.083,0.097,0.393,v1.1,"Hoquiam, Washington, United States"
P401,VEL,-2.805,1.481,0.978,0.091,0.064,0.258,v1.1,"Forks, Washington, United States"
P402,VEL,-3.027,0.245,2.015,0.11,0.078,0.317,v1.1,"Forks, Washington, United States"
P403,VEL,-5.119,-3.801,2.79,0.063,0.045,0.199,v1.1,"Forks, Washington, United States"
P404,VEL,-4.745,-8.215,-0.331,0.053,0.039,0.158,v1.1,"Sheridan, Oregon, United States"
P405,VEL,-4.264,-6.729,-0.664,0.07,0.051,0.201,v1.1,"Tillamook, Oregon, United States"
P406,VEL,-5.328,-8.802,-0.303,0.062,0.045,0.181,v1.1,"McMinnville, Oregon, United States"
P407,VEL,-3.811,-2.258,0.913,0.121,0.093,0.413,v1.1,"Seaside, Oregon, United States"
P408,VEL,-5.364,-7.583,-0.693,0.053,0.039,0.157,v1.1,"Cathlamet, Washington, United States"
P409,VEL,-5.215,-7.984,-0.335,0.04,0.029,0.119,v1.1,"Vernonia, Oregon, United States"
P410,VEL,-5.632,-8.121,-1.095,0.069,0.052,0.206,v1.1,"West Longview, Washington, United States"
P411,VEL,-5.583,-8.44,-0.35,0.091,0.065,0.285,v1.1,"Forest Grove, Oregon, United States"
P412,VEL,-6.192,-9.811,-0.893,0.043,0.031,0.125,v1.1,"Mulino, Oregon, United States"
P413,VEL,-10.002,-12.243,-0.552,0.042,0.03,0.121,v1.1,"Brewster, Washington, United States"
P414,VEL,-6.287,-9.112,-1.115,0.034,0.025,0.099,v1.1,"La Center, Washington, United States"
P415,VEL,-4.43,-5.477,-0.497,0.093,0.067,0.279,v1.1,"Raymond, Washington, United States"
P416,VEL,-8.466,-10.818,-0.737,0.051,0.036,0.149,v1.1,"Enumclaw, Washington, United States"
P417,VEL,-5.727,-7.833,-0.831,0.034,0.024,0.101,v1.1,"Rochester, Washington, United States"
P418,VEL,-6.245,-6.63,0.005,0.06,0.044,0.176,v1.1,"McCleary, Washington, United States"
P419,VEL,-6.643,-6.559,0.528,0.094,0.067,0.264,v1.1,"Shelton, Washington, United States"
P420,VEL,-6.483,-8.976,-1.237,0.045,0.033,0.129,v1.1,"Napavine, Washington, United States"
P421,VEL,-6.874,-9.561,-1.029,0.057,0.041,0.177,v1.1,"Morton, Washington, United States"
P422,VEL,-10.119,-13.664,-0.458,0.037,0.027,0.109,v1.1,"Moscow, Idaho, United States"
P423,VEL,-6.832,-8.427,-0.49,0.099,0.074,0.339,v1.1,"Allyn, Washington, United States"
P424,VEL,-7.949,-8.018,0.01,0.051,0.037,0.148,v1.1,"Bangor Trident Base, Washington, United States"
P425,VEL,-6.249,-8.688,-1.352,0.044,0.033,0.133,v1.1,"Winlock, Washington, United States"
P426,VEL,-8.342,-8.854,-1.445,0.055,0.038,0.183,v1.1,"Kingston, Washington, United States"
P427,VEL,-6.709,-10.095,-1.642,0.066,0.049,0.198,v1.1,"Sandy, Oregon, United States"
P429,VEL,-7.301,-10.92,-1.724,0.072,0.052,0.219,v1.1,"Cascade Locks, Oregon, United States"
P430,VEL,-5.987,-6.794,-0.652,0.072,0.051,0.21,v1.1,"Elma, Washington, United States"
P431,VEL,-7.324,-10.147,-1.088,0.042,0.03,0.118,v1.1,"Morton, Washington, United States"
P432,VEL,-8.324,-10.857,-1.357,0.08,0.056,0.245,v1.1,"Morton, Washington, United States"
P433,VEL,-9.088,-13.89,-0.795,0.047,0.035,0.145,v1.1,"Fossil, Oregon, United States"
P434,VEL,-9.502,-11.467,-0.503,0.04,0.029,0.115,v1.1,"Leavenworth, Washington, United States"
P435,VEL,-7.38,-6.68,0.163,0.064,0.038,0.2,v1.1,"Port Angeles, Washington, United States"
P436,VEL,-7.91,-7.931,0.251,0.065,0.046,0.212,v1.1,"Sequim, Washington, United States"
P437,VEL,-8.695,-9.189,-0.839,0.074,0.054,0.22,v1.1,"Langley, Washington, United States"
P438,VEL,-8.959,-9.191,-0.755,0.078,0.055,0.22,v1.1,"Ault Field, Washington, United States"
P439,VEL,-8.84,-8.978,-0.055,0.054,0.038,0.155,v1.1,"Friday Harbor, Washington, United States"
P440,VEL,-9.282,-9.956,-0.512,0.049,0.034,0.146,v1.1,"Marietta-Alderwood, Washington, United States"
P441,VEL,-9.684,-10.614,0.194,0.052,0.039,0.164,v1.1,"Peaceful Valley, Washington, United States"
P442,VEL,-9.609,-10.908,-0.484,0.11,0.083,0.326,v1.1,"Darrington, Washington, United States"
P443,VEL,-9.819,-11.364,0.122,0.091,0.063,0.257,v1.1,"Darrington, Washington, United States"
P444,VEL,-9.891,-11.635,-0.211,0.082,0.062,0.24,v1.1,"Darrington, Washington, United States"
P445,VEL,-8.815,-12.394,-1.602,0.061,0.044,0.18,v1.1,"Moro, Oregon, United States"
P446,VEL,-6.185,-8.797,-1.151,0.066,0.047,0.191,v1.1,"Kelso, Washington, United States"
P447,VEL,-9.817,-13.303,-1.142,0.095,0.069,0.276,v1.1,"Heppner, Oregon, United States"
P448,VEL,-9.733,-12.497,-2.411,0.051,0.037,0.15,v1.1,"Mabton, Washington, United States"
P449,VEL,-9.576,-12.805,-1.543,0.035,0.026,0.105,v1.1,"Benton City, Washington, United States"
P450,VEL,-9.331,-12.999,-1.414,0.038,0.027,0.109,v1.1,"Irrigon, Oregon, United States"
P451,VEL,-9.841,-13.034,-1.014,0.032,0.023,0.093,v1.1,"Othello, Washington, United States"
P452,VEL,-10.066,-12.811,-0.441,0.084,0.061,0.27,v1.1,"Soap Lake, Washington, United States"
P453,VEL,-10.146,-13.182,-0.61,0.041,0.029,0.119,v1.1,"Coulee Dam, Washington, United States"
P454,VEL,-10.187,-12.962,-0.615,0.047,0.034,0.134,v1.1,"Grand Coulee, Washington, United States"
P455,VEL,-9.641,-15.47,-0.777,0.039,0.029,0.118,v1.1,"Dubois, Idaho, United States"
P456,VEL,-7.391,-14.084,1.947,0.062,0.046,0.178,v1.1,"West Yellowstone, Montana, United States"
P457,VEL,-7.183,-14.69,1.448,0.107,0.08,0.312,v1.1,"Big Sky, Montana, United States"
P458,VEL,-9.865,-15.286,2.199,0.077,0.057,0.226,v1.1,"West Yellowstone, Montana, United States"
P459,VEL,-9.804,-15.65,-0.916,0.084,0.083,0.421,v1.1,"Moose Wilson Road, Wyoming, United States"
P460,VEL,-7.602,-14.299,0.26,0.049,0.037,0.146,v1.1,"Big Sky, Montana, United States"
P461,VEL,-8.075,-14.375,-1.265,0.106,0.077,0.306,v1.1,"Livingston, Montana, United States"
P462,VEL,-7.708,-15.009,-0.547,0.095,0.077,0.339,v1.1,"Death Valley, California, United States"
P463,VEL,-5.777,-16.908,-0.215,0.087,0.074,0.303,v1.1,"Searles Valley, California, United States"
P464,VEL,-5.045,-17.974,-0.127,0.081,0.067,0.283,v1.1,"Searles Valley, California, United States"
P465,VEL,-1.273,-21.39,-0.163,0.173,0.138,0.551,v1.1,"Lone Pine, California, United States"
P466,VEL,-5.395,-18.375,0.56,0.161,0.13,0.516,v1.1,"Lone Pine, California, United States"
P467,VEL,-2.806,-19.919,0.408,0.079,0.068,0.295,v1.1,"Lone Pine, California, United States"
P468,VEL,-4.774,-18.739,1.153,0.124,0.1,0.39,v1.1,"Big Pine, California, United States"
P469,VEL,-6.738,-17.775,0.563,0.086,0.071,0.278,v1.1,"Big Pine, California, United States"
P470,VEL,4.771,-24.941,0.772,0.083,0.071,0.289,v1.1,"Mountain View Acres, California, United States"
P471,VEL,17.175,-37.152,-0.549,0.123,0.105,0.419,v1.1,"Coto De Caza, California, United States"
P472,VEL,17.665,-39.761,-1.47,0.078,0.067,0.265,v1.1,"Mira Mesa, California, United States"
P473,VEL,17.933,-39.959,-1.851,0.102,0.087,0.341,v1.1,"Rancho San Diego, California, United States"
P474,VEL,16.725,-37.982,-1.034,0.072,0.061,0.244,v1.1,"Fallbrook, California, United States"
P475,VEL,19.146,-40.809,-0.789,0.109,0.098,0.404,v1.1,"Coronado, California, United States"
P476,VEL,16.082,-37.375,-0.75,0.078,0.066,0.26,v1.1,"Rainbow, California, United States"
P477,VEL,15.702,-35.797,-4.404,0.132,0.112,0.447,v1.1,"Temecula, California, United States"
P478,VEL,16.62,-38.406,-1.438,0.077,0.068,0.275,v1.1,"Valley Center, California, United States"
P479,VEL,13.411,-34.526,-1.036,0.1,0.086,0.338,v1.1,"Aguanga, California, United States"
P480,VEL,15.445,-38.377,-0.721,0.059,0.051,0.208,v1.1,"Pine Valley, California, United States"
P481,VEL,14.164,-36.96,0.859,0.109,0.094,0.378,v1.1,"Rumorosa, Baja California, Mexico"
P482,VEL,14.897,-37.24,-0.546,0.136,0.117,0.482,v1.1,"Julian, California, United States"
P483,VEL,16.398,-38.324,-1.08,0.074,0.064,0.253,v1.1,"Julian, California, United States"
P484,VEL,12.774,-35.219,-0.938,0.115,0.099,0.405,v1.1,"Anza, California, United States"
P485,VEL,13.099,-36.276,-0.493,0.083,0.071,0.306,v1.1,"Borrego Springs, California, United States"
P486,VEL,11.446,-34.234,-2.78,0.076,0.065,0.261,v1.1,"Borrego Springs, California, United States"
P487,VEL,10.659,-33.527,0.521,0.06,0.051,0.207,v1.1,"Borrego Springs, California, United States"
P488,VEL,7.963,-31.413,0.313,0.088,0.075,0.3,v1.1,"Salton City, California, United States"
P489,VEL,4.8,-28.77,0.425,0.119,0.103,0.422,v1.1,"Desert Shores, California, United States"
P490,VEL,8.273,-29.281,-0.388,0.069,0.06,0.254,v1.1,"La Quinta, California, United States"
P491,VEL,4.913,-26.545,0.073,0.091,0.075,0.316,v1.1,"Vista Santa Rosa, California, United States"
P492,VEL,13.231,-35.587,0.601,0.086,0.074,0.296,v1.1,"Seeley, California, United States"
P493,VEL,10.676,-32.864,1.048,0.118,0.102,0.403,v1.1,"Seeley, California, United States"
P494,VEL,13.139,-33.411,1.594,0.069,0.06,0.247,v1.1,"Seeley, California, United States"
P495,VEL,5.022,-21.852,-5.812,0.159,0.137,0.548,v1.1,"Westmorland, California, United States"
P496,VEL,13.068,-32.128,3.16,0.188,0.171,0.717,v1.1,"El Centro, California, United States"
P497,VEL,10.274,-27.092,1.307,0.076,0.067,0.269,v1.1,"Imperial, California, United States"
P498,VEL,8.761,-25.2,0.347,0.103,0.091,0.37,v1.1,"Imperial, California, United States"
P499,VEL,-5.077,-17.806,-5.159,0.17,0.151,0.628,v1.1,"Brawley, California, United States"
P500,VEL,-3.503,-17.164,-2.76,0.103,0.089,0.351,v1.1,"Islas Agrarias Grupo A, Baja California, Mexico"
P501,VEL,-5.193,-15.198,-0.911,0.089,0.078,0.318,v1.1,"Holtville, California, United States"
P502,VEL,-6.847,-15.453,-1.658,0.075,0.065,0.266,v1.1,"Brawley, California, United States"
P503,VEL,10.296,-29.167,1.794,0.183,0.16,0.643,v1.1,"Westmorland, California, United States"
P504,VEL,-4.829,-19.742,-0.138,0.063,0.054,0.231,v1.1,"Salton City, California, United States"
P505,VEL,-6.409,-17.115,-0.864,0.095,0.082,0.339,v1.1,"Niland, California, United States"
P506,VEL,-7.011,-17.111,-3.473,0.168,0.15,0.596,v1.1,"Calipatria, California, United States"
P507,VEL,-13.115,-20.612,-13.006,0.092,0.078,0.318,v1.1,"Niland, California, United States"
P508,VEL,-7.646,-15.842,-0.689,0.108,0.092,0.371,v1.1,"Niland, California, United States"
P509,VEL,-7.036,-13.824,-2.882,0.092,0.079,0.312,v1.1,"Holtville, California, United States"
P510,VEL,-7.81,-14.96,-0.847,0.104,0.089,0.367,v1.1,"Calipatria, California, United States"
P511,VEL,-8.264,-15.348,-0.46,0.05,0.044,0.178,v1.1,"Mesa Verde, California, United States"
P512,VEL,-1.859,-22.563,-1.826,0.117,0.101,0.412,v1.1,"Ahwahnee, California, United States"
P513,VEL,23.632,-41.57,0.379,0.078,0.065,0.259,v1.1,"Guadalupe, California, United States"
P514,VEL,22.163,-41.083,0.585,0.103,0.087,0.35,v1.1,"Santa Maria, California, United States"
P515,VEL,20.738,-41.432,0.639,0.037,0.032,0.129,v1.1,"Los Alamos, California, United States"
P516,VEL,21.518,-39.738,0.274,0.061,0.052,0.221,v1.1,"Nipomo, California, United States"
P517,VEL,11.161,-34.645,-0.068,0.117,0.098,0.397,v1.1,"Acton, California, United States"
P518,VEL,18.471,-39.425,0.303,0.113,0.093,0.369,v1.1,"Los Alamos, California, United States"
P519,VEL,19.001,-42.053,-0.189,0.052,0.045,0.179,v1.1,"Goleta, California, United States"
P520,VEL,16.133,-41.357,0.54,0.092,0.077,0.303,v1.1,"Montecito, California, United States"
P521,VEL,17.257,-39.582,0.595,0.103,0.085,0.337,v1.1,"Los Olivos, California, United States"
P522,VEL,8.344,-31.307,-0.476,0.147,0.123,0.487,v1.1,"Taft Heights, California, United States"
P523,VEL,24.182,-40.281,0.373,0.122,0.098,0.421,v1.1,"Los Osos, California, United States"
P525,VEL,23.748,-39.529,0.319,0.053,0.044,0.175,v1.1,"Morro Bay, California, United States"
P526,VEL,21.988,-39.854,1.18,0.073,0.061,0.26,v1.1,"Lake Nacimiento, California, United States"
P527,VEL,20.277,-37.736,-0.684,0.112,0.092,0.376,v1.1,"San Miguel, California, United States"
P528,VEL,22.006,-38.772,-0.247,0.1,0.082,0.331,v1.1,"Santa Margarita, California, United States"
P529,VEL,19.192,-37.416,-0.205,0.096,0.079,0.318,v1.1,"Shandon, California, United States"
P530,VEL,20.285,-37.053,-0.915,0.098,0.08,0.323,v1.1,"Shandon, California, United States"
P531,VEL,20.33,-36.667,0.228,0.129,0.105,0.43,v1.1,"San Miguel, California, United States"
P532,VEL,15.725,-33.723,1.183,0.094,0.078,0.319,v1.1,"Shandon, California, United States"
P533,VEL,16.928,-34.123,1.477,0.069,0.057,0.228,v1.1,"Shandon, California, United States"
P534,VEL,23.131,-39.185,-0.125,0.087,0.07,0.284,v1.1,"Bonny Doon, California, United States"
P535,VEL,17.766,-37.299,1.112,0.06,0.052,0.217,v1.1,"Nipomo, California, United States"
P536,VEL,16.165,-35.945,0.783,0.109,0.089,0.371,v1.1,"Lost Hills, California, United States"
P537,VEL,13.642,-33.772,1.0,0.104,0.086,0.35,v1.1,"Lost Hills, California, United States"
P538,VEL,12.797,-33.115,1.759,0.126,0.104,0.432,v1.1,"Shandon, California, United States"
P539,VEL,8.722,-27.674,1.202,0.085,0.069,0.278,v1.1,"Shandon, California, United States"
P540,VEL,4.916,-24.382,0.463,0.095,0.08,0.326,v1.1,"Avenal, California, United States"
P541,VEL,4.898,-25.088,1.167,0.099,0.082,0.332,v1.1,"Lost Hills, California, United States"
P542,VEL,15.51,-33.44,0.552,0.132,0.107,0.431,v1.1,"Shandon, California, United States"
P543,VEL,7.475,-28.052,2.422,0.108,0.089,0.389,v1.1,"Buttonwillow, California, United States"
P544,VEL,1.389,-22.666,-6.079,0.096,0.079,0.317,v1.1,"Lost Hills, California, United States"
P545,VEL,1.69,-24.142,-10.608,0.21,0.176,0.705,v1.1,"Buttonwillow, California, United States"
P546,VEL,3.654,-21.935,1.371,0.102,0.083,0.332,v1.1,"Avenal, California, United States"
P547,VEL,2.259,-21.481,0.603,0.108,0.089,0.356,v1.1,"Kettleman City, California, United States"
P548,VEL,16.024,-41.036,0.575,0.082,0.069,0.269,v1.1,"Carpinteria, California, United States"
P549,VEL,13.131,-39.418,1.626,0.066,0.055,0.223,v1.1,"Meiners Oaks, California, United States"
P550,VEL,11.056,-36.847,1.651,0.061,0.052,0.209,v1.1,"Pine Mountain Club, California, United States"
P551,VEL,9.569,-32.654,0.129,0.146,0.103,0.724,v1.1,"Pine Mountain Club, California, United States"
P552,VEL,14.142,-32.549,0.743,0.124,0.102,0.411,v1.1,"Shandon, California, United States"
P553,VEL,7.254,-30.362,1.943,0.05,0.042,0.165,v1.1,"Lebec, California, United States"
P554,VEL,7.587,-32.705,1.248,0.078,0.064,0.266,v1.1,"Lebec, California, United States"
P555,VEL,9.979,-31.718,1.062,0.118,0.097,0.424,v1.1,"Castaic, California, United States"
P556,VEL,8.242,-28.256,-1.499,0.061,0.051,0.205,v1.1,"Green Valley, California, United States"
P557,VEL,4.3,-25.819,1.314,0.05,0.042,0.176,v1.1,"Stallion Springs, California, United States"
P558,VEL,2.479,-24.433,0.349,0.108,0.089,0.357,v1.1,"Bear Valley Springs, California, United States"
P559,VEL,6.009,-26.49,0.821,0.135,0.112,0.464,v1.1,"Lebec, California, United States"
P560,VEL,6.169,-26.364,0.433,0.052,0.044,0.182,v1.1,"Green Valley, California, United States"
P561,VEL,9.812,-30.995,0.821,0.149,0.172,0.92,v1.1,"Green Valley, California, United States"
P562,VEL,4.032,-22.142,-0.171,0.053,0.045,0.176,v1.1,"Mojave, California, United States"
P563,VEL,2.066,-22.576,-8.604,0.209,0.173,0.704,v1.1,"Buttonwillow, California, United States"
P564,VEL,0.313,-23.919,-18.17,0.312,0.259,1.057,v1.1,"Wasco, California, United States"
P565,VEL,0.644,-24.787,-7.046,0.259,0.217,0.875,v1.1,"Delano, California, United States"
P566,VEL,-1.679,-23.224,-11.28,0.09,0.073,0.297,v1.1,"Farmersville, California, United States"
P567,VEL,0.458,-23.579,1.439,0.147,0.123,0.499,v1.1,"Arvin, California, United States"
P568,VEL,1.319,-21.943,-0.005,0.082,0.068,0.27,v1.1,"California City, California, United States"
P569,VEL,0.788,-21.783,0.13,0.062,0.052,0.205,v1.1,"California City, California, United States"
P570,VEL,-0.285,-21.555,1.188,0.077,0.066,0.265,v1.1,"Weldon, California, United States"
P571,VEL,-0.73,-21.643,2.385,0.18,0.151,0.617,v1.1,"Three Rivers, California, United States"
P572,VEL,-1.3,-21.767,1.717,0.188,0.154,0.608,v1.1,"Three Rivers, California, United States"
P573,VEL,-1.252,-21.304,1.383,0.106,0.088,0.349,v1.1,"Kernville, California, United States"
P574,VEL,8.65,-31.918,0.741,0.078,0.067,0.273,v1.1,"Wrightwood, California, United States"
P575,VEL,11.145,-32.532,0.231,0.185,0.156,0.628,v1.1,"Rancho Cucamonga, California, United States"
P576,VEL,21.432,-40.029,0.905,0.09,0.075,0.402,v1.1,"Lake Nacimiento, California, United States"
P577,VEL,5.334,-26.784,1.078,0.051,0.044,0.174,v1.1,"Crestline, California, United States"
P578,VEL,12.095,-30.683,1.074,0.146,0.119,0.496,v1.1,"Shandon, California, United States"
P579,VEL,3.505,-21.092,-0.441,0.054,0.046,0.179,v1.1,"California City, California, United States"
P580,VEL,-2.672,-18.401,-0.692,0.089,0.073,0.288,v1.1,"Searles Valley, California, United States"
P581,VEL,6.163,-26.488,0.437,0.051,0.043,0.171,v1.1,"Piñon Hills, California, United States"
P582,VEL,3.98,-23.586,0.016,0.102,0.085,0.341,v1.1,"Adelanto, California, United States"
P583,VEL,2.186,-20.48,-0.561,0.05,0.042,0.17,v1.1,"Boron, California, United States"
P584,VEL,8.96,-28.481,1.047,0.085,0.072,0.28,v1.1,"Beaumont, California, United States"
P585,VEL,3.914,-22.591,1.133,0.084,0.071,0.282,v1.1,"Morongo Valley, California, United States"
P586,VEL,3.632,-23.639,0.295,0.087,0.08,0.349,v1.1,"Victorville, California, United States"
P587,VEL,11.009,-34.522,0.1,0.103,0.087,0.349,v1.1,"Sierra Madre, California, United States"
P588,VEL,2.237,-21.5,-0.966,0.149,0.119,0.503,v1.1,"Silver Lakes, California, United States"
P589,VEL,2.15,-22.352,0.207,0.08,0.067,0.266,v1.1,"Apple Valley, California, United States"
P590,VEL,1.022,-19.335,-0.562,0.12,0.1,0.403,v1.1,"Boron, California, United States"
P591,VEL,2.769,-20.655,-0.552,0.051,0.043,0.168,v1.1,"California City, California, United States"
P592,VEL,0.396,-18.701,-1.555,0.126,0.107,0.423,v1.1,"Lenwood, California, United States"
P593,VEL,-1.15,-17.758,-0.643,0.088,0.073,0.284,v1.1,"Searles Valley, California, United States"
P594,VEL,-3.931,-18.715,-0.173,0.083,0.068,0.302,v1.1,"Searles Valley, California, United States"
P595,VEL,-2.563,-19.042,-0.432,0.069,0.057,0.225,v1.1,"Searles Valley, California, United States"
P596,VEL,-6.591,-16.589,-0.787,0.07,0.06,0.242,v1.1,"Death Valley, California, United States"
P597,VEL,-5.146,-16.941,-0.651,0.082,0.067,0.265,v1.1,"Fort Irwin, California, United States"
P598,VEL,3.735,-22.499,0.828,0.078,0.066,0.265,v1.1,"Big Bear City, California, United States"
P599,VEL,2.107,-20.018,1.73,0.089,0.076,0.3,v1.1,"Yucca Valley, California, United States"
P600,VEL,0.161,-21.044,-0.27,0.058,0.049,0.196,v1.1,"Sky Valley, California, United States"
P601,VEL,-3.229,-18.522,0.017,0.059,0.051,0.202,v1.1,"Twentynine Palms, California, United States"
P602,VEL,8.988,-28.039,1.573,0.123,0.102,0.415,v1.1,"Shandon, California, United States"
P603,VEL,-8.073,-15.612,-0.24,0.113,0.097,0.388,v1.1,"Twentynine Palms, California, United States"
P604,VEL,-3.962,-18.21,-0.127,0.083,0.069,0.278,v1.1,"Fort Irwin, California, United States"
P605,VEL,10.245,-33.537,0.958,0.079,0.065,0.277,v1.1,"Littlerock, California, United States"
P606,VEL,1.922,-22.528,0.42,0.076,0.064,0.254,v1.1,"Lucerne Valley, California, United States"
P607,VEL,-5.693,-17.885,-0.553,0.095,0.082,0.336,v1.1,"Mecca, California, United States"
P608,VEL,-7.361,-16.048,-0.43,0.061,0.052,0.207,v1.1,"Twentynine Palms, California, United States"
P609,VEL,5.38,-25.284,0.041,0.257,0.219,0.995,v1.1,"Cherry Valley, California, United States"
P610,VEL,-7.902,-14.537,-0.875,0.094,0.088,0.422,v1.1,"Twentynine Palms, California, United States"
P611,VEL,-8.957,-15.226,-0.175,0.088,0.074,0.299,v1.1,"Sandy Valley, Nevada, United States"
P612,VEL,7.747,-29.425,0.557,0.083,0.07,0.283,v1.1,"Muscoy, California, United States"
P613,VEL,7.872,-24.016,-0.317,0.232,0.226,1.005,v1.1,"Running Springs, California, United States"
P614,VEL,-9.205,-14.869,0.238,0.132,0.11,0.559,v1.1,"Needles, California, United States"
P615,VEL,-3.694,-17.372,-0.172,0.084,0.07,0.277,v1.1,"Fort Irwin, California, United States"
P616,VEL,0.403,-20.584,0.244,0.086,0.071,0.284,v1.1,"Inyokern, California, United States"
P617,VEL,-6.047,-16.345,-0.07,0.087,0.072,0.284,v1.1,"Fort Irwin, California, United States"
P618,VEL,-8.433,-15.795,0.301,0.081,0.071,0.287,v1.1,"Fort Irwin, California, United States"
P619,VEL,-8.349,-14.939,0.123,0.146,0.121,0.49,v1.1,"Sandy Valley, Nevada, United States"
P620,VEL,-8.472,-15.317,-0.151,0.093,0.077,0.302,v1.1,"Pahrump, Nevada, United States"
P621,VEL,-8.693,-14.802,-0.922,0.119,0.097,0.397,v1.1,"Sandy Valley, Nevada, United States"
P622,VEL,-9.109,-15.088,-0.319,0.082,0.068,0.284,v1.1,"Sandy Valley, Nevada, United States"
P623,VEL,-8.763,-14.71,-0.77,0.068,0.057,0.23,v1.1,"Big River, California, United States"
P625,VEL,-8.862,-14.729,-0.753,0.089,0.075,0.302,v1.1,"Needles, California, United States"
P626,VEL,-8.91,-14.936,-0.275,0.084,0.07,0.276,v1.1,"Sandy Valley, Nevada, United States"
P627,VEL,-5.221,-17.148,-1.286,0.116,0.093,0.371,v1.1,"Dixon Lane-Meadow Creek, California, United States"
P628,VEL,-1.659,-22.85,-0.077,0.043,0.036,0.146,v1.1,"Bridgeport, California, United States"
P629,VEL,-2.053,-22.437,-0.761,0.109,0.088,0.348,v1.1,"Mammoth Lakes, California, United States"
P630,VEL,-4.133,-23.041,1.657,0.234,0.191,0.758,v1.1,"Mammoth Lakes, California, United States"
P631,VEL,-5.014,-20.341,2.893,0.133,0.103,0.455,v1.1,"Mammoth Lakes, California, United States"
P632,VEL,-1.244,-22.32,1.738,0.132,0.116,0.536,v1.1,"Mammoth Lakes, California, United States"
P633,VEL,-0.57,-21.351,1.28,0.149,0.121,0.47,v1.1,"Mammoth Lakes, California, United States"
P634,VEL,-0.871,-22.61,0.619,0.123,0.108,0.467,v1.1,"Mammoth Lakes, California, United States"
P635,VEL,-1.098,-22.681,2.221,0.148,0.125,0.516,v1.1,"Mammoth Lakes, California, United States"
P636,VEL,-1.292,-22.728,1.385,0.08,0.065,0.253,v1.1,"Bridgeport, California, United States"
P637,VEL,-1.28,-21.91,1.514,0.134,0.109,0.429,v1.1,"Mammoth Lakes, California, United States"
P638,VEL,1.604,-21.111,5.809,0.184,0.15,0.588,v1.1,"Mammoth Lakes, California, United States"
P639,VEL,-2.704,-18.218,4.044,0.251,0.202,0.81,v1.1,"Mammoth Lakes, California, United States"
P640,VEL,-0.72,-20.617,3.026,0.227,0.188,0.762,v1.1,"Mammoth Lakes, California, United States"
P641,VEL,-0.199,-18.718,3.333,0.171,0.14,0.552,v1.1,"Mammoth Lakes, California, United States"
P642,VEL,-5.259,-20.83,1.065,0.283,0.219,0.933,v1.1,"Mammoth Lakes, California, United States"
P643,VEL,-3.775,-18.488,1.052,0.142,0.106,0.485,v1.1,"Mammoth Lakes, California, United States"
P644,VEL,-4.483,-20.371,0.043,0.194,0.156,0.609,v1.1,"West Bishop, California, United States"
P645,VEL,-3.658,-18.455,2.222,0.147,0.12,0.471,v1.1,"West Bishop, California, United States"
P646,VEL,-2.773,-17.06,2.978,0.253,0.205,0.81,v1.1,"Mammoth Lakes, California, United States"
P647,VEL,-1.368,-16.591,3.778,0.202,0.159,0.719,v1.1,"Mammoth Lakes, California, United States"
P648,VEL,0.075,-22.667,2.576,0.192,0.156,0.625,v1.1,"Mammoth Lakes, California, United States"
P649,VEL,-1.694,-17.663,2.344,0.161,0.131,0.518,v1.1,"Mammoth Lakes, California, United States"
P650,VEL,-3.528,-16.501,1.713,0.125,0.104,0.42,v1.1,"Mammoth Lakes, California, United States"
P651,VEL,-5.156,-18.209,-1.805,0.115,0.095,0.388,v1.1,"Dixon Lane-Meadow Creek, California, United States"
P652,VEL,-6.34,-17.238,-0.345,0.209,0.167,0.66,v1.1,"Dixon Lane-Meadow Creek, California, United States"
P653,VEL,-4.699,-17.644,0.303,0.139,0.114,0.463,v1.1,"Dixon Lane-Meadow Creek, California, United States"
P654,VEL,-2.93,-21.731,0.484,0.124,0.102,0.406,v1.1,"Bridgeport, California, United States"
P655,VEL,-5.921,-17.72,-1.037,0.066,0.053,0.229,v1.1,"McCloud, California, United States"
P656,VEL,-6.178,-17.603,-0.075,0.066,0.049,0.208,v1.1,"McCloud, California, United States"
P657,VEL,-5.749,-17.22,-2.451,0.11,0.087,0.362,v1.1,"Mount Shasta, California, United States"
P658,VEL,-6.047,-17.251,-0.115,0.065,0.047,0.196,v1.1,"Weed, California, United States"
P659,VEL,-6.104,-17.49,0.265,0.087,0.066,0.286,v1.1,"McCloud, California, United States"
P660,VEL,-6.348,-17.696,0.499,0.148,0.134,0.59,v1.1,"McCloud, California, United States"
P661,VEL,-6.021,-17.144,0.449,0.089,0.066,0.281,v1.1,"Weed, California, United States"
P663,VEL,-5.968,-17.38,0.751,0.101,0.086,0.41,v1.1,"Weed, California, United States"
P664,VEL,-3.94,-19.532,-8.561,0.058,0.043,0.223,v1.1,"Chester, California, United States"
P665,VEL,-2.703,-17.953,-6.252,0.049,0.037,0.154,v1.1,"Chester, California, United States"
P666,VEL,-2.86,-18.629,-7.548,0.047,0.036,0.154,v1.1,"Chester, California, United States"
P667,VEL,-3.098,-22.662,-8.104,0.068,0.052,0.261,v1.1,"Chester, California, United States"
P668,VEL,-7.407,-21.637,-5.248,0.073,0.054,0.244,v1.1,"Chester, California, United States"
P669,VEL,-5.417,-19.198,-0.362,0.133,0.119,0.539,v1.1,"Shingletown, California, United States"
P670,VEL,-6.699,-19.22,-0.642,0.146,0.116,0.554,v1.1,"Shingletown, California, United States"
P671,VEL,-1.716,-22.637,-3.926,0.066,0.061,0.288,v1.1,"Chester, California, United States"
P672,VEL,-6.923,-17.333,-0.547,0.09,0.069,0.274,v1.1,"Altamont, Oregon, United States"
P673,VEL,-5.986,-15.899,-4.638,0.058,0.044,0.232,v1.1,"McCloud, California, United States"
P674,VEL,-7.077,-18.564,-1.65,0.075,0.056,0.234,v1.1,"Altamont, Oregon, United States"
P675,VEL,-9.665,-16.68,0.209,0.069,0.052,0.206,v1.1,"Malad City, Idaho, United States"
P676,VEL,-10.519,-16.646,1.61,0.04,0.029,0.122,v1.1,"West Yellowstone, Montana, United States"
P677,VEL,-9.992,-16.6,-0.335,0.076,0.057,0.226,v1.1,"Paul, Idaho, United States"
P678,VEL,-9.939,-16.322,-0.317,0.075,0.056,0.217,v1.1,"Moreland, Idaho, United States"
P679,VEL,-9.614,-15.861,0.179,0.116,0.088,0.35,v1.1,"Arco, Idaho, United States"
P680,VEL,-10.889,-16.34,0.617,0.086,0.062,0.282,v1.1,"West Yellowstone, Montana, United States"
P681,VEL,-9.838,-15.611,-0.703,0.038,0.029,0.117,v1.1,"Dubois, Idaho, United States"
P682,VEL,-8.416,-14.623,0.009,0.08,0.061,0.239,v1.1,"Afton, Wyoming, United States"
P683,VEL,-10.05,-15.832,-1.467,0.076,0.058,0.225,v1.1,"Soda Springs, Idaho, United States"
P684,VEL,-10.202,-16.376,-2.08,0.085,0.064,0.252,v1.1,"Ashton, Idaho, United States"
P685,VEL,-10.577,-16.348,-1.761,0.138,0.102,0.401,v1.1,"Saint Anthony, Idaho, United States"
P686,VEL,-10.374,-17.028,-0.694,0.071,0.053,0.21,v1.1,"Ashton, Idaho, United States"
P687,VEL,-7.418,-9.79,-1.645,0.101,0.084,0.369,v1.1,"Amboy, Washington, United States"
P688,VEL,-8.152,-9.837,-1.168,0.045,0.032,0.135,v1.1,"Yacolt, Washington, United States"
P689,VEL,-6.779,-10.118,-0.98,0.035,0.026,0.102,v1.1,"Amboy, Washington, United States"
P690,VEL,-6.741,-9.641,-1.515,0.04,0.028,0.118,v1.1,"Amboy, Washington, United States"
P691,VEL,-6.569,-10.087,-0.5,0.049,0.036,0.155,v1.1,"Morton, Washington, United States"
P692,VEL,-7.018,-8.948,-0.569,0.05,0.034,0.149,v1.1,"Morton, Washington, United States"
P693,VEL,-8.156,-7.967,-2.135,0.065,0.046,0.185,v1.1,"Morton, Washington, United States"
P694,VEL,-6.319,-9.866,-0.603,0.045,0.033,0.128,v1.1,"Morton, Washington, United States"
P695,VEL,-7.393,-8.54,-1.094,0.068,0.055,0.239,v1.1,"Morton, Washington, United States"
P696,VEL,-7.35,-9.475,-1.285,0.034,0.026,0.11,v1.1,"Morton, Washington, United States"
P697,VEL,-3.024,-17.69,-3.565,0.135,0.103,0.436,v1.1,"Morton, Washington, United States"
P698,VEL,-8.344,-9.034,-0.647,0.065,0.047,0.196,v1.1,"Amboy, Washington, United States"
P699,VEL,-5.409,-6.085,-2.437,0.165,0.121,0.509,v1.1,"Amboy, Washington, United States"
P700,VEL,-7.232,-10.024,-0.772,0.048,0.035,0.149,v1.1,"Amboy, Washington, United States"
P701,VEL,-7.007,-9.396,-0.602,0.041,0.031,0.124,v1.1,"Morton, Washington, United States"
P702,VEL,-6.728,-9.999,-0.628,0.045,0.033,0.136,v1.1,"Morton, Washington, United States"
P703,VEL,-7.655,-10.052,-1.156,0.076,0.057,0.299,v1.1,"Amboy, Washington, United States"
P705,VEL,-7.082,-10.264,-1.062,0.045,0.037,0.155,v1.1,"Amboy, Washington, United States"
P706,VEL,-9.377,-14.767,-0.719,0.056,0.041,0.165,v1.1,"Dillon, Montana, United States"
P707,VEL,-9.834,-15.57,-0.09,0.065,0.049,0.188,v1.1,"Virginia City, Montana, United States"
P708,VEL,-8.362,-15.919,-2.085,0.479,0.358,1.408,v1.1,"Driggs, Idaho, United States"
P709,VEL,-8.153,-14.797,-0.304,0.082,0.066,0.322,v1.1,"West Yellowstone, Montana, United States"
P710,VEL,-9.591,-15.689,-0.608,0.064,0.048,0.188,v1.1,"Driggs, Idaho, United States"
P711,VEL,-9.862,-15.514,-0.252,0.221,0.175,0.721,v1.1,"West Yellowstone, Montana, United States"
P712,VEL,-7.189,-14.345,1.019,0.168,0.132,0.592,v1.1,"West Yellowstone, Montana, United States"
P713,VEL,-5.794,-18.159,-7.435,0.709,0.507,2.242,v1.1,"West Yellowstone, Montana, United States"
P714,VEL,-7.34,-14.351,1.555,0.137,0.103,0.469,v1.1,"West Yellowstone, Montana, United States"
P715,VEL,-8.186,-14.744,-0.142,0.082,0.062,0.243,v1.1,"Pinedale, Wyoming, United States"
P716,VEL,-11.336,-13.631,-0.826,0.203,0.164,0.779,v1.1,"West Yellowstone, Montana, United States"
P717,VEL,-8.099,-14.833,-0.963,0.052,0.039,0.16,v1.1,"Cody, Wyoming, United States"
P718,VEL,-7.88,-14.728,-1.132,0.054,0.041,0.168,v1.1,"Cody, Wyoming, United States"
P719,VEL,-8.827,-14.789,-0.263,0.059,0.044,0.178,v1.1,"Virginia City, Montana, United States"
P720,VEL,-7.759,-14.49,-0.706,0.054,0.041,0.178,v1.1,"Livingston, Montana, United States"
P721,VEL,-7.932,-14.374,-0.695,0.054,0.041,0.194,v1.1,"Absarokee, Montana, United States"
P722,VEL,-7.935,-14.538,-1.184,0.032,0.024,0.096,v1.1,"Absarokee, Montana, United States"
P723,VEL,-3.417,-20.327,0.676,0.073,0.065,0.33,v1.1,"West Bishop, California, United States"
P724,VEL,-4.085,-19.291,1.903,0.098,0.081,0.331,v1.1,"West Bishop, California, United States"
P725,VEL,-1.636,-22.251,0.296,0.112,0.091,0.372,v1.1,"Yosemite Lakes, California, United States"
P726,VEL,-5.663,-18.27,1.259,0.126,0.102,0.405,v1.1,"Big Pine, California, United States"
P727,VEL,-3.242,-20.328,-0.725,0.092,0.074,0.294,v1.1,"West Bishop, California, United States"
P728,VEL,-6.924,-14.476,-0.896,0.108,0.08,0.344,v1.1,"Snowmass Village, Colorado, United States"
P729,VEL,18.179,-40.926,-5.358,0.222,0.192,0.822,v1.1,"Saticoy, California, United States"
P730,VEL,-6.46,-17.793,-1.375,0.054,0.042,0.177,v1.1,"Alturas, California, United States"
P731,VEL,-6.768,-17.688,-1.284,0.053,0.041,0.164,v1.1,"Alturas, California, United States"
P732,VEL,-3.367,-10.523,-1.03,0.116,0.086,0.339,v1.1,"Bunker Hill, Oregon, United States"
P733,VEL,-0.17,-9.098,2.369,0.111,0.084,0.345,v1.1,"Gold Beach, Oregon, United States"
P734,VEL,-1.122,-11.55,2.387,0.1,0.079,0.318,v1.1,"Brookings, Oregon, United States"
P735,VEL,-4.647,-13.834,0.114,0.085,0.066,0.273,v1.1,"Canyonville, Oregon, United States"
P736,VEL,-6.436,-15.265,-0.022,0.083,0.064,0.257,v1.1,"Klamath Falls, Oregon, United States"
P737,VEL,-5.35,-13.974,-1.161,0.123,0.098,0.425,v1.1,"Shady Cove, Oregon, United States"
P738,VEL,-8.497,-15.931,-0.431,0.083,0.062,0.247,v1.1,"Lakeview, Oregon, United States"
P739,VEL,-9.518,-16.482,0.056,0.078,0.061,0.24,v1.1,"Winnemucca, Nevada, United States"
P740,VEL,8.443,-29.902,0.446,0.111,0.094,0.541,v1.1,"Anza, California, United States"
P741,VEL,8.198,-29.583,-0.452,0.093,0.09,0.367,v1.1,"Anza, California, United States"
P742,VEL,10.929,-32.749,-0.203,0.088,0.074,0.304,v1.1,"Anza, California, United States"
P744,VEL,9.294,-22.781,3.157,0.148,0.128,0.51,v1.1,"Imperial, California, United States"
P775,VEL,0.704,-14.461,-2.188,0.083,0.067,0.276,v1.1,"West Lafayette, Indiana, United States"
P776,VEL,5.487,-15.433,0.432,0.045,0.036,0.149,v1.1,"Gilford, New Hampshire, United States"
P777,VEL,-1.106,-13.992,-1.661,0.091,0.086,0.405,v1.1,"Clinton, Arkansas, United States"
P778,VEL,1.38,-13.679,-0.815,0.087,0.077,0.31,v1.1,"Monteagle, Tennessee, United States"
P779,VEL,2.412,-13.889,-0.641,0.045,0.039,0.183,v1.1,"Brevard, North Carolina, United States"
P780,VEL,13.79,8.797,-0.205,0.059,0.07,0.275,v1.1,"Coto Laurel, Ponce, Puerto Rico"
P781,VEL,-3.262,-22.849,0.078,0.197,0.155,0.643,v1.1,"Salida, California, United States"
P782,VEL,11.165,-29.131,0.567,0.163,0.135,0.571,v1.1,"Shandon, California, United States"
P783,VEL,-8.106,-14.337,-1.431,0.055,0.044,0.172,v1.1,"Silver Summit, Utah, United States"
P784,VEL,-5.766,-16.044,-0.219,0.122,0.093,0.39,v1.1,"Montague, California, United States"
P786,VEL,-2.148,-12.332,0.933,0.086,0.059,0.291,v1.1,"Fort Dick, California, United States"
P787,VEL,21.781,-39.266,-0.483,0.146,0.119,0.531,v1.1,"San Juan Bautista, California, United States"
P788,VEL,22.587,-39.624,-0.917,0.121,0.101,0.422,v1.1,"San Juan Bautista, California, United States"
P789,VEL,6.743,-24.692,1.479,0.151,0.129,0.555,v1.1,"Coalinga, California, United States"
P790,VEL,19.171,-35.476,1.903,0.152,0.12,0.617,v1.1,"San Miguel, California, United States"
P791,VEL,-7.685,-11.053,-1.068,0.067,0.052,0.225,v1.1,"Mount Hood Village, Oregon, United States"
P792,VEL,-6.157,-8.847,-0.058,0.064,0.046,0.185,v1.1,"Morton, Washington, United States"
P793,VEL,-3.052,-19.466,0.367,0.106,0.083,0.34,v1.1,"Hayfork, California, United States"
P794,VEL,-4.208,-23.147,0.152,0.062,0.049,0.195,v1.1,"Covelo, California, United States"
P795,VEL,-6.042,-15.015,0.413,0.106,0.09,0.352,v1.1,"Twentynine Palms, California, United States"
P796,VEL,-6.349,-13.618,-1.46,0.12,0.105,0.425,v1.1,"San Luis, Arizona, United States"
P797,VEL,9.88,-31.61,-0.826,0.119,0.101,0.443,v1.1,"Anza, California, United States"
P798,VEL,-10.026,-16.155,-0.893,0.053,0.039,0.16,v1.1,"Driggs, Idaho, United States"
P799,VEL,17.999,-36.576,-0.16,0.127,0.108,0.437,v1.1,"West Athens, California, United States"
P800,VEL,16.842,-37.509,1.267,0.172,0.14,0.585,v1.1,"Mid-City, California, United States"
P801,VEL,-5.28,-18.117,-9.103,0.17,0.127,0.551,v1.1,"West Yellowstone, Montana, United States"
P802,VEL,-5.383,-16.092,-3.329,0.178,0.132,0.515,v1.1,"Lincoln, North Dakota, United States"
P803,VEL,-1.816,-16.728,-2.571,0.11,0.087,0.382,v1.1,"Ashland, Wisconsin, United States"
P804,VEL,1.709,-13.112,-0.756,0.066,0.061,0.238,v1.1,"Barnesville, Georgia, United States"
P805,VEL,1.884,-13.149,-0.618,0.067,0.062,0.243,v1.1,"Barnesville, Georgia, United States"
P806,VEL,1.911,-13.054,-0.43,0.075,0.069,0.269,v1.1,"Barnesville, Georgia, United States"
P807,VEL,-4.042,-12.497,0.829,0.164,0.154,0.607,v1.1,"Fredericksburg, Texas, United States"
P808,VEL,6.732,-27.414,1.836,0.323,0.274,1.119,v1.1,"Lebec, California, United States"
P809,VEL,1.076,-23.979,-7.68,0.365,0.307,1.227,v1.1,"Delano, California, United States"
P810,VEL,0.92,-24.648,-7.495,0.365,0.308,1.236,v1.1,"Delano, California, United States"
P811,VEL,3.217,-20.953,-1.632,0.133,0.112,0.449,v1.1,"California City, California, United States"
P812,VEL,3.087,-21.057,-1.704,0.153,0.129,0.516,v1.1,"California City, California, United States"
P813,VEL,-9.977,-13.27,-0.94,0.094,0.067,0.277,v1.1,"Coulee Dam, Washington, United States"
P814,VEL,-10.103,-13.382,-0.855,0.094,0.067,0.275,v1.1,"Coulee Dam, Washington, United States"
P815,VEL,-2.605,1.455,0.892,0.181,0.129,0.518,v1.1,"Forks, Washington, United States"
P816,VEL,-2.509,1.553,1.294,0.091,0.066,0.266,v1.1,"Forks, Washington, United States"
P817,VEL,3.427,-15.126,-1.206,0.08,0.071,0.296,v1.1,"Bedford, Pennsylvania, United States"
PABH,VEL,-1.136,0.996,-0.018,0.055,0.04,0.166,v1.1,"Ocean Shores, Washington, United States"
PADO,VEL,16.782,21.039,-0.369,0.117,0.094,0.346,v1.1,"Padova, Veneto, Italy"
PAEK,VEL,36.262,-19.584,-2.344,0.21,0.169,0.658,v1.1,"Paekakariki, Wellington Region, New Zealand"
PAL2,VEL,9.969,14.288,-0.56,0.323,0.23,1.048,v1.1,"Puerto Williams, Region of Magallanes, Chile"
PALA,VEL,20.095,-65.459,0.452,0.243,0.284,1.11,v1.1,"Medalaii Hamlet, Koror, Palau"
PALK,VEL,33.969,47.854,0.558,0.393,0.473,1.756,v1.1,"Kandy, Central Province, Sri Lanka"
PALM,VEL,10.549,13.275,5.01,0.055,0.039,0.176,v1.1,"Puerto Williams, Region of Magallanes, Chile"
PALX,VEL,20.542,-42.153,-0.756,0.065,0.058,0.241,v1.1,"San Vicente, Baja California, Mexico"
PAPE,VEL,34.027,-66.43,-1.095,0.091,0.106,0.426,v1.1,"Papeete, Îles du Vent, French Polynesia"
PARA,VEL,12.431,-3.147,0.873,0.099,0.101,0.437,v1.1,"Pinhais, Paraná, Brazil"
PARC,VEL,12.106,4.678,-0.805,0.054,0.039,0.158,v1.1,"Punta Arenas, Region of Magallanes, Chile"
PARK,VEL,55.132,20.171,-1.446,0.215,0.185,0.785,v1.1,"Parkes, New South Wales, Australia"
PARY,VEL,1.904,-16.649,1.26,0.064,0.049,0.193,v1.1,"Parry Sound, Ontario, Canada"
PATT,VEL,-2.444,-12.62,-0.121,0.114,0.111,0.514,v1.1,"Palestine, Texas, United States"
PBAY,VEL,-19.214,-10.778,8.098,0.226,0.161,0.667,v1.1,"Fritz Creek, Alaska, United States"
PBHR,VEL,25.114,-40.377,-0.316,0.101,0.084,0.358,v1.1,"Cambria, California, United States"
PBJO,VEL,22.206,30.953,-2.875,0.266,0.346,1.246,v1.1,"Sikabaluan, West Sumatra, Indonesia"
PBL1,VEL,9.968,-34.477,-0.379,0.202,0.163,0.693,v1.1,"Tiburon, California, United States"
PBLI,VEL,-7.298,5.899,21.342,0.549,0.663,2.426,v1.1,"Pulo Batal, Aceh, Indonesia"
PBOC,VEL,-19.922,-8.663,-3.95,0.172,0.117,0.604,v1.1,"Prudhoe Bay, Alaska, United States"
PBPP,VEL,7.732,-28.646,0.334,0.078,0.066,0.267,v1.1,"Sun Village, California, United States"
PBR2,VEL,17.961,6.921,18.92,0.336,0.394,1.475,v1.1,"Prothrapur, Andaman and Nicobar, India"
PBRI,VEL,20.697,11.59,15.508,0.228,0.274,1.048,v1.1,"Prothrapur, Andaman and Nicobar, India"
PCK1,VEL,0.28,-16.059,0.593,0.142,0.104,0.444,v1.1,"Saint Ignace, Michigan, United States"
PCOL,VEL,-7.794,-9.776,-1.534,0.087,0.062,0.255,v1.1,"Steilacoom, Washington, United States"
PDEL,VEL,16.232,12.43,-2.014,0.104,0.083,0.343,v1.1,"Ponta Delgada, Azores, Portugal"
PDME,VEL,47.771,21.472,-0.969,0.221,0.228,0.899,v1.1,"Poindimié, North Province, New Caledonia"
PEA1,VEL,0.67,-23.639,3.766,0.326,0.276,1.138,v1.1,"King City, California, United States"
PEA2,VEL,20.524,-39.891,-0.737,0.248,0.21,0.847,v1.1,"King City, California, United States"
PECE,VEL,8.879,10.662,-1.96,0.168,0.158,1.198,v1.1,"Puerto Williams, Region of Magallanes, Chile"
PENC,VEL,14.654,22.258,-0.161,0.05,0.039,0.164,v1.1,"Őrbottyán, Pest County, Hungary"
PERL,VEL,-8.861,-15.594,-0.145,0.157,0.131,0.536,v1.1,"Beatty, Nevada, United States"
PERT,VEL,57.716,38.496,-2.294,0.084,0.079,0.334,v1.1,"Landsdale, Western Australia, Australia"
PETP,VEL,-7.455,-4.909,-2.889,0.218,0.15,0.632,v1.1,"Petropavlovsk-Kamchatsky, Kamchatka, Russian Federation"
PETS,VEL,-4.133,-10.432,-5.748,0.325,0.238,1.121,v1.1,"Petropavlovsk-Kamchatsky, Kamchatka, Russian Federation"
PFAN,VEL,16.131,20.32,1.154,0.335,0.248,1.0,v1.1,"Eichenberg, Vorarlberg, Austria"
PFLD,VEL,-8.686,-9.153,-2.546,0.172,0.121,0.493,v1.1,"Lake Stickney, Washington, United States"
PFR2,VEL,-21.848,-8.381,1.046,0.065,0.045,0.208,v1.1,"Badger, Alaska, United States"
PFRR,VEL,-21.912,-8.316,1.202,0.097,0.068,0.31,v1.1,"Badger, Alaska, United States"
PG2R,VEL,-21.185,-34.877,18.055,0.305,0.345,1.295,v1.1,"Volcano, Hawaii, United States"
PGC5,VEL,-8.361,-7.978,0.692,0.07,0.049,0.203,v1.1,"North Saanich, British Columbia, Canada"
PGF1,VEL,12.127,-49.805,0.671,0.286,0.309,1.21,v1.1,"Volcano, Hawaii, United States"
PGF4,VEL,-12.872,-45.022,14.526,0.404,0.436,1.71,v1.1,"Volcano, Hawaii, United States"
PGF5,VEL,-1.885,-47.544,5.995,0.326,0.352,1.378,v1.1,"Volcano, Hawaii, United States"
PGF6,VEL,4.489,-50.536,5.374,0.112,0.125,0.482,v1.1,"Pāhala, Hawaii, United States"
PHIG,VEL,-11.274,10.163,-2.001,0.207,0.18,1.06,v1.1,"Bluff, Southland, New Zealand"
PHIN,VEL,-8.779,-15.631,-0.002,0.135,0.11,0.448,v1.1,"Beatty, Nevada, United States"
PHJX,VEL,14.999,-31.203,-0.051,0.104,0.086,0.354,v1.1,"Progreso, Baja California, Mexico"
PHLB,VEL,3.315,-21.263,-0.691,0.053,0.045,0.179,v1.1,"Boron, California, United States"
PICL,VEL,-2.085,-18.268,5.066,0.061,0.042,0.178,v1.1,"Sioux Lookout, Ontario, Canada"
PIE1,VEL,-6.559,-13.404,-0.274,0.029,0.025,0.102,v1.1,"Alamo, New Mexico, United States"
PIGT,VEL,-0.089,-13.648,0.719,0.082,0.073,0.303,v1.1,"Piggott, Arkansas, United States"
PIMO,VEL,5.699,-26.823,1.339,0.126,0.137,0.633,v1.1,"Calumpang, Metro Manila, Philippines"
PIN1,VEL,6.712,-28.036,0.067,0.047,0.04,0.162,v1.1,"Rancho Mirage, California, United States"
PIN2,VEL,6.814,-28.111,-0.122,0.045,0.038,0.158,v1.1,"Rancho Mirage, California, United States"
PIRT,VEL,8.818,10.586,1.336,0.203,0.172,1.143,v1.1,"Ushuaia, Tierra del Fuego, Argentina"
PIT1,VEL,2.987,-14.965,-2.909,0.146,0.118,0.497,v1.1,"Lower Burrell, Pennsylvania, United States"
PJZX,VEL,17.999,-40.722,-0.039,0.083,0.071,0.282,v1.1,"Rumorosa, Baja California, Mexico"
PKDB,VEL,19.821,-35.354,1.291,0.116,0.096,0.491,v1.1,"San Miguel, California, United States"
PKMN,VEL,-14.298,7.772,0.796,0.379,0.328,1.275,v1.1,"Firá, South Aegean, Greece"
PKRD,VEL,14.003,-37.62,-0.271,0.074,0.073,0.3,v1.1,"Los Angeles, California, United States"
PKTN,VEL,2.142,-15.07,-1.765,0.046,0.038,0.155,v1.1,"Piketon, Ohio, United States"
PLO3,VEL,19.348,-41.307,-5.422,0.398,0.36,1.582,v1.1,"Coronado, California, United States"
PLPX,VEL,19.714,-38.213,1.115,0.106,0.092,0.36,v1.1,"Ejido Doctor Alberto Oviedo Mota (El Indiviso), Baja California, Mexico"
PLS1,VEL,-9.615,-14.473,-1.471,0.209,0.147,0.625,v1.1,"Polson, Montana, United States"
PLSB,VEL,-3.792,-23.262,-25.271,0.227,0.177,0.724,v1.1,"Woodland, California, United States"
PLTC,VEL,-5.871,-14.563,-0.095,0.112,0.091,0.356,v1.1,"Aristocrat Ranchettes, Colorado, United States"
PLTK,VEL,2.672,-12.045,-0.84,0.099,0.099,0.418,v1.1,"Palatka, Florida, United States"
PLTX,VEL,19.555,-39.449,1.419,0.074,0.065,0.264,v1.1,"Durango, Baja California, Mexico"
PLUZ,VEL,17.229,16.504,-1.333,0.449,0.408,1.689,v1.1,"Stadtzentrum, Canary Islands, Spain"
PMAR,VEL,-9.145,-12.09,-2.322,0.087,0.064,0.267,v1.1,"Sunriver, Oregon, United States"
PMHS,VEL,16.645,-37.908,-0.855,0.233,0.199,0.811,v1.1,"Paramount, California, United States"
PMOB,VEL,15.664,-37.036,0.294,0.134,0.122,0.504,v1.1,"Aguanga, California, United States"
PMTN,VEL,-0.924,-21.753,1.293,0.114,0.09,0.38,v1.1,"Mammoth Lakes, California, United States"
PNB1,VEL,6.418,-15.272,-0.349,0.211,0.165,0.703,v1.1,"Penobscot, Maine, United States"
PNE2,VEL,19.912,14.512,-4.577,0.122,0.163,0.645,v1.1,"Tamarindo, Guanacaste Province, Costa Rica"
PNGM,VEL,25.831,-63.464,-1.435,0.064,0.069,0.28,v1.1,"Lorengau, Manus Province, Papua New Guinea"
PNR1,VEL,-2.04,-17.252,-2.626,0.288,0.213,0.866,v1.1,"Walker, Minnesota, United States"
POAL,VEL,10.965,-3.45,-0.049,0.207,0.185,0.763,v1.1,"Alvorada, Rio Grande do Sul, Brazil"
POBG,VEL,12.434,-33.969,-0.391,0.191,0.165,0.64,v1.1,"East Hemet, California, United States"
PODG,VEL,5.297,30.066,0.853,0.158,0.125,0.57,v1.1,"Chundzha, Almaty Oblysy, Kazakhstan"
POHN,VEL,26.005,-69.551,0.286,0.052,0.063,0.245,v1.1,"Kolonia, Pohnpei State, Micronesia, Federated States of"
POIN,VEL,-8.916,-15.22,-0.113,0.175,0.146,0.637,v1.1,"Pahrump, Nevada, United States"
POL2,VEL,4.803,27.793,1.059,0.077,0.059,0.237,v1.1,"Lebedinovka, Chuy Region, Kyrgyzstan"
POLV,VEL,12.277,22.439,0.077,0.063,0.045,0.176,v1.1,"Poltava, Poltava, Ukraine"
POMM,VEL,16.756,-35.884,1.182,0.092,0.077,0.325,v1.1,"Coalinga, California, United States"
POR4,VEL,4.867,-15.721,1.112,0.324,0.247,1.034,v1.1,"New Castle, New Hampshire, United States"
PORE,VEL,17.378,21.292,0.827,0.106,0.083,0.327,v1.1,"Poreč, Istria, Croatia"
POT3,VEL,4.274,-24.25,11.621,0.376,0.252,1.201,v1.1,"Valdez, Alaska, United States"
POTB,VEL,-2.347,-22.121,-0.19,0.21,0.171,0.726,v1.1,"Suisun, California, United States"
POTR,VEL,17.396,-40.415,-1.329,0.089,0.077,0.306,v1.1,"Tecate, Baja California, Mexico"
POTS,VEL,15.144,19.391,0.611,0.055,0.04,0.158,v1.1,"Potsdam, Brandenburg, Germany"
POUM,VEL,48.762,22.766,-1.548,0.187,0.196,0.767,v1.1,"Poum, North Province, New Caledonia"
POVE,VEL,11.87,-3.097,-1.067,0.078,0.091,0.325,v1.1,"Porto Velho, Rondônia, Brazil"
POZE,VEL,15.03,22.535,0.519,0.089,0.067,0.263,v1.1,"Požega, Požega-Slavonia, Croatia"
PPBF,VEL,13.027,-33.639,0.014,0.082,0.072,0.303,v1.1,"Nuevo, California, United States"
PPER,VEL,5.972,-16.249,3.363,0.178,0.127,0.519,v1.1,"Luceville, Quebec, Canada"
PPT1,VEL,23.86,-40.503,-1.418,0.194,0.159,0.669,v1.1,"Portola Valley, California, United States"
PPTE,VEL,12.484,-3.056,1.253,0.267,0.281,1.174,v1.1,"Presidente Prudente, São Paulo, Brazil"
PRAT,VEL,17.426,21.445,-0.135,0.08,0.061,0.271,v1.1,"Prato, Tuscany, Italy"
PRCO,VEL,-3.215,-14.189,0.138,0.076,0.065,0.275,v1.1,"Purcell, Oklahoma, United States"
PRDS,VEL,-10.322,-14.698,0.443,0.058,0.04,0.164,v1.1,"Cedarbrae, Alberta, Canada"
PRDY,VEL,-8.208,-9.492,-1.375,0.059,0.043,0.177,v1.1,"Purdy, Washington, United States"
PRE1,VEL,18.655,18.061,-0.127,0.065,0.064,0.259,v1.1,"Pretoria, Gauteng, South Africa"
PRE2,VEL,18.493,17.678,-0.664,0.339,0.34,1.291,v1.1,"Pretoria, Gauteng, South Africa"
PRPT,VEL,10.063,14.749,1.188,0.16,0.11,0.513,v1.1,"Puerto Williams, Region of Magallanes, Chile"
PSAP,VEL,6.671,-25.202,0.52,0.197,0.17,0.688,v1.1,"Cathedral City, California, United States"
PSC1,VEL,4.265,-15.968,1.182,0.102,0.077,0.333,v1.1,"Saranac Lake, New York, United States"
PSDM,VEL,12.579,-35.553,-0.043,0.096,0.078,0.33,v1.1,"San Dimas, California, United States"
PSKI,VEL,12.882,24.224,1.604,0.386,0.513,1.711,v1.1,"Lubukbergalung, West Sumatra, Indonesia"
PSTX,VEL,20.981,-42.88,-0.445,0.111,0.096,0.381,v1.1,"San Vicente, Baja California, Mexico"
PSU1,VEL,3.861,-15.275,-1.121,0.052,0.042,0.174,v1.1,"State College, Pennsylvania, United States"
PTAG,VEL,3.903,-23.339,2.273,0.271,0.325,1.222,v1.1,"Makati City, Metro Manila, Philippines"
PTAL,VEL,-8.065,-6.79,3.218,0.073,0.052,0.205,v1.1,"Port Alberni, British Columbia, Canada"
PTAX,VEL,16.546,-31.163,0.61,0.351,0.297,1.178,v1.1,"Ejido Michoacán de Ocampo, Baja California, Mexico"
PTBB,VEL,15.685,18.941,0.064,0.046,0.033,0.146,v1.1,"Kanzlerfeld, Lower Saxony, Germany"
PTEX,VEL,18.288,-41.392,-1.806,0.14,0.127,0.541,v1.1,"Francisco Zarco, Baja California, Mexico"
PTGV,VEL,-0.118,-14.138,-1.031,0.038,0.033,0.135,v1.1,"Portageville, Missouri, United States"
PTLO,VEL,12.792,26.151,5.112,0.604,0.762,2.828,v1.1,"Teluk Dalam, North Sumatra, Indonesia"
PTRB,VEL,24.359,-37.804,-0.962,0.054,0.044,0.186,v1.1,"Inverness, California, United States"
PTRF,VEL,-7.161,-5.494,2.451,0.155,0.113,0.475,v1.1,"Lake Cowichan, British Columbia, Canada"
PTRO,VEL,-3.112,-24.077,-0.763,0.259,0.206,0.931,v1.1,"Suisun, California, United States"
PTSG,VEL,-0.295,-9.958,1.742,0.09,0.069,0.286,v1.1,"Crescent City, California, United States"
PUB1,VEL,-5.987,-14.805,-1.206,0.268,0.222,0.911,v1.1,"Pueblo, Colorado, United States"
PUC1,VEL,-8.185,-14.44,0.135,0.137,0.109,0.445,v1.1,"Price, Utah, United States"
PUKE,VEL,19.118,6.786,0.738,0.098,0.083,0.326,v1.1,"Hicks Bay, Gisborne, New Zealand"
PUPU,VEL,-9.328,-11.065,0.845,0.097,0.09,0.472,v1.1,"Issaquah, Washington, United States"
PUR2,VEL,12.876,7.316,-0.126,0.476,0.656,2.123,v1.1,"Rafael Hernandez, Aguadilla, Puerto Rico"
PUR3,VEL,13.199,8.464,-0.317,0.096,0.11,0.45,v1.1,"Rafael Hernandez, Aguadilla, Puerto Rico"
PVE3,VEL,19.15,-39.832,-0.518,0.083,0.07,0.281,v1.1,"Rancho Palos Verdes, California, United States"
PVEP,VEL,20.372,-40.162,1.411,0.404,0.362,1.59,v1.1,"Rancho Palos Verdes, California, United States"
PVHS,VEL,18.966,-39.486,-1.222,0.081,0.07,0.33,v1.1,"Rolling Hills Estates, California, United States"
PVRS,VEL,18.597,-39.484,-0.111,0.072,0.056,0.26,v1.1,"Lomita, California, United States"
PWEL,VEL,2.8,-16.035,-0.848,0.043,0.032,0.136,v1.1,"St. Catharines, Ontario, Canada"
PZCG,VEL,-10.023,-16.213,-1.36,0.161,0.119,0.505,v1.1,"Dubois, Idaho, United States"
QAAR,VEL,12.057,-19.304,7.249,0.204,0.146,0.815,v1.1,"Uummannaq, Avannaata, Greenland"
QAQ1,VEL,13.813,-16.683,3.291,0.063,0.043,0.182,v1.1,"Qaqortoq, Kujalleq, Greenland"
QCY2,VEL,22.066,-40.615,2.548,0.391,0.326,1.323,v1.1,"King City, California, United States"
QHTP,VEL,8.377,-28.323,0.572,0.065,0.055,0.237,v1.1,"Quartz Hill, California, United States"
QIKI,VEL,8.348,-18.671,3.832,0.045,0.032,0.155,v1.1,"Pangnirtung, Nunavut, Canada"
QSEC,VEL,26.463,15.133,-7.848,0.178,0.218,0.792,v1.1,"Bejuco, Guanacaste Province, Costa Rica"
QUAD,VEL,-9.393,-9.749,5.208,0.114,0.084,0.36,v1.1,"Campbell River, British Columbia, Canada"
QUAR,VEL,42.045,-8.54,-0.001,0.134,0.126,0.723,v1.1,"Waikowhai, West Coast, New Zealand"
QUI1,VEL,10.31,6.078,-0.532,0.262,0.311,1.086,v1.1,"Quito, Pichincha, Ecuador"
QUI2,VEL,10.806,7.792,-2.822,0.298,0.364,1.24,v1.1,"Quito, Pichincha, Ecuador"
QUIN,VEL,-4.784,-21.357,-1.472,0.063,0.05,0.211,v1.1,"Quincy, California, United States"
RAAP,VEL,16.659,-39.288,-1.147,0.099,0.085,0.34,v1.1,"Ramona, California, United States"
RABT,VEL,18.1,16.317,-0.312,0.064,0.056,0.232,v1.1,"Touarga, Rabat-Salé-Kénitra, Morocco"
RADF,VEL,37.149,-62.198,-0.698,0.432,0.453,1.781,v1.1,"Volcano, Hawaii, United States"
RAEG,VEL,15.992,12.527,-1.151,0.462,0.382,1.59,v1.1,"Ponta Garça, Azores, Portugal"
RAGG,VEL,-7.103,-15.733,0.58,0.108,0.092,0.365,v1.1,"Twentynine Palms, California, United States"
RAIL,VEL,-9.42,-15.853,-0.633,0.176,0.147,0.625,v1.1,"Alamo, Nevada, United States"
RALR,VEL,3.75,-14.019,-0.739,0.115,0.102,0.418,v1.1,"Raleigh, North Carolina, United States"
RAMG,VEL,-10.327,9.073,0.614,0.151,0.138,0.962,v1.1,"Papatowai, Otago, New Zealand"
RAMO,VEL,19.469,23.56,0.723,0.031,0.028,0.115,v1.1,"Mitzpe Ramon, Southern District, Israel"
RAMT,VEL,1.279,-19.062,-0.249,0.081,0.067,0.266,v1.1,"Ridgecrest, California, United States"
RAPT,VEL,-0.979,-24.004,1.661,0.228,0.188,0.769,v1.1,"Minkler, California, United States"
RBAY,VEL,17.697,15.978,0.161,0.074,0.071,0.296,v1.1,"Richards Bay, KwaZulu-Natal, South Africa"
RBRU,VEL,-0.895,-22.938,-7.109,0.137,0.114,0.474,v1.1,"Old Fig Garden, California, United States"
RBUT,VEL,-8.327,-14.766,-0.14,0.07,0.054,0.259,v1.1,"Canyon Rim, Utah, United States"
RCA2,VEL,17.89,-41.536,1.1,0.048,0.041,0.163,v1.1,"Mission Canyon, California, United States"
RCHY,VEL,13.523,12.313,7.072,0.134,0.157,0.613,v1.1,"Plymouth, Saint Anthony, Montserrat"
RCM5,VEL,3.631,-10.145,-2.061,0.662,0.7,2.894,v1.1,"South Miami Heights, Florida, United States"
RCMN,VEL,17.231,26.699,-3.717,0.104,0.122,0.454,v1.1,"Kiambu, Kiambu County, Kenya"
RDJH,VEL,-29.705,-5.49,9.934,0.097,0.067,0.279,v1.1,"Anchor Point, Alaska, United States"
RDMT,VEL,-1.774,-20.22,0.308,0.081,0.069,0.272,v1.1,"Lucerne Valley, California, United States"
RDOM,VEL,-1.791,-18.634,5.691,0.21,0.167,0.714,v1.1,"Mammoth Lakes, California, United States"
RDSD,VEL,8.046,6.907,-0.254,0.11,0.12,0.476,v1.1,"Ciudad Nueva, Nacional, Dominican Republic"
RDSO,VEL,-28.682,-5.705,9.644,0.129,0.085,0.386,v1.1,"Anchor Point, Alaska, United States"
RDWB,VEL,-28.988,-5.162,9.793,0.105,0.077,0.318,v1.1,"Anchor Point, Alaska, United States"
RECF,VEL,12.187,-4.271,-2.316,0.308,0.346,1.373,v1.1,"Camaragibe, Pernambuco, Brazil"
RED1,VEL,3.85,-14.435,-1.977,0.152,0.125,0.533,v1.1,"Delaware City, Delaware, United States"
REDC,VEL,-28.836,-6.281,9.084,0.187,0.129,0.553,v1.1,"Anchor Point, Alaska, United States"
REDM,VEL,-8.498,-13.141,-1.573,0.059,0.044,0.179,v1.1,"Redmond, Oregon, United States"
REDU,VEL,15.954,18.477,-0.047,0.078,0.058,0.242,v1.1,"Daverdisse, Wallonia, Belgium"
REED,VEL,-2.347,-7.659,-1.625,0.173,0.13,0.524,v1.1,"Reedsport, Oregon, United States"
REGI,VEL,18.17,23.227,-0.533,0.393,0.338,1.273,v1.1,"Lattarico, Calabria, Italy"
RELA,VEL,-8.474,-15.504,0.307,0.234,0.194,0.808,v1.1,"Beatty, Nevada, United States"
REP2,VEL,-8.645,-15.502,-0.88,0.294,0.238,0.941,v1.1,"Beatty, Nevada, United States"
REP3,VEL,-8.638,-15.538,-0.479,0.291,0.235,0.928,v1.1,"Beatty, Nevada, United States"
REP4,VEL,-8.662,-15.334,-0.656,0.299,0.242,0.974,v1.1,"Beatty, Nevada, United States"
REPO,VEL,-8.965,-15.542,-0.42,0.059,0.049,0.192,v1.1,"Beatty, Nevada, United States"
RESO,VEL,-4.896,-20.535,5.485,0.042,0.032,0.182,v1.1,"Gjoa Haven, Nunavut, Canada"
REUN,VEL,11.823,17.325,-2.422,0.094,0.1,0.428,v1.1,"Le Tampon, Réunion, Reunion"
REYK,VEL,19.837,-9.658,0.298,0.161,0.111,0.496,v1.1,"Seltjarnarnes, Capital Region, Iceland"
REYZ,VEL,19.612,-10.49,-1.881,0.18,0.123,0.558,v1.1,"Seltjarnarnes, Capital Region, Iceland"
RG03,VEL,-5.239,-13.289,-0.639,0.053,0.046,0.186,v1.1,"Capitan, New Mexico, United States"
RG11,VEL,-6.798,-14.128,-0.231,0.217,0.184,0.717,v1.1,"Arroyo Seco, New Mexico, United States"
RG25,VEL,-6.883,-13.169,-0.676,0.19,0.157,0.707,v1.1,"Reserve, New Mexico, United States"
RG26,VEL,-6.894,-14.181,0.418,0.509,0.398,1.584,v1.1,"Eagle, Colorado, United States"
RGAO,VEL,12.5,-14.076,-1.046,0.593,0.514,2.299,v1.1,"La Consulta, Mendoza, Argentina"
RGDG,VEL,12.061,3.963,1.656,0.526,0.371,1.487,v1.1,"Río Grande, Tierra del Fuego, Argentina"
RHCG,VEL,15.824,-37.245,-0.501,0.232,0.208,0.817,v1.1,"Whittier, California, United States"
RHCL,VEL,14.561,-37.12,-0.262,0.086,0.073,0.326,v1.1,"South El Monte, California, United States"
RIBA,VEL,-15.182,7.116,2.334,0.419,0.376,1.488,v1.1,"Oía, South Aegean, Greece"
RIC1,VEL,3.846,-13.808,-0.276,0.108,0.09,0.361,v1.1,"Richmond, Virginia, United States"
RIGA,VEL,13.337,20.43,1.253,0.069,0.048,0.212,v1.1,"Mārupe, Mārupe, Latvia"
RINK,VEL,12.864,-17.256,6.986,0.087,0.064,0.33,v1.1,"Uummannaq, Avannaata, Greenland"
RIO2,VEL,12.033,3.418,0.974,0.167,0.119,0.475,v1.1,"Río Grande, Tierra del Fuego, Argentina"
RIOB,VEL,11.415,-1.199,0.36,0.328,0.399,1.431,v1.1,"Rio Branco, Acre, Brazil"
RIOG,VEL,12.129,3.857,2.074,0.148,0.103,0.421,v1.1,"Río Grande, Tierra del Fuego, Argentina"
RIOP,VEL,8.876,1.21,-0.28,0.125,0.147,0.515,v1.1,"Riobamba, Chimborazo Province, Ecuador"
RIPA,VEL,27.39,1.598,-0.535,0.077,0.063,0.264,v1.1,"Bay View, Hawke's Bay Region, New Zealand"
RIS1,VEL,0.392,-15.524,-2.047,0.157,0.134,0.507,v1.1,"Savanna, Illinois, United States"
RKMG,VEL,17.981,-38.717,-2.778,0.264,0.23,0.956,v1.1,"Portola Hills, California, United States"
RLAP,VEL,-0.281,-14.173,0.697,0.079,0.068,0.287,v1.1,"Tiptonville, Tennessee, United States"
RMBO,VEL,10.718,7.719,1.079,0.183,0.171,1.171,v1.1,"Puerto Williams, Region of Magallanes, Chile"
RMLS,VEL,18.401,-11.685,5.605,0.639,0.543,2.184,v1.1,"Las Coloradas, Neuquen, Argentina"
RMVJ,VEL,17.714,-38.293,-1.232,0.131,0.113,0.461,v1.1,"San Clemente, California, United States"
RNCH,VEL,19.848,-36.311,0.816,0.032,0.026,0.112,v1.1,"San Miguel, California, United States"
RNO1,VEL,-6.137,-20.253,2.056,0.055,0.044,0.18,v1.1,"Mogul, Nevada, United States"
ROAP,VEL,17.381,16.504,-0.453,0.183,0.153,0.614,v1.1,"San Fernando, Andalusia, Spain"
ROB4,VEL,-11.636,9.156,2.451,0.187,0.152,0.881,v1.1,"Bluff, Southland, New Zealand"
ROBE,VEL,13.432,28.69,4.891,0.193,0.223,0.857,v1.1,"Bale Robe, Oromiya, Ethiopia"
ROBN,VEL,8.431,17.501,5.647,0.139,0.098,0.45,v1.1,"Puerto Williams, Region of Magallanes, Chile"
ROCH,VEL,10.19,-29.946,-0.119,0.334,0.317,1.382,v1.1,"Anza, California, United States"
ROCK,VEL,17.729,-38.313,-0.002,0.067,0.054,0.228,v1.1,"Santa Susana, California, United States"
ROCP,VEL,5.335,-27.438,-0.254,0.091,0.074,0.298,v1.1,"Alamo, California, United States"
ROGE,VEL,-6.374,-16.208,-0.329,0.247,0.207,0.875,v1.1,"Death Valley, California, United States"
ROSS,VEL,-1.545,-17.915,3.195,0.072,0.053,0.216,v1.1,"Greenstone, Ontario, Canada"
ROTH,VEL,9.6,14.886,3.066,0.048,0.035,0.163,v1.1,"Puerto Williams, Region of Magallanes, Chile"
ROVE,VEL,16.613,20.587,1.044,0.057,0.047,0.191,v1.1,"Rovereto, Trentino-Alto Adige, Italy"
ROXY,VEL,-9.386,-15.149,0.384,0.412,0.329,1.313,v1.1,"Moapa Town, Nevada, United States"
RPT1,VEL,-8.573,-9.767,-1.641,0.086,0.062,0.267,v1.1,"Des Moines, Washington, United States"
RSTP,VEL,5.308,-23.052,-0.555,0.081,0.069,0.285,v1.1,"Rosamond, California, United States"
RSVY,VEL,12.488,-38.541,0.592,0.101,0.086,0.375,v1.1,"Ojai, California, United States"
RTHS,VEL,11.713,-31.703,-1.259,0.088,0.075,0.302,v1.1,"Rialto, California, United States"
RUBY,VEL,-9.622,-16.697,-0.426,0.046,0.035,0.146,v1.1,"Spring Creek, Nevada, United States"
RUMP,VEL,-8.806,-15.279,-0.16,0.231,0.19,0.752,v1.1,"Pahrump, Nevada, United States"
RUNG,VEL,-7.668,-14.393,0.174,0.108,0.095,0.376,v1.1,"Ejido Netzahualcóyotl, Baja California, Mexico"
RWDN,VEL,-4.475,-14.458,1.547,0.264,0.209,0.872,v1.1,"McCook, Nebraska, United States"
RWSN,VEL,11.362,-1.592,0.539,0.182,0.142,0.598,v1.1,"Rawson, Chubut, Argentina"
RYAN,VEL,-8.201,-15.538,-0.175,0.184,0.152,0.62,v1.1,"Death Valley, California, United States"
RYMD,VEL,-4.606,-5.901,-0.633,0.172,0.124,0.49,v1.1,"Raymond, Washington, United States"
S300,VEL,-2.059,-23.101,1.198,0.101,0.082,0.33,v1.1,"Mountain House, California, United States"
SA60,VEL,-6.537,-14.806,1.398,0.482,0.394,1.573,v1.1,"Boulder, Colorado, United States"
SA62,VEL,-4.652,-15.028,0.135,0.384,0.299,1.193,v1.1,"Laporte, Colorado, United States"
SA63,VEL,-6.084,-11.497,-6.644,0.259,0.222,0.939,v1.1,"Fortuna Foothills, Arizona, United States"
SACH,VEL,-13.851,-17.288,0.046,0.722,0.52,2.775,v1.1,"Norman Wells, Northwest Territories, Canada"
SACY,VEL,17.666,-38.253,0.919,0.068,0.059,0.265,v1.1,"Santa Ana, California, United States"
SAG1,VEL,0.571,-18.177,-2.491,0.126,0.097,0.423,v1.1,"Essexville, Michigan, United States"
SAG2,VEL,-0.027,-15.783,-3.58,0.648,0.483,2.039,v1.1,"Essexville, Michigan, United States"
SAGA,VEL,11.526,-3.874,-0.108,0.32,0.321,1.426,v1.1,"São Gabriel da Cachoeira, Amazonas, Brazil"
SAJU,VEL,24.869,17.341,-7.683,0.109,0.128,0.494,v1.1,"Santa Cruz, Guanacaste Province, Costa Rica"
SAL1,VEL,-4.019,-14.323,0.719,0.15,0.126,0.536,v1.1,"Sallisaw, Oklahoma, United States"
SALU,VEL,12.422,-3.646,-0.69,0.138,0.137,0.594,v1.1,"São Luís, Maranhão, Brazil"
SAMO,VEL,33.997,-62.922,-1.664,0.129,0.147,0.569,v1.1,"Vailima, Tuamasaga, Samoa"
SAMP,VEL,-0.587,30.739,-14.933,0.551,0.645,2.513,v1.1,"Medan, North Sumatra, Indonesia"
SAN0,VEL,7.632,12.774,-0.793,0.115,0.135,0.502,v1.1,"San Andrés, San Andres y Providencia, Colombia"
SANT,VEL,16.481,19.071,2.09,0.08,0.075,0.292,v1.1,"Chicureo, Santiago Metropolitan, Chile"
SAOB,VEL,22.784,-39.671,0.41,0.065,0.054,0.234,v1.1,"Ridgemark, California, United States"
SASK,VEL,-8.186,-16.435,-0.183,0.086,0.06,0.244,v1.1,"Warman, Saskatchewan, Canada"
SASS,VEL,15.231,18.794,0.295,0.107,0.076,0.304,v1.1,"Sassnitz, Mecklenburg-Vorpommern, Germany"
SATS,VEL,-4.646,-7.195,2.293,0.466,0.331,1.691,v1.1,"Montesano, Washington, United States"
SAV1,VEL,2.396,-12.524,-0.23,0.12,0.11,0.465,v1.1,"Pembroke, Georgia, United States"
SAV2,VEL,2.517,-12.558,-0.013,0.682,0.642,2.634,v1.1,"Pembroke, Georgia, United States"
SAVO,VEL,12.733,-4.322,0.055,0.067,0.074,0.286,v1.1,"Salvador, Bahia, Brazil"
SAWC,VEL,-2.605,-21.467,0.109,0.172,0.149,0.645,v1.1,"Mammoth Lakes, California, United States"
SBCC,VEL,17.455,-38.014,-1.078,0.11,0.095,0.412,v1.1,"Ladera Ranch, California, United States"
SBGZ,VEL,16.176,21.375,0.175,0.122,0.089,0.364,v1.1,"Esch, Salzburg, Austria"
SBOK,VEL,19.339,17.914,0.634,0.084,0.081,0.326,v1.1,"Springbok, Northern Cape, South Africa"
SBR5,VEL,21.789,-41.895,0.589,0.227,0.202,0.816,v1.1,"Buellton, California, United States"
SBRB,VEL,17.376,-32.897,-0.781,0.106,0.077,0.431,v1.1,"Brisbane, California, United States"
SBRN,VEL,14.829,-33.988,-3.752,0.342,0.246,1.24,v1.1,"Brisbane, California, United States"
SC00,VEL,-9.398,-12.019,-1.84,0.148,0.106,0.44,v1.1,"Ellensburg, Washington, United States"
SC01,VEL,-7.04,-13.318,1.063,0.088,0.076,0.299,v1.1,"Socorro, New Mexico, United States"
SC02,VEL,-8.49,-8.738,-0.156,0.065,0.046,0.189,v1.1,"Friday Harbor, Washington, United States"
SC03,VEL,-6.411,-5.424,2.125,0.055,0.038,0.154,v1.1,"Port Angeles, Washington, United States"
SC04,VEL,-8.409,-7.871,1.119,0.059,0.041,0.169,v1.1,"Chemainus, British Columbia, Canada"
SCBY,VEL,8.142,-20.887,7.758,0.246,0.212,1.34,v1.1,"Upernavik, Avannaata, Greenland"
SCCP,VEL,6.578,-27.589,-0.842,0.114,0.091,0.364,v1.1,"Fairview, California, United States"
SCH2,VEL,8.109,-17.177,10.78,0.048,0.033,0.138,v1.1,"Labrador City, Newfoundland and Labrador, Canada"
SCIA,VEL,3.916,-23.439,-0.313,0.113,0.095,0.385,v1.1,"Adelanto, California, United States"
SCIP,VEL,23.13,-42.156,-1.028,0.052,0.045,0.182,v1.1,"Avalon, California, United States"
SCMS,VEL,18.504,-38.125,-0.773,0.571,0.494,2.047,v1.1,"San Clemente, California, United States"
SCOA,VEL,16.787,18.772,-0.44,0.07,0.055,0.22,v1.1,"Ciboure, Nouvelle-Aquitaine, France"
SCOR,VEL,19.834,-10.76,3.573,0.151,0.11,0.545,v1.1,"Ísafjörður, Westfjords, Iceland"
SCRZ,VEL,11.947,-1.073,-0.649,0.082,0.09,0.35,v1.1,"Santa Cruz de la Sierra, Santa Cruz Department, Bolivia"
SCUB,VEL,4.866,-5.518,-0.755,0.062,0.069,0.278,v1.1,"Santiago de Cuba, Santiago de Cuba Province, Cuba"
SDHL,VEL,-2.405,-17.332,0.528,0.058,0.049,0.202,v1.1,"Joshua Tree, California, United States"
SDLY,VEL,1.268,19.466,-1.906,0.093,0.073,0.46,v1.1,"Adamstown, , Pitcairn"
SEAI,VEL,-8.603,-9.812,-1.904,0.166,0.12,0.489,v1.1,"Inglewood-Finn Hill, Washington, United States"
SEAS,VEL,-3.906,-3.864,0.75,0.083,0.061,0.242,v1.1,"Seaside, Oregon, United States"
SEAT,VEL,-8.656,-9.414,-0.68,0.074,0.053,0.213,v1.1,"Seattle, Washington, United States"
SEAW,VEL,-6.711,-10.918,-1.993,0.56,0.414,1.696,v1.1,"Inglewood-Finn Hill, Washington, United States"
SEDR,VEL,-9.167,-10.025,-0.663,0.042,0.028,0.129,v1.1,"Sedro-Woolley, Washington, United States"
SEKC,VEL,14.476,27.17,-2.217,0.198,0.169,0.743,v1.1,"Sheki, Shaki City, Azerbaijan"
SELD,VEL,-26.34,-7.218,9.503,0.155,0.121,0.477,v1.1,"Homer, Alaska, United States"
SELE,VEL,3.959,28.66,0.678,0.117,0.094,0.438,v1.1,"Almaty, Almaty, Kazakhstan"
SENU,VEL,13.261,-17.388,8.77,0.087,0.059,0.244,v1.1,"Narsaq, Kujalleq, Greenland"
SEY1,VEL,11.153,25.378,-0.553,0.156,0.166,0.794,v1.1,"Cascade, Cascade, Seychelles"
SEY2,VEL,11.916,24.702,-1.972,0.182,0.203,0.958,v1.1,"Cascade, Cascade, Seychelles"
SEYG,VEL,11.309,24.758,0.7,0.126,0.141,0.546,v1.1,"Cascade, Cascade, Seychelles"
SFDM,VEL,12.969,-36.66,1.427,0.056,0.046,0.235,v1.1,"Piru, California, United States"
SFEL,VEL,15.423,18.055,-3.962,0.309,0.238,1.064,v1.1,"Chioggia, Veneto, Italy"
SFER,VEL,17.033,16.225,-0.03,0.093,0.079,0.316,v1.1,"San Fernando, Andalusia, Spain"
SG01,VEL,-2.748,-14.223,-1.222,0.094,0.08,0.313,v1.1,"Tonkawa, Oklahoma, United States"
SG03,VEL,1.493,-15.309,-2.322,0.11,0.091,0.354,v1.1,"Grandview Heights, Ohio, United States"
SG04,VEL,-2.742,-14.591,-0.986,0.1,0.085,0.332,v1.1,"Wellington, Kansas, United States"
SG05,VEL,3.146,-11.25,-0.999,0.057,0.057,0.224,v1.1,"Melbourne, Florida, United States"
SG06,VEL,4.974,-15.154,-1.015,0.103,0.085,0.334,v1.1,"Stony Brook, New York, United States"
SG08,VEL,-2.622,-14.274,-1.295,0.093,0.079,0.308,v1.1,"Pawhuska, Oklahoma, United States"
SG09,VEL,-3.452,-14.17,-1.383,0.1,0.086,0.332,v1.1,"Helena, Oklahoma, United States"
SG10,VEL,-3.35,-14.29,-0.317,0.094,0.079,0.307,v1.1,"Cherokee, Oklahoma, United States"
SG11,VEL,-3.653,-14.336,-1.187,0.132,0.112,0.441,v1.1,"Coldwater, Kansas, United States"
SG13,VEL,-2.994,-14.123,-1.91,0.125,0.105,0.408,v1.1,"Hesston, Kansas, United States"
SG15,VEL,-2.331,-14.8,-1.421,0.132,0.111,0.432,v1.1,"Burlington, Kansas, United States"
SG16,VEL,-2.355,-14.663,-0.975,0.106,0.089,0.351,v1.1,"Howard, Kansas, United States"
SG18,VEL,-3.192,-13.61,-1.58,0.129,0.112,0.438,v1.1,"Cyril, Oklahoma, United States"
SG19,VEL,-3.711,-13.877,-0.875,0.135,0.117,0.459,v1.1,"Cordell, Oklahoma, United States"
SG21,VEL,-2.146,-7.921,-7.381,0.227,0.249,0.971,v1.1,"Barrio Tlatenco, México, Mexico"
SG23,VEL,0.493,-15.257,-2.593,0.128,0.105,0.426,v1.1,"West Lafayette, Indiana, United States"
SG25,VEL,0.48,-16.063,-2.882,0.226,0.19,0.773,v1.1,"Allendale, Michigan, United States"
SG26,VEL,-12.389,26.321,0.382,0.146,0.131,0.57,v1.1,"Anyang-si, Gyeonggi-do, Korea, Republic of"
SG27,VEL,-21.592,-6.397,-2.262,0.103,0.076,0.39,v1.1,"Utqiagvik, Alaska, United States"
SG32,VEL,-2.967,-11.544,-2.324,0.121,0.114,0.447,v1.1,"College Station, Texas, United States"
SG33,VEL,-6.01,-12.832,1.663,0.392,0.35,1.375,v1.1,"El Paso, Texas, United States"
SG41,VEL,-2.265,-14.617,-1.288,0.38,0.32,1.242,v1.1,"Kiowa, Kansas, United States"
SG42,VEL,-3.002,-14.046,-0.894,0.424,0.359,1.398,v1.1,"Medford, Oklahoma, United States"
SG44,VEL,-3.177,-11.452,-0.321,0.427,0.362,1.4,v1.1,"Arkansas City, Kansas, United States"
SG46,VEL,-3.442,-13.739,-0.405,0.359,0.308,1.2,v1.1,"Crescent, Oklahoma, United States"
SG47,VEL,-4.643,-13.922,-3.839,0.592,0.501,1.962,v1.1,"Waukomis, Oklahoma, United States"
SG48,VEL,-1.793,-14.28,-0.616,0.352,0.301,1.173,v1.1,"Kingfisher, Oklahoma, United States"
SG72,VEL,-2.595,-14.568,-0.387,0.189,0.165,0.65,v1.1,"Norman, Oklahoma, United States"
SGDM,VEL,11.077,-35.202,0.39,0.098,0.094,0.401,v1.1,"Glendora, California, United States"
SGHS,VEL,13.715,-35.326,-1.047,0.227,0.215,0.946,v1.1,"San Gabriel, California, United States"
SGPS,VEL,7.499,-26.255,-0.673,0.114,0.092,0.399,v1.1,"Cabazon, California, United States"
SHAO,VEL,-12.627,32.2,-0.946,0.105,0.096,0.435,v1.1,"Fangsong, Shanghai, China"
SHE2,VEL,8.582,-15.586,-0.701,0.069,0.052,0.201,v1.1,"Shediac, New Brunswick, Canada"
SHEE,VEL,16.494,16.843,1.835,0.154,0.109,0.516,v1.1,"Sheerness, England, United Kingdom"
SHIN,VEL,-6.837,-18.636,-0.233,0.079,0.061,0.262,v1.1,"Johnstonville, California, United States"
SHK1,VEL,5.197,-11.614,-2.067,0.137,0.111,0.467,v1.1,"Atlantic Highlands, New Jersey, United States"
SHLD,VEL,-8.585,-16.598,-0.306,0.044,0.034,0.145,v1.1,"Lakeview, Oregon, United States"
SHN5,VEL,17.605,-35.863,0.559,0.143,0.121,0.483,v1.1,"Shandon, California, United States"
SHOS,VEL,-8.359,-15.39,-0.148,0.089,0.076,0.308,v1.1,"Pahrump, Nevada, United States"
SHP5,VEL,22.581,-40.029,4.039,0.269,0.232,0.941,v1.1,"San Luis Obispo, California, United States"
SHPM,VEL,-8.829,-14.652,-0.204,0.614,0.447,1.762,v1.1,"Virginia City, Montana, United States"
SHRC,VEL,-4.328,-20.987,6.252,0.168,0.13,0.564,v1.1,"Mammoth Lakes, California, United States"
SIBE,VEL,-6.804,-17.533,-2.719,0.321,0.253,1.197,v1.1,"Twentynine Palms, California, United States"
SIBY,VEL,1.678,-15.492,-1.805,0.092,0.073,0.304,v1.1,"Woodhaven, Michigan, United States"
SIDN,VEL,1.559,-15.046,-2.115,0.105,0.088,0.343,v1.1,"Sidney, Ohio, United States"
SILK,VEL,13.95,-38.298,-0.738,0.116,0.106,0.459,v1.1,"Atwater Village, California, United States"
SIMM,VEL,13.337,-36.618,3.321,0.191,0.16,0.658,v1.1,"Lost Hills, California, United States"
SIMO,VEL,19.326,16.401,-0.435,0.19,0.187,0.812,v1.1,"Simon's Town, Western Cape, South Africa"
SIO2,VEL,18.651,-39.942,6.261,0.294,0.308,1.41,v1.1,"La Jolla, California, United States"
SIO3,VEL,18.256,-39.995,-1.349,0.139,0.12,0.533,v1.1,"La Jolla, California, United States"
SIO5,VEL,18.467,-40.043,-2.255,0.123,0.102,0.423,v1.1,"La Jolla, California, United States"
SJB5,VEL,19.636,-40.47,2.954,0.466,0.39,1.567,v1.1,"San Juan Bautista, California, United States"
SJDV,VEL,16.151,19.489,-0.24,0.055,0.042,0.169,v1.1,"Charnay, Auvergne-Rhône-Alpes, France"
SKE0,VEL,14.43,17.335,10.141,0.063,0.045,0.197,v1.1,"Kåge, Västerbotten, Sweden"
SKUL,VEL,-9.136,-15.555,0.049,0.173,0.144,0.614,v1.1,"Pahrump, Nevada, United States"
SKYB,VEL,10.661,-34.739,1.277,0.092,0.079,0.381,v1.1,"Canyon Country, California, United States"
SLAC,VEL,16.322,-34.799,-0.071,0.075,0.064,0.262,v1.1,"West Menlo Park, California, United States"
SLAI,VEL,-2.085,-14.269,-1.758,0.084,0.068,0.279,v1.1,"Slater, Iowa, United States"
SLCU,VEL,-8.804,-14.731,-1.603,0.127,0.103,0.425,v1.1,"Salt Lake City, Utah, United States"
SLHG,VEL,11.829,-34.747,-0.654,0.18,0.156,0.628,v1.1,"Borrego Springs, California, United States"
SLI4,VEL,-4.071,-20.328,1.335,0.422,0.333,1.553,v1.1,"Incline Village, Nevada, United States"
SLID,VEL,-5.242,-22.013,-0.281,0.113,0.089,0.362,v1.1,"Incline Village, Nevada, United States"
SLMS,VEL,5.6,-24.972,-0.267,0.147,0.128,0.512,v1.1,"Salton City, California, United States"
SLN5,VEL,22.698,-40.043,1.678,0.242,0.2,0.829,v1.1,"Salinas, California, United States"
SLOM,VEL,18.359,23.961,0.601,0.198,0.174,0.804,v1.1,"Shūkat aş Şūfī, Gaza Strip, Palestinian Territory"
SMAI,VEL,-8.19,-9.61,-1.455,0.061,0.043,0.176,v1.1,"White Center, Washington, United States"
SMEL,VEL,-8.902,-16.236,-0.343,0.041,0.033,0.135,v1.1,"Delta, Utah, United States"
SMST,VEL,-1.145,-3.214,0.417,0.165,0.144,0.663,v1.1,"Taiji, Wakayama, Japan"
SMYC,VEL,-9.057,-15.282,0.28,0.169,0.143,0.594,v1.1,"Summerlin South, Nevada, United States"
SNFD,VEL,3.559,-13.819,-0.532,0.057,0.051,0.204,v1.1,"Sanford, North Carolina, United States"
SNHS,VEL,15.725,-37.198,-0.452,0.148,0.13,0.546,v1.1,"La Habra, California, United States"
SNI1,VEL,23.776,-42.546,-1.274,0.089,0.076,0.307,v1.1,"Port Hueneme, California, United States"
SNOG,VEL,6.733,-24.271,1.385,0.066,0.057,0.271,v1.1,"Cabazon, California, United States"
SNRS,VEL,-7.386,-9.379,-0.514,0.12,0.088,0.385,v1.1,"Enumclaw, Washington, United States"
SOD3,VEL,13.599,18.224,7.762,0.503,0.357,1.693,v1.1,"Sodankylä, Lapland, Finland"
SODA,VEL,13.346,17.991,8.36,0.065,0.046,0.22,v1.1,"Sodankylä, Lapland, Finland"
SODB,VEL,15.416,-33.452,-2.978,0.169,0.133,0.676,v1.1,"Lexington Hills, California, United States"
SOFI,VEL,11.965,23.95,-0.368,0.054,0.043,0.181,v1.1,"Sofia, Sofia-Capital, Bulgaria"
SOL1,VEL,4.261,-14.469,-1.615,0.117,0.099,0.424,v1.1,"Solomons, Maryland, United States"
SOLA,VEL,29.234,31.766,-0.863,0.111,0.104,0.449,v1.1,"Riyadh, Riyadh Region, Saudi Arabia"
SOLO,VEL,37.388,-35.764,0.359,0.403,0.435,1.826,v1.1,"Honiara, Honiara, Solomon Islands"
SOMT,VEL,18.201,-38.885,-0.191,0.123,0.104,0.414,v1.1,"Santa Paula, California, United States"
SONG,VEL,18.188,-38.868,-1.377,0.153,0.131,0.525,v1.1,"San Clemente, California, United States"
SOWR,VEL,0.909,-15.571,-2.362,0.086,0.068,0.279,v1.1,"Portage, Michigan, United States"
SPCG,VEL,-28.261,-7.613,7.935,0.141,0.102,0.425,v1.1,"Nikiski, Alaska, United States"
SPCP,VEL,-27.72,-7.285,7.696,0.171,0.119,0.505,v1.1,"Nikiski, Alaska, United States"
SPED,VEL,8.898,6.958,-0.334,0.061,0.069,0.277,v1.1,"San Pedro de Macorís, San Pedro de Macorís, Dominican Republic"
SPIC,VEL,-8.324,-16.217,0.228,0.046,0.038,0.149,v1.1,"Gunnison, Utah, United States"
SPIT,VEL,-21.407,-10.453,6.525,0.126,0.089,0.374,v1.1,"Homer, Alaska, United States"
SPK1,VEL,18.283,-39.424,0.235,0.086,0.073,0.299,v1.1,"Las Flores, California, United States"
SPKN,VEL,-10.147,-13.446,-0.914,0.164,0.115,0.484,v1.1,"Spokane, Washington, United States"
SPMS,VEL,13.717,-36.442,-1.157,0.114,0.099,0.413,v1.1,"Walnut, California, United States"
SPMX,VEL,20.016,-41.909,0.594,0.211,0.186,0.858,v1.1,"Emiliano Zapata, Baja California, Mexico"
SPN1,VEL,-10.195,-14.123,-0.969,0.194,0.137,0.585,v1.1,"Spokane, Washington, United States"
SPT0,VEL,14.739,17.477,3.677,0.097,0.068,0.289,v1.1,"Borås, Västra Götaland, Sweden"
SRB1,VEL,12.417,-30.081,-2.698,0.147,0.114,0.478,v1.1,"Berkeley, California, United States"
SRJV,VEL,15.72,23.205,-0.011,0.033,0.025,0.102,v1.1,"Kobilja Glava, Federation of B&H, Bosnia and Herzegovina"
SRMP,VEL,9.914,-21.081,10.442,0.193,0.15,0.777,v1.1,"Upernavik, Avannaata, Greenland"
SROD,VEL,6.344,-0.58,-0.297,0.094,0.102,0.427,v1.1,"San Ignacio de Sabaneta, Santiago Rodríguez, Dominican Republic"
SRP1,VEL,-7.989,-13.33,-0.519,0.146,0.128,0.547,v1.1,"Tolleson, Arizona, United States"
SRS1,VEL,24.268,-41.874,-0.636,0.042,0.036,0.15,v1.1,"Isla Vista, California, United States"
SSHO,VEL,-8.46,-9.436,-1.53,0.061,0.044,0.184,v1.1,"Greenwood, Washington, United States"
SSIA,VEL,4.591,4.485,0.116,0.106,0.124,0.464,v1.1,"Ilopango, San Salvador Department, El Salvador"
STAS,VEL,15.832,15.184,1.321,0.046,0.033,0.132,v1.1,"Randaberg, Rogaland, Norway"
STAY,VEL,-5.962,-9.442,-0.577,0.087,0.063,0.264,v1.1,"Sublimity, Oregon, United States"
STB1,VEL,-0.486,-16.343,-0.388,0.097,0.073,0.315,v1.1,"Sturgeon Bay, Wisconsin, United States"
STEA,VEL,-5.677,-20.614,-0.459,0.06,0.046,0.191,v1.1,"Lemmon Valley, Nevada, United States"
STEP,VEL,39.762,-63.157,4.876,0.71,0.696,2.904,v1.1,"Honaunau-Napoopoo, Hawaii, United States"
STEW,VEL,8.645,10.096,-0.624,0.088,0.087,0.611,v1.1,"Ushuaia, Tierra del Fuego, Argentina"
STHL,VEL,18.642,23.029,-0.326,0.047,0.055,0.198,v1.1,"Half Tree Hollow, Saint Helena, Saint Helena"
STJ3,VEL,13.463,-14.738,0.293,0.514,0.372,1.453,v1.1,"St. John's, Newfoundland and Labrador, Canada"
STJO,VEL,13.116,-14.803,-0.381,0.058,0.041,0.17,v1.1,"St. John's, Newfoundland and Labrador, Canada"
STK2,VEL,-11.41,6.896,3.351,0.122,0.086,0.359,v1.1,"Kikusuichō, Hokkaido, Japan"
STKR,VEL,2.369,-15.057,-1.282,0.036,0.029,0.122,v1.1,"Athens, Ohio, United States"
STL3,VEL,-0.947,-14.639,-1.584,0.258,0.214,0.892,v1.1,"Lebanon, Illinois, United States"
STLE,VEL,-0.115,-13.956,-1.25,0.081,0.07,0.291,v1.1,"Steele, Missouri, United States"
STP1,VEL,-1.786,-15.935,-0.644,0.173,0.128,0.546,v1.1,"Alma, Wisconsin, United States"
STR1,VEL,55.472,18.42,-0.743,0.071,0.058,0.239,v1.1,"Wright, Australian Capital Territory, Australia"
STR2,VEL,55.427,18.393,-0.937,0.109,0.09,0.371,v1.1,"Wright, Australian Capital Territory, Australia"
STRI,VEL,-8.806,-15.389,-0.013,0.167,0.138,0.573,v1.1,"Beatty, Nevada, United States"
STRL,VEL,3.156,-14.389,-2.586,0.76,0.637,2.662,v1.1,"Loudoun Valley Estates, Virginia, United States"
STVI,VEL,14.055,8.792,-0.337,0.046,0.051,0.205,v1.1,"Charlotte Amalie, Saint Thomas Island, Virgin Islands, U.S."
SUAA,VEL,14.746,-32.952,0.253,0.307,0.252,1.017,v1.1,"Stanford, California, United States"
SULP,VEL,14.062,21.673,0.217,0.059,0.042,0.174,v1.1,"Lviv, Lviv, Ukraine"
SUM1,VEL,-5.505,-13.37,0.179,0.166,0.145,0.616,v1.1,"Hereford, Texas, United States"
SUMK,VEL,2.296,26.802,-0.86,0.181,0.137,0.636,v1.1,"Khantau, Zhambyl, Kazakhstan"
SUP1,VEL,0.556,-17.727,-2.468,0.651,0.48,2.078,v1.1,"L'Anse, Michigan, United States"
SUP2,VEL,-0.726,-16.616,-0.886,0.1,0.076,0.318,v1.1,"Escanaba, Michigan, United States"
SUP3,VEL,-1.399,-17.015,-0.118,0.097,0.074,0.301,v1.1,"Newberry, Michigan, United States"
SUTB,VEL,-4.664,-22.68,-0.813,0.027,0.021,0.085,v1.1,"Sutter, California, United States"
SUTH,VEL,19.324,16.788,-0.03,0.049,0.045,0.177,v1.1,"Merweville, Western Cape, South Africa"
SUTM,VEL,19.281,16.835,-0.078,0.092,0.085,0.341,v1.1,"Merweville, Western Cape, South Africa"
SUTV,VEL,19.337,16.653,0.547,0.138,0.127,0.5,v1.1,"Merweville, Western Cape, South Africa"
SUUR,VEL,12.705,19.978,3.368,0.404,0.286,1.138,v1.1,"Keila, Harjumaa, Estonia"
SUWN,VEL,-12.388,27.251,0.617,0.138,0.118,0.531,v1.1,"Suwon, Gyeonggi-do, Korea, Republic of"
SVIC,VEL,-7.633,-13.951,-1.388,0.106,0.08,0.316,v1.1,"La Pine, Oregon, United States"
SVIN,VEL,13.247,-31.847,-1.104,0.08,0.063,0.271,v1.1,"Santa Venetia, California, United States"
SVTL,VEL,11.954,21.239,2.797,0.086,0.059,0.251,v1.1,"Korobitsyno, Leningradskaya Oblast', Russian Federation"
SWEP,VEL,19.493,-35.282,-1.719,0.116,0.093,0.371,v1.1,"Pacifica, California, United States"
SWNB,VEL,-7.54,-13.705,-1.25,0.097,0.072,0.283,v1.1,"La Pine, Oregon, United States"
SYCN,VEL,3.783,-16.198,0.551,0.096,0.077,0.319,v1.1,"North Syracuse, New York, United States"
SYDN,VEL,54.554,18.192,-1.251,0.058,0.047,0.224,v1.1,"Lindfield, New South Wales, Australia"
SYNG,VEL,21.619,-42.921,-0.593,0.156,0.127,0.532,v1.1,"Santa Ynez, California, United States"
SYOG,VEL,2.935,-4.168,-0.169,0.062,0.044,0.22,v1.1,"Port-aux-Français, Kerguelen, French Southern Territories"
T3RP,VEL,15.579,-33.369,-1.414,0.105,0.084,0.338,v1.1,"Kentfield, California, United States"
TABL,VEL,8.004,-30.198,0.587,0.104,0.082,0.377,v1.1,"Wrightwood, California, United States"
TABV,VEL,7.957,-29.824,-0.481,0.177,0.139,0.621,v1.1,"Wrightwood, California, United States"
TAEJ,VEL,-11.788,28.157,-0.101,0.639,0.569,2.538,v1.1,"Daejeon, Daejeon, Korea, Republic of"
TAFT,VEL,6.087,-28.796,-2.663,0.242,0.205,0.825,v1.1,"Taft Heights, California, United States"
TAH1,VEL,34.259,-65.77,-1.107,0.045,0.052,0.203,v1.1,"Faaa, Îles du Vent, French Polynesia"
TAH2,VEL,34.315,-65.736,-1.528,0.081,0.096,0.367,v1.1,"Faaa, Îles du Vent, French Polynesia"
TAIW,VEL,-16.489,37.196,-6.393,0.565,0.61,2.634,v1.1,"Taipei, Taiwan, Taiwan"
TAKL,VEL,40.115,4.918,-1.135,0.265,0.222,0.967,v1.1,"Auckland, Auckland, New Zealand"
TAMP,VEL,-3.043,-8.603,0.464,0.246,0.273,0.946,v1.1,"Tampico, Tamaulipas, Mexico"
TASH,VEL,4.388,27.403,0.32,0.123,0.099,0.395,v1.1,"Salor, Tashkent Region, Uzbekistan"
TATE,VEL,-8.884,-15.565,0.131,0.172,0.143,0.589,v1.1,"Beatty, Nevada, United States"
TAUP,VEL,34.402,3.842,-1.276,0.207,0.173,0.686,v1.1,"Taupo, Waikato Region, New Zealand"
TBLP,VEL,5.526,-24.547,0.978,0.136,0.114,0.528,v1.1,"Coalinga, California, United States"
TCMS,VEL,-9.134,30.666,-0.678,0.108,0.109,0.446,v1.1,"Hsinchu, Taiwan, Taiwan"
TCUN,VEL,-5.013,-13.516,1.703,0.194,0.167,0.691,v1.1,"Tucumcari, New Mexico, United States"
TDOU,VEL,16.455,18.898,0.695,0.108,0.115,0.459,v1.1,"Mvelaphanda, Limpopo, South Africa"
TEHA,VEL,2.775,-24.35,1.753,0.222,0.187,0.752,v1.1,"Golden Hills, California, United States"
TEHN,VEL,19.66,26.84,1.033,0.079,0.064,0.282,v1.1,"Tehran, Tehran, Iran, Islamic Republic of"
TELA,VEL,19.868,22.606,1.165,0.052,0.048,0.2,v1.1,"Tel Aviv, Tel Aviv, Israel"
TERS,VEL,15.467,18.107,-0.356,0.087,0.062,0.244,v1.1,"West-Terschelling, Friesland, Netherlands"
TERU,VEL,16.264,19.621,-0.573,0.12,0.099,0.381,v1.1,"Teruel, Aragon, Spain"
TETN,VEL,17.181,15.485,-0.097,0.087,0.075,0.319,v1.1,"Tétouan, Tanger-Tetouan-Al Hoceima, Morocco"
TEZI,VEL,19.161,19.587,1.748,0.399,0.472,1.686,v1.1,"Itezhi-Tezhi, Southern Province, Zambia"
TFNO,VEL,-6.377,-2.689,1.476,0.156,0.124,0.538,v1.1,"Tofino, British Columbia, Canada"
TGCV,VEL,16.054,19.192,-1.594,0.184,0.201,0.824,v1.1,"Espargos, Sal, Cape Verde"
THAL,VEL,11.927,-33.007,0.869,0.449,0.359,1.494,v1.1,"Santa Clara, California, United States"
THCP,VEL,2.158,-23.284,-0.057,0.084,0.069,0.274,v1.1,"Tehachapi, California, United States"
THIO,VEL,46.289,21.446,-1.0,0.069,0.077,0.299,v1.1,"Thio, South Province, New Caledonia"
THMG,VEL,0.46,-21.838,-0.091,0.091,0.077,0.312,v1.1,"Thermal, California, United States"
THMS,VEL,18.093,-38.88,-1.853,0.186,0.169,0.69,v1.1,"Laguna Beach, California, United States"
THSU,VEL,-1.782,-12.458,-0.635,0.116,0.109,0.439,v1.1,"Houston, Texas, United States"
THTG,VEL,34.246,-66.033,-0.985,0.059,0.066,0.254,v1.1,"Faaa, Îles du Vent, French Polynesia"
THTI,VEL,34.595,-65.571,-0.837,0.04,0.044,0.182,v1.1,"Faaa, Îles du Vent, French Polynesia"
THU1,VEL,4.817,-22.033,2.29,0.25,0.192,1.172,v1.1,"Clyde River, Nunavut, Canada"
THU2,VEL,4.875,-22.571,6.461,0.048,0.037,0.222,v1.1,"Clyde River, Nunavut, Canada"
THU3,VEL,4.81,-22.581,7.715,0.059,0.045,0.275,v1.1,"Clyde River, Nunavut, Canada"
THUN,VEL,-7.886,-9.82,-1.3,0.118,0.085,0.346,v1.1,"South Hill, Washington, United States"
THUR,VEL,3.189,15.382,-3.159,0.061,0.046,0.242,v1.1,"Puerto Natales, Region of Magallanes, Chile"
TIBB,VEL,13.374,-31.792,-1.269,0.077,0.068,0.322,v1.1,"Tiburon, California, United States"
TID1,VEL,55.33,18.281,-1.633,0.046,0.038,0.162,v1.1,"Chapman, Australian Capital Territory, Australia"
TID2,VEL,55.172,18.218,0.031,0.079,0.068,0.294,v1.1,"Chapman, Australian Capital Territory, Australia"
TIDB,VEL,55.493,18.306,-1.452,0.027,0.023,0.096,v1.1,"Chapman, Australian Capital Territory, Australia"
TIFF,VEL,1.136,-15.352,-0.438,0.124,0.1,0.396,v1.1,"Tiffin, Ohio, United States"
TIKU,VEL,6.993,25.886,-2.221,0.601,0.768,2.789,v1.1,"Tiku, West Sumatra, Indonesia"
TILC,VEL,-4.172,-19.349,3.755,0.218,0.165,0.757,v1.1,"Mammoth Lakes, California, United States"
TILL,VEL,-3.906,-5.992,-0.401,0.082,0.061,0.242,v1.1,"Tillamook, Oregon, United States"
TITZ,VEL,15.968,18.52,0.038,0.106,0.078,0.31,v1.1,"Titz, North Rhine-Westphalia, Germany"
TIVA,VEL,-9.282,-15.502,-0.449,0.03,0.025,0.099,v1.1,"Beatty, Nevada, United States"
TIXI,VEL,-11.578,16.986,1.048,0.067,0.048,0.254,v1.1,"Tiksi, Sakha, Russian Federation"
TIXJ,VEL,-11.184,17.1,3.174,0.669,0.453,2.508,v1.1,"Tiksi, Sakha, Russian Federation"
TJRN,VEL,22.439,-41.626,-0.009,0.028,0.024,0.101,v1.1,"Solvang, California, United States"
TLKA,VEL,-24.589,-12.016,0.876,0.286,0.191,0.972,v1.1,"Susitna North, Alaska, United States"
TLSE,VEL,16.399,19.521,0.151,0.088,0.068,0.279,v1.1,"Ramonville-Saint-Agne, Occitanie, France"
TMAP,VEL,4.279,-25.198,-0.493,0.114,0.101,0.413,v1.1,"Thermal, California, United States"
TMBU,VEL,-8.029,-14.21,0.723,0.112,0.086,0.433,v1.1,"La Pine, Oregon, United States"
TMCO,VEL,16.855,-8.391,9.949,0.607,0.525,1.985,v1.1,"Temuco, Araucanía, Chile"
TMGO,VEL,-5.51,-14.72,-0.698,0.098,0.08,0.328,v1.1,"Niwot, Colorado, United States"
TNML,VEL,-8.915,30.954,-0.558,0.057,0.057,0.23,v1.1,"Hsinchu, Taiwan, Taiwan"
TOIY,VEL,-9.453,-16.331,-0.204,0.043,0.035,0.14,v1.1,"Eureka, Nevada, United States"
TOMO,VEL,-2.266,9.662,60.507,0.371,0.305,1.658,v1.1,"Puerto Natales, Region of Magallanes, Chile"
TONG,VEL,-5.811,88.499,2.202,0.162,0.179,0.74,v1.1,"Nuku‘alofa, Tongatapu, Tonga"
TONO,VEL,-9.191,-16.211,-0.355,0.05,0.041,0.161,v1.1,"Tonopah, Nevada, United States"
TOPL,VEL,11.841,-5.666,9.463,0.195,0.224,0.853,v1.1,"Palmas, Tocantins, Brazil"
TOR2,VEL,12.979,20.449,1.035,0.118,0.084,0.341,v1.1,"Elva, Tartu, Estonia"
TORI,VEL,15.915,20.358,0.584,0.055,0.045,0.194,v1.1,"Cenisia, Piedmont, Italy"
TORP,VEL,18.124,-39.077,-0.452,0.092,0.078,0.317,v1.1,"Lomita, California, United States"
TORS,VEL,17.716,10.877,-0.604,0.379,0.265,1.166,v1.1,"Tórshavn, Streymoy, Faroe Islands"
TOST,VEL,18.245,-38.992,-0.642,0.058,0.05,0.202,v1.1,"Moorpark, California, United States"
TOUL,VEL,16.746,19.744,-0.204,0.514,0.376,1.677,v1.1,"Ramonville-Saint-Agne, Occitanie, France"
TOUO,VEL,49.961,-97.707,4.543,0.577,0.618,2.337,v1.1,"Honaunau-Napoopoo, Hawaii, United States"
TOW2,VEL,55.651,28.791,-0.418,0.048,0.052,0.205,v1.1,"Nome, Queensland, Australia"
TPW2,VEL,-4.167,-5.17,-0.134,0.054,0.041,0.172,v1.1,"Astoria, Oregon, United States"
TRAB,VEL,13.649,25.404,-0.146,0.145,0.113,0.467,v1.1,"Trabzon, Trabzon, Turkey"
TRAK,VEL,17.513,-38.23,-0.889,0.082,0.075,0.317,v1.1,"Turtle Rock, California, United States"
TRCP,VEL,15.308,-32.678,-1.415,0.092,0.073,0.301,v1.1,"Fairfax, California, United States"
TRDS,VEL,16.035,14.2,4.564,0.042,0.029,0.13,v1.1,"Melhus, Trøndelag, Norway"
TREV,VEL,17.166,20.515,0.698,0.208,0.158,0.688,v1.1,"Treviso, Veneto, Italy"
TRLK,VEL,-2.053,-23.474,-3.119,0.178,0.144,0.597,v1.1,"Turlock, California, United States"
TRND,VEL,4.011,-9.348,-0.609,0.143,0.111,0.466,v1.1,"Westhaven-Moonstone, California, United States"
TRNG,VEL,38.202,2.553,0.242,0.1,0.085,0.331,v1.1,"Te Puke, Bay of Plenty, New Zealand"
TRO1,VEL,15.057,14.725,3.092,0.046,0.034,0.163,v1.1,"Tromsø, Troms, Norway"
TROM,VEL,15.297,14.91,2.606,0.055,0.044,0.188,v1.1,"Tromsø, Troms, Norway"
TROY,VEL,-4.483,-19.054,0.406,0.219,0.176,0.748,v1.1,"Fort Irwin, California, United States"
TSEA,VEL,-13.171,-15.377,5.361,0.295,0.203,0.895,v1.1,"Anchorage, Alaska, United States"
TSEP,VEL,-1.771,24.077,-35.127,0.572,0.432,2.483,v1.1,"Morton, Washington, United States"
TSK2,VEL,-10.679,9.818,6.95,0.297,0.246,1.02,v1.1,"Tsukuba, Ibaraki, Japan"
TSKB,VEL,-7.425,-3.103,1.587,0.169,0.14,0.607,v1.1,"Tsukuba, Ibaraki, Japan"
TSTU,VEL,-11.433,-14.754,-2.577,0.114,0.082,0.333,v1.1,"Morton, Washington, United States"
TSWY,VEL,-9.066,-15.805,-1.677,0.097,0.074,0.336,v1.1,"Jackson, Wyoming, United States"
TTTA,VEL,46.201,20.895,-1.814,0.088,0.091,0.348,v1.1,"Païta, South Province, New Caledonia"
TUBI,VEL,11.707,19.546,-0.956,0.062,0.052,0.237,v1.1,"Gebze, Kocaeli, Turkey"
TUC2,VEL,-12.078,7.852,-0.576,0.091,0.079,0.308,v1.1,"Pithári, Crete, Greece"
TUCU,VEL,10.559,2.634,-3.572,0.155,0.159,0.691,v1.1,"San Miguel de Tucumán, Tucuman, Argentina"
TUKT,VEL,-17.37,-10.63,-1.231,0.079,0.056,0.281,v1.1,"Inuvik, Northwest Territories, Canada"
TUNG,VEL,-8.684,-17.835,0.578,0.071,0.057,0.256,v1.1,"Lovelock, Nevada, United States"
TUVA,VEL,32.125,-64.311,-1.299,0.091,0.108,0.399,v1.1,"Funafuti, Funafuti, Tuvalu"
TWHL,VEL,-6.555,-8.475,-0.739,0.065,0.044,0.19,v1.1,"Tumwater, Washington, United States"
TWIW,VEL,-6.518,-10.614,-0.44,0.078,0.059,0.251,v1.1,"Morton, Washington, United States"
TWMS,VEL,13.165,-35.852,-2.016,0.102,0.093,0.408,v1.1,"Los Serranos, California, United States"
TWRI,VEL,-7.054,-8.115,-1.242,0.071,0.057,0.244,v1.1,"Morton, Washington, United States"
TWTF,VEL,-10.945,31.487,0.468,0.189,0.192,0.773,v1.1,"Neili, Taiwan, Taiwan"
TXC1,VEL,-1.575,-12.665,-2.065,0.1,0.094,0.402,v1.1,"Center, Texas, United States"
UACO,VEL,45.807,22.536,-1.908,0.113,0.114,0.445,v1.1,"Kaala-Gomén, North Province, New Caledonia"
UCD1,VEL,-3.485,-22.822,-10.696,0.138,0.108,0.451,v1.1,"Davis, California, United States"
UCLP,VEL,16.329,-38.1,0.349,0.044,0.039,0.164,v1.1,"Bel Air, California, United States"
UCLU,VEL,-5.75,-3.189,1.525,0.108,0.078,0.339,v1.1,"Ucluelet, British Columbia, Canada"
UCOM,VEL,1.574,-2.979,0.177,0.357,0.387,1.646,v1.1,"El Naranjo, Colima, Mexico"
UCSB,VEL,20.143,-41.378,-0.286,0.054,0.047,0.197,v1.1,"Isla Vista, California, United States"
UCSF,VEL,15.61,-32.8,-0.845,0.099,0.078,0.319,v1.1,"Noe Valley, California, United States"
UDEC,VEL,12.527,-15.409,5.827,0.374,0.317,1.217,v1.1,"Los Ángeles, Biobío, Chile"
UEPP,VEL,13.242,-2.992,1.179,0.13,0.14,0.59,v1.1,"Presidente Prudente, São Paulo, Brazil"
UFDA,VEL,-8.31,-8.777,-1.187,0.153,0.109,0.456,v1.1,"Poulsbo, Washington, United States"
UFPR,VEL,12.611,-3.264,0.509,0.089,0.087,0.367,v1.1,"Pinhais, Paraná, Brazil"
UH01,VEL,-0.858,-12.891,-3.421,0.123,0.116,0.457,v1.1,"Houston, Texas, United States"
ULAB,VEL,-8.654,28.375,0.832,0.087,0.063,0.266,v1.1,"Ulan Bator, Ulaanbaatar, Mongolia"
ULDI,VEL,18.077,16.441,0.323,0.081,0.077,0.311,v1.1,"Mahlabatini, KwaZulu-Natal, South Africa"
ULUB,VEL,18.719,21.518,1.076,0.545,0.576,2.61,v1.1,"Lubumbashi, Haut-Katanga, Congo, The Democratic Republic of the"
UMLH,VEL,-66.715,-44.209,31.922,0.47,0.593,2.257,v1.1,"Lamno, Aceh, Indonesia"
UNB1,VEL,7.65,-16.097,-0.843,0.368,0.274,1.115,v1.1,"Fredericton, New Brunswick, Canada"
UNBJ,VEL,7.588,-15.79,0.012,0.038,0.029,0.113,v1.1,"Fredericton, New Brunswick, Canada"
UNFE,VEL,17.97,21.195,-1.058,0.14,0.109,0.435,v1.1,"Ferrara, Emilia-Romagna, Italy"
UNIV,VEL,1.206,-15.636,-1.765,0.063,0.051,0.207,v1.1,"Jackson, Michigan, United States"
UNPG,VEL,17.172,21.535,-0.508,0.08,0.065,0.253,v1.1,"Perugia, Umbria, Italy"
UNPM,VEL,1.078,-8.837,-1.628,0.112,0.119,0.47,v1.1,"Alfredo V. Bonfil, Quintana Roo, Mexico"
UNSA,VEL,10.977,4.01,0.214,0.16,0.183,0.722,v1.1,"Salta, Salta, Argentina"
UNTR,VEL,17.51,20.553,0.414,0.131,0.105,0.404,v1.1,"Terni, Umbria, Italy"
UPAD,VEL,17.965,20.563,-2.071,0.421,0.31,1.317,v1.1,"Padova, Veneto, Italy"
UPO1,VEL,35.127,-62.439,-2.497,0.123,0.13,0.528,v1.1,"Hāwī, Hawaii, United States"
UPSA,VEL,-7.763,-18.673,-0.724,0.081,0.064,0.255,v1.1,"Fallon, Nevada, United States"
UPTC,VEL,2.969,-15.607,-1.331,0.036,0.029,0.121,v1.1,"Titusville, Pennsylvania, United States"
URIL,VEL,5.286,-15.128,-0.389,0.155,0.123,0.479,v1.1,"Kingston, Rhode Island, United States"
URUM,VEL,4.694,31.948,-1.774,0.155,0.121,0.47,v1.1,"Ürümqi, Xinjiang, China"
USAL,VEL,18.819,23.979,-0.206,0.113,0.093,0.37,v1.1,"Arnesano, Apulia, Italy"
USC1,VEL,16.761,-37.488,-1.502,0.171,0.146,0.695,v1.1,"Vermont Square, California, United States"
USGC,VEL,13.981,-35.586,0.295,0.054,0.046,0.186,v1.1,"Salton City, California, United States"
USLO,VEL,23.142,-39.739,-0.062,0.09,0.074,0.339,v1.1,"San Luis Obispo, California, United States"
USMX,VEL,-6.316,-11.732,-0.047,0.034,0.032,0.133,v1.1,"Moctezuma (Sonora), Sonora, Mexico"
USN3,VEL,4.21,-15.397,-0.521,0.083,0.07,0.28,v1.1,"Adams Morgan, District of Columbia, United States"
USN7,VEL,3.673,-14.663,0.224,0.14,0.116,0.449,v1.1,"Adams Morgan, District of Columbia, United States"
USN8,VEL,3.473,-14.618,0.534,0.182,0.151,0.581,v1.1,"Adams Morgan, District of Columbia, United States"
USN9,VEL,3.546,-14.882,0.46,0.23,0.191,0.737,v1.1,"Adams Morgan, District of Columbia, United States"
USNA,VEL,3.57,-14.421,0.286,0.105,0.088,0.373,v1.1,"Naval Academy, Maryland, United States"
USNO,VEL,4.088,-14.677,-1.222,0.073,0.059,0.26,v1.1,"Rosslyn, Virginia, United States"
USUD,VEL,-7.83,1.534,-1.657,0.126,0.115,0.519,v1.1,"Takanomachi, Nagano, Japan"
UVFM,VEL,3.606,-14.383,-1.012,0.038,0.03,0.135,v1.1,"Nellysford, Virginia, United States"
UZHL,VEL,13.823,21.961,0.38,0.096,0.071,0.312,v1.1,"Uzhhorod, Transcarpathia, Ukraine"
VA01,VEL,4.052,-14.506,-2.093,0.133,0.11,0.447,v1.1,"Louisa, Virginia, United States"
VA02,VEL,3.829,-14.82,-6.422,0.459,0.432,2.054,v1.1,"Louisa, Virginia, United States"
VAAS,VEL,13.605,18.461,9.132,0.034,0.023,0.111,v1.1,"Ristinummi, Ostrobothnia, Finland"
VABG,VEL,2.346,-14.273,-1.036,0.092,0.084,0.34,v1.1,"Big Stone Gap, Virginia, United States"
VACS,VEL,11.28,17.176,-0.808,0.074,0.076,0.331,v1.1,"Vacoas, Plaines Wilhems, Mauritius"
VALD,VEL,2.537,-17.155,7.039,0.044,0.032,0.131,v1.1,"Val-d'Or, Quebec, Canada"
VALE,VEL,16.51,19.914,-1.171,0.194,0.16,0.63,v1.1,"Alboraya, Valencia, Spain"
VALP,VEL,25.632,23.419,-5.862,0.574,0.55,2.199,v1.1,"Valparaíso, Valparaíso, Chile"
VAN1,VEL,23.831,-41.263,1.73,0.22,0.189,0.804,v1.1,"Vandenberg Space Force Base, California, United States"
VAN2,VEL,24.105,-42.958,-1.408,0.688,0.588,2.5,v1.1,"Vandenberg Space Force Base, California, United States"
VANU,VEL,9.818,-58.485,-3.898,0.141,0.159,0.612,v1.1,"Port-Vila, Shefa, Vanuatu"
VARS,VEL,12.519,17.643,3.099,0.054,0.04,0.2,v1.1,"Vardø, Finnmark, Norway"
VBCA,VEL,11.971,-2.25,-1.15,0.238,0.201,0.822,v1.1,"Bahía Blanca, Buenos Aires, Argentina"
VCAP,VEL,4.964,-15.765,1.146,0.053,0.041,0.166,v1.1,"Montpelier, Vermont, United States"
VCIO,VEL,-2.086,-13.397,0.421,0.186,0.163,0.681,v1.1,"Taloga, Oklahoma, United States"
VCST,VEL,13.19,-37.223,0.058,0.054,0.045,0.188,v1.1,"Maricopa, California, United States"
VCVL,VEL,-2.841,-23.083,-2.749,0.106,0.084,0.34,v1.1,"Hartley, California, United States"
VDCY,VEL,13.281,-37.02,-1.054,0.099,0.092,0.45,v1.1,"La Cañada Flintridge, California, United States"
VENE,VEL,17.845,21.089,-2.678,0.256,0.191,0.779,v1.1,"Venice, Veneto, Italy"
VERA,VEL,10.586,13.552,-0.521,0.131,0.146,0.562,v1.1,"Upala, Alajuela Province, Costa Rica"
VESL,VEL,10.37,-0.267,-0.31,0.128,0.093,0.504,v1.1,"Edinburgh of the Seven Seas, Tristan da Cunha, Saint Helena"
VFDG,VEL,19.421,-14.008,4.01,0.167,0.122,0.61,v1.1,"Ísafjörður, Westfjords, Iceland"
VGFW,VEL,38.459,-0.07,-1.14,0.12,0.099,0.415,v1.1,"Ohakune, Manawatu-Wanganui, New Zealand"
VGOB,VEL,38.322,0.475,-1.924,0.125,0.105,0.444,v1.1,"Ohakune, Manawatu-Wanganui, New Zealand"
VGWN,VEL,37.791,-1.104,-0.006,0.143,0.115,0.476,v1.1,"Ohakune, Manawatu-Wanganui, New Zealand"
VIC1,VEL,-2.267,-12.584,-1.39,0.134,0.124,0.524,v1.1,"Vicksburg, Mississippi, United States"
VIL0,VEL,15.22,15.582,8.804,0.039,0.028,0.125,v1.1,"Vilhelmina, Västerbotten, Sweden"
VILL,VEL,16.703,18.56,0.467,0.07,0.056,0.235,v1.1,"Villanueva del Pardillo, Madrid, Spain"
VIMT,VEL,16.397,-39.059,0.778,0.06,0.05,0.199,v1.1,"Encino, California, United States"
VINE,VEL,-7.977,-16.211,-0.183,0.346,0.291,1.265,v1.1,"Beatty, Nevada, United States"
VINZ,VEL,6.519,-29.822,-0.542,0.273,0.232,0.981,v1.1,"Frazier Park, California, United States"
VIS0,VEL,13.978,19.01,3.193,0.023,0.016,0.066,v1.1,"Visby, Gotland, Sweden"
VLCN,VEL,15.501,21.618,0.675,0.455,0.566,2.072,v1.1,"Volcán, Chiriquí Province, Panama"
VLNS,VEL,13.823,21.086,-0.37,0.04,0.028,0.112,v1.1,"Naujininkai, Vilnius, Lithuania"
VMAG,VEL,13.968,8.498,0.607,0.1,0.123,0.439,v1.1,"Magangué, Bolívar, Colombia"
VNAD,VEL,10.355,13.563,4.538,0.14,0.099,0.457,v1.1,"Puerto Williams, Region of Magallanes, Chile"
VNCO,VEL,18.842,-40.769,-2.241,0.149,0.125,0.535,v1.1,"Ventura, California, United States"
VNCX,VEL,13.864,-37.285,0.815,0.048,0.042,0.166,v1.1,"Sylmar, California, United States"
VNDP,VEL,23.671,-42.186,0.098,0.065,0.055,0.225,v1.1,"Lompoc, California, United States"
VNPS,VEL,10.019,-31.787,0.009,0.113,0.099,0.408,v1.1,"Vincent, California, United States"
VOLT,VEL,17.396,20.825,0.349,0.132,0.101,0.438,v1.1,"Ponte San Nicolò, Veneto, Italy"
VONS,VEL,-8.466,-15.481,-0.645,0.264,0.216,0.888,v1.1,"Beatty, Nevada, United States"
VTIS,VEL,19.032,-39.361,-0.701,0.103,0.087,0.353,v1.1,"San Pedro, California, United States"
VTOR,VEL,16.953,-38.448,-1.534,0.101,0.086,0.341,v1.1,"Vista, California, United States"
VYAS,VEL,15.584,-32.761,-1.905,0.287,0.242,1.183,v1.1,"Avocado Heights, California, United States"
WAB2,VEL,16.13,19.901,0.441,0.083,0.062,0.257,v1.1,"Kehrsatz, Bern, Switzerland"
WACO,VEL,-5.554,-8.787,-1.087,0.169,0.122,0.517,v1.1,"Hillsboro, Oregon, United States"
WAIM,VEL,30.81,-32.819,-1.65,0.128,0.098,0.374,v1.1,"Waimate, Canterbury, New Zealand"
WAKA,VEL,40.246,-14.407,2.644,0.108,0.083,0.352,v1.1,"Waikowhai, West Coast, New Zealand"
WANG,VEL,39.498,-4.967,-0.029,0.171,0.139,0.549,v1.1,"Whanganui, Manawatu-Wanganui, New Zealand"
WARK,VEL,39.776,4.256,-1.527,0.114,0.097,0.398,v1.1,"Warkworth, Auckland, New Zealand"
WARN,VEL,15.445,18.737,-0.06,0.047,0.033,0.135,v1.1,"Warnemünde, Mecklenburg-Vorpommern, Germany"
WASG,VEL,-0.375,-23.85,-0.62,0.308,0.251,1.135,v1.1,"Alta Sierra, California, United States"
WASR,VEL,4.521,-13.701,-0.521,0.184,0.16,0.687,v1.1,"Washington, North Carolina, United States"
WATC,VEL,-3.705,-17.779,1.45,0.104,0.083,0.335,v1.1,"Mammoth Lakes, California, United States"
WCHS,VEL,14.631,-37.952,-2.114,0.128,0.112,0.475,v1.1,"West Covina, California, United States"
WDBN,VEL,-6.156,-9.171,-3.647,0.075,0.055,0.23,v1.1,"Woodburn, Oregon, United States"
WDCB,VEL,-5.717,-20.383,-0.59,0.323,0.237,0.992,v1.1,"Shasta, California, United States"
WDLM,VEL,-3.238,-15.695,-1.806,0.147,0.115,0.473,v1.1,"Granite Falls, Minnesota, United States"
WEL1,VEL,34.738,-22.051,-1.314,0.135,0.114,0.488,v1.1,"Wellington, Wellington Region, New Zealand"
WEL2,VEL,34.256,-22.78,-0.997,0.554,0.488,2.084,v1.1,"Wellington, Wellington Region, New Zealand"
WES2,VEL,5.53,-15.147,-0.059,0.077,0.063,0.273,v1.1,"Dunstable, Massachusetts, United States"
WETT,VEL,15.705,21.969,-1.304,0.546,0.402,1.76,v1.1,"Kötzting, Bavaria, Germany"
WGPP,VEL,5.957,-27.923,-1.599,0.096,0.08,0.342,v1.1,"Frazier Park, California, United States"
WGTN,VEL,33.35,-25.338,-2.13,0.155,0.125,0.497,v1.1,"Lyall Bay, Wellington Region, New Zealand"
WGTT,VEL,34.654,-22.939,-3.474,0.121,0.1,0.412,v1.1,"Te Aro, Wellington Region, New Zealand"
WHC1,VEL,14.843,-39.149,-2.473,0.139,0.119,0.487,v1.1,"Whittier, California, United States"
WHD1,VEL,-7.969,-8.27,-1.918,0.225,0.157,0.676,v1.1,"Ault Field, Washington, United States"
WHIT,VEL,-13.367,-11.707,2.677,0.084,0.057,0.244,v1.1,"Whitehorse, Yukon, Canada"
WHN1,VEL,-5.427,-14.848,0.33,0.132,0.1,0.423,v1.1,"Chadron, Nebraska, United States"
WHNG,VEL,40.635,5.186,-1.715,0.097,0.084,0.339,v1.1,"Raumanga, Northland, New Zealand"
WHTM,VEL,5.616,15.148,2.129,0.296,0.286,1.842,v1.1,"Puerto Natales, Region of Magallanes, Chile"
WHYT,VEL,16.913,-37.595,-0.954,0.076,0.065,0.262,v1.1,"Portola Hills, California, United States"
WIDC,VEL,2.909,-23.027,0.882,0.126,0.11,0.45,v1.1,"Desert Edge, California, United States"
WIFR,VEL,-5.19,-9.504,3.926,0.235,0.164,0.82,v1.1,"Sisters, Oregon, United States"
WIKR,VEL,-22.369,-9.912,2.056,0.089,0.063,0.271,v1.1,"Susitna North, Alaska, United States"
WIL1,VEL,3.862,-15.397,-0.95,0.057,0.046,0.185,v1.1,"Back Mountain, Pennsylvania, United States"
WILL,VEL,-11.614,-14.543,1.027,0.036,0.025,0.098,v1.1,"Williams Lake, British Columbia, Canada"
WILN,VEL,8.406,10.297,4.753,0.05,0.045,0.277,v1.1,"Ushuaia, Tierra del Fuego, Argentina"
WIN2,VEL,12.141,-32.084,-0.58,0.094,0.076,0.306,v1.1,"San Lorenzo, California, United States"
WIND,VEL,19.101,19.852,1.513,0.079,0.083,0.325,v1.1,"Windhoek, Khomas Region, Namibia"
WINT,VEL,11.942,-31.823,-0.862,0.074,0.059,0.261,v1.1,"San Lorenzo, California, United States"
WIS1,VEL,-2.271,-16.741,-0.997,0.105,0.076,0.327,v1.1,"Superior, Wisconsin, United States"
WKPK,VEL,10.557,-35.017,1.244,0.048,0.041,0.176,v1.1,"Castaic, California, United States"
WLCI,VEL,0.047,-16.177,-2.093,0.07,0.057,0.236,v1.1,"Remington, Indiana, United States"
WLCT,VEL,8.264,10.593,-1.292,0.206,0.197,1.404,v1.1,"Ushuaia, Tierra del Fuego, Argentina"
WLSN,VEL,11.093,-36.548,0.331,0.055,0.047,0.206,v1.1,"Sierra Madre, California, United States"
WLWY,VEL,-7.721,-16.962,-15.849,0.232,0.174,0.698,v1.1,"West Yellowstone, Montana, United States"
WMAP,VEL,14.595,-37.03,-0.195,0.085,0.07,0.304,v1.1,"San Fernando, California, United States"
WMDG,VEL,-1.647,-22.651,-10.43,0.337,0.292,1.159,v1.1,"Westmorland, California, United States"
WMOK,VEL,-3.745,-13.402,0.347,0.062,0.054,0.21,v1.1,"Cache, Oklahoma, United States"
WNCI,VEL,-0.697,-14.723,0.142,0.404,0.336,1.344,v1.1,"Winchester, Illinois, United States"
WNFL,VEL,-1.418,-12.524,-1.326,0.137,0.138,0.715,v1.1,"Winnfield, Louisiana, United States"
WNRA,VEL,15.764,-36.465,-4.319,0.125,0.105,0.429,v1.1,"South El Monte, California, United States"
WOMT,VEL,1.003,-21.35,-0.057,0.085,0.072,0.294,v1.1,"Lucerne Valley, California, United States"
WOOS,VEL,1.369,-15.447,-1.826,0.075,0.06,0.25,v1.1,"Wooster, Ohio, United States"
WPRG,VEL,-9.917,-14.062,-0.29,0.641,0.452,1.835,v1.1,"Dillon, Montana, United States"
WRHS,VEL,18.129,-38.589,1.543,0.141,0.132,0.502,v1.1,"Marina del Rey, California, United States"
WROC,VEL,14.646,20.145,0.247,0.08,0.057,0.228,v1.1,"Rejon placu Grunwaldzkiego, Lower Silesia, Poland"
WSLR,VEL,-10.461,-10.798,4.401,0.054,0.042,0.202,v1.1,"Whistler, British Columbia, Canada"
WSMN,VEL,-5.921,-12.273,0.225,0.13,0.122,0.506,v1.1,"White Sands, New Mexico, United States"
WSRT,VEL,16.576,17.692,-0.412,0.023,0.016,0.064,v1.1,"Westerbork, Drenthe, Netherlands"
WTHG,VEL,19.861,-12.667,2.077,0.053,0.042,0.221,v1.1,"Ísafjörður, Westfjords, Iceland"
WTZJ,VEL,15.485,20.316,0.553,0.284,0.21,0.821,v1.1,"Kötzting, Bavaria, Germany"
WTZR,VEL,15.647,20.34,0.041,0.039,0.028,0.111,v1.1,"Kötzting, Bavaria, Germany"
WTZS,VEL,15.529,20.404,0.243,0.053,0.039,0.151,v1.1,"Kötzting, Bavaria, Germany"
WTZT,VEL,15.621,20.461,0.714,0.277,0.201,0.817,v1.1,"Kötzting, Bavaria, Germany"
WTZZ,VEL,15.565,20.358,-0.113,0.054,0.04,0.155,v1.1,"Kötzting, Bavaria, Germany"
WUHN,VEL,-11.561,32.613,-0.449,0.152,0.149,0.642,v1.1,"Jiang’an Qu, Hubei, China"
WWFG,VEL,-8.839,-18.369,-2.568,0.236,0.203,0.807,v1.1,"Niland, California, United States"
WWMT,VEL,6.573,-24.622,0.83,0.133,0.115,0.467,v1.1,"Morongo Valley, California, United States"
XIAN,VEL,-11.148,34.369,-0.168,0.571,0.492,2.313,v1.1,"Lintong, Shaanxi, China"
XMIS,VEL,55.443,40.897,-0.629,0.054,0.066,0.235,v1.1,"Flying Fish Cove, , Christmas Island"
YAIG,VEL,-0.492,-6.893,-0.257,0.176,0.172,0.797,v1.1,"Yautepec, Morelos, Mexico"
YAKT,VEL,-12.411,18.951,0.439,0.033,0.022,0.097,v1.1,"Yakutsk, Sakha, Russian Federation"
YAKZ,VEL,-7.784,22.844,-0.064,0.599,0.418,1.772,v1.1,"Yakutsk, Sakha, Russian Federation"
YAR1,VEL,57.725,39.503,-1.766,0.109,0.112,0.438,v1.1,"Dongara, Western Australia, Australia"
YAR2,VEL,57.738,38.907,-0.762,0.046,0.044,0.173,v1.1,"Dongara, Western Australia, Australia"
YAR3,VEL,57.688,38.921,-0.676,0.055,0.053,0.209,v1.1,"Dongara, Western Australia, Australia"
YARR,VEL,57.88,38.991,-0.615,0.042,0.041,0.158,v1.1,"Dongara, Western Australia, Australia"
YBHB,VEL,-5.022,-15.716,-0.395,0.053,0.037,0.206,v1.1,"Yreka, California, United States"
YCBA,VEL,12.103,-0.045,-2.32,0.197,0.208,0.793,v1.1,"Yacuiba, Tarija Department, Bolivia"
YEBE,VEL,16.493,18.86,0.312,0.064,0.051,0.211,v1.1,"Yebes, Castille-La Mancha, Spain"
YEL2,VEL,-10.682,-17.244,10.331,0.522,0.363,1.54,v1.1,"Yellowknife, Northwest Territories, Canada"
YELL,VEL,-11.034,-17.509,6.56,0.057,0.038,0.172,v1.1,"Yellowknife, Northwest Territories, Canada"
YELM,VEL,-7.428,-9.134,-1.22,0.111,0.079,0.325,v1.1,"Yelm, Washington, United States"
YESX,VEL,-6.336,-11.456,-0.295,0.037,0.036,0.147,v1.1,"Yécora, Sonora, Mexico"
YIBL,VEL,31.692,33.366,-0.686,0.113,0.111,0.473,v1.1,"‘Ibrī, Ad Dhahirah, Oman"
YKRO,VEL,18.466,21.902,0.043,0.041,0.048,0.176,v1.1,"Kami, Yamoussoukro, Cote d'Ivoire"
YMER,VEL,18.998,-13.313,3.064,0.079,0.065,0.382,v1.1,"Ísafjörður, Westfjords, Iceland"
YMTS,VEL,6.439,-15.258,0.105,0.23,0.183,0.757,v1.1,"Yarmouth, Maine, United States"
YONS,VEL,-11.586,30.538,-0.038,0.259,0.213,0.895,v1.1,"Yongsan-dong, Seoul, Korea, Republic of"
YOSH,VEL,20.343,22.953,0.737,0.052,0.046,0.19,v1.1,"Mardā, West Bank, Palestinian Territory"
YOU1,VEL,2.152,-15.307,0.349,0.101,0.077,0.328,v1.1,"Ransomville, New York, United States"
YRCM,VEL,19.843,23.506,1.8,0.07,0.063,0.257,v1.1,"Yeroẖam, Southern District, Israel"
YSSK,VEL,-11.251,12.073,1.334,0.142,0.102,0.403,v1.1,"Yuzhno-Sakhalinsk, Sakhalin Oblast, Russian Federation"
YSST,VEL,13.276,21.427,2.146,0.589,0.502,2.024,v1.1,"Burgaz, Istanbul, Turkey"
YUHG,VEL,16.414,-38.144,0.06,0.091,0.088,0.416,v1.1,"Rumorosa, Baja California, Mexico"
ZADA,VEL,18.189,22.483,-0.324,0.09,0.07,0.269,v1.1,"Zadar, Zadar, Croatia"
ZAMB,VEL,18.548,19.916,0.537,0.049,0.057,0.212,v1.1,"Lusaka, Lusaka Province, Zambia"
ZECK,VEL,11.457,25.243,1.486,0.058,0.043,0.175,v1.1,"Zelenchukskaya, Karachayevo-Cherkesiya Republic, Russian Federation"
ZIM2,VEL,16.379,19.947,0.87,0.076,0.058,0.225,v1.1,"Niedermuhlern, Bern, Switzerland"
ZIMJ,VEL,16.477,19.798,0.082,0.085,0.064,0.26,v1.1,"Niedermuhlern, Bern, Switzerland"
ZIMM,VEL,16.338,19.713,0.908,0.017,0.013,0.053,v1.1,"Niedermuhlern, Bern, Switzerland"
ZIMZ,VEL,16.594,19.503,-0.221,0.386,0.292,1.16,v1.1,"Niedermuhlern, Bern, Switzerland"
ZOA1,VEL,11.896,-31.694,-0.904,0.084,0.066,0.269,v1.1,"Newark, California, United States"
ZOA2,VEL,12.088,-31.84,-0.903,0.107,0.085,0.344,v1.1,"Newark, California, United States"
ZOLE,VEL,-5.877,-20.045,-1.034,0.185,0.144,0.587,v1.1,"Sparks, Nevada, United States"
ZOMB,VEL,17.197,20.129,-0.031,0.299,0.337,1.47,v1.1,"Zomba, Southern Region, Malawi"
ZOUF,VEL,16.364,20.958,1.615,0.062,0.047,0.188,v1.1,"Cercivento, Friuli Venezia Giulia, Italy"
ZWE2,VEL,11.678,22.625,0.166,0.104,0.068,0.291,v1.1,"Savvinskaya Sloboda, Moscow Oblast, Russian Federation"
ZWEN,VEL,11.873,23.377,-0.22,0.148,0.097,0.445,v1.1,"Savvinskaya Sloboda, Moscow Oblast, Russian Federation"
7ODM,VEL,6.32,-27.023,0.441,0.114,0.093,0.403,v1.1,"Mentone, California, United States"
