                       N               E               V      SN      SE      SV
AB01 POS    52.209501000  -174.204759000       25484.651   1.350   1.003   4.070
AB01 VEL         -20.976          -7.198           1.010   0.186   0.138   0.540
AB02 POS    52.970602000  -168.854672000      192815.222   0.636   0.454   1.853
AB02 VEL         -20.882          -8.639           2.094   0.211   0.149   0.600
AB04 POS    63.656861000  -170.567443000      136552.636   0.750   0.533   2.343
AB04 VEL         -23.582          -1.118          -0.833   0.085   0.060   0.265
AB06 POS    54.885319000  -163.423456000      500441.868   1.078   0.789   3.188
AB06 VEL         -21.692          -7.789           1.195   0.087   0.064   0.253
AB07 POS    55.349271000  -160.476757000       89497.377   1.243   0.882   3.544
AB07 VEL         -16.075         -12.831          -0.189   0.089   0.064   0.253
AB08 POS    60.384828000  -166.200857000       26506.211   0.650   0.458   1.949
AB08 VEL         -25.130          -2.305          -0.946   0.249   0.175   0.732
AB09 POS    65.614978000  -168.062126000      162083.872   0.467   0.325   1.534
AB09 VEL         -23.722          -1.230          -0.362   0.063   0.044   0.205
AB11 POS    64.564492000  -165.373459000      349448.417   0.461   0.326   1.457
AB11 VEL         -24.517          -1.786          -0.232   0.038   0.027   0.120
AB12 POS    58.950792000  -161.746264000      587139.306   2.822   2.006   8.395
AB12 VEL         -22.808          -6.465          -1.117   0.094   0.066   0.272
AB13 POS    56.307318000  -158.503793000      487769.851   1.782   1.252   5.195
AB13 VEL         -13.555         -14.255          -0.246   0.078   0.054   0.225
AB14 POS    59.108162000  -159.091533000      657658.184   0.748   0.519   2.188
AB14 VEL         -22.195          -6.494           0.495   0.095   0.066   0.275
AB15 POS    61.039749000  -159.878363000      560333.656   0.782   0.524   2.321
AB15 VEL         -24.369          -3.469           0.180   0.092   0.062   0.270
AB17 POS    63.886356000  -160.694732000      117435.750   0.513   0.360   1.619
AB17 VEL         -24.704          -4.658          -0.887   0.138   0.096   0.432
AB18 POS    66.858359000  -162.613509000       37103.731   0.575   0.414   1.952
AB18 VEL         -25.494          -5.080          -1.738   0.105   0.077   0.352
AB21 POS    51.864148000  -176.662650000       59416.101   0.736   0.538   2.150
AB21 VEL         -11.050         -11.787           3.746   0.150   0.108   0.422
AB22 POS    59.899316000  -154.698260000      199870.147   0.572   0.392   1.715
AB22 VEL         -27.337          -3.868           2.960   0.115   0.080   0.346
AB25 POS    62.929307000  -156.023393000      961057.412   0.673   0.466   2.069
AB25 VEL         -25.745          -4.759           1.162   0.086   0.060   0.261
AB27 POS    67.055883000  -156.904891000      508106.105   0.621   0.443   2.110
AB27 VEL         -23.529          -5.151          -0.497   0.056   0.040   0.187
AB28 POS    62.093811000  -152.814920000     1582777.842   0.436   0.305   1.306
AB28 VEL         -27.748          -8.184           4.934   0.078   0.055   0.230
AB33 POS    67.251009000  -150.172547000      334772.738   0.395   0.282   1.346
AB33 VEL         -23.315          -7.125          -1.192   0.056   0.040   0.189
AB35 POS    60.079068000  -142.389881000      536946.821   0.990   0.678   2.848
AB35 VEL          16.829         -31.269          13.804   0.134   0.094   0.387
AB36 POS    65.030395000  -150.743987000      816539.890   1.199   0.780   3.722
AB36 VEL         -26.289          -7.531           2.605   0.233   0.150   0.711
AB37 POS    62.967321000  -145.451886000     1136694.199   0.880   0.602   2.643
AB37 VEL          -9.935         -23.221           6.301   0.158   0.109   0.475
AB39 POS    66.559343000  -145.212635000      147662.842   0.742   0.515   2.434
AB39 VEL         -21.263          -9.503          -2.461   0.065   0.046   0.212
AB41 POS    64.777323000  -141.158071000      285925.800   0.542   0.380   1.775
AB41 VEL         -18.500         -10.175          -2.819   0.077   0.054   0.246
AB42 POS    59.340378000  -138.898822000      773700.484   1.321   0.911   3.753
AB42 VEL          14.444         -34.119          26.635   0.134   0.092   0.379
AB43 POS    58.198841000  -136.640814000       27279.805   0.579   0.388   1.627
AB43 VEL          -5.579         -19.536          18.644   0.117   0.079   0.329
AB44 POS    59.528037000  -135.228302000      304512.527   0.935   0.765   3.084
AB44 VEL          -9.556         -10.744          21.543   0.173   0.132   0.536
AB45 POS    68.760491000  -148.871155000      507025.176   1.375   0.986   4.807
AB45 VEL         -22.249          -7.930          -0.199   0.050   0.036   0.176
AB46 POS    68.120668000  -145.567905000      647865.894   0.561   0.402   1.955
AB46 VEL         -20.371          -8.594          -3.449   0.098   0.072   0.339
AB48 POS    56.245059000  -134.647002000        5341.294   0.964   0.619   2.800
AB48 VEL         -11.430         -15.387           2.120   0.164   0.106   0.480
AB49 POS    55.580100000  -133.068490000       17537.336   0.732   0.522   2.205
AB49 VEL         -11.152         -12.674          -0.072   0.132   0.094   0.394
AB50 POS    58.416773000  -134.545305000       51901.586   0.579   0.404   2.001
AB50 VEL         -14.768         -14.009          23.153   0.122   0.087   0.422
AB51 POS    56.797621000  -132.913566000       76090.729   0.584   0.395   1.692
AB51 VEL         -14.213         -17.483          15.179   0.123   0.084   0.358
AB53 POS    56.584754000  -132.867251000     1016326.381   1.606   1.109   4.493
AB53 VEL         -15.982         -16.290          13.422   0.175   0.120   0.489
ABBZ POS   -77.456883000   166.908957000     1735678.709   0.810   0.640   3.969
ABBZ VEL         -10.809           9.713           1.992   0.221   0.172   1.085
ABEB POS    57.144011000    -2.080215000       53547.987   2.334   1.619   7.108
ABEB VEL          15.971          14.973           0.705   0.124   0.080   0.375
ABGS POS     0.220826000    99.387525000      235824.715   5.349   6.595  22.951
ABGS VEL          11.053          25.052           1.067   0.418   0.514   1.792
ABMF POS    16.262308000   -61.527535000      -25571.685   0.359   0.399   1.558
ABMF VEL          15.494          11.291          -0.421   0.046   0.052   0.199
ABPO POS   -19.018304000    47.229215000     1552984.082   0.772   0.837   3.398
ABPO VEL          14.549          18.495           0.342   0.079   0.085   0.343
ABVI POS    18.729686000   -64.332484000      -35609.360   5.073   5.641  22.175
ABVI VEL          15.053           8.307           0.223   0.381   0.425   1.668
AC02 POS    56.950585000  -154.183051000      126887.762   0.623   0.435   1.800
AC02 VEL          -3.375         -19.639           2.029   0.209   0.148   0.603
AC03 POS    59.770634000  -151.864535000       19774.364   0.759   0.508   2.338
AC03 VEL         -26.362          -7.946          10.014   0.226   0.152   0.682
AC06 POS    59.763635000  -150.890562000      631591.404   0.549   0.380   1.592
AC06 VEL         -16.112         -12.795           9.359   0.173   0.120   0.500
AC07 POS    65.961289000  -161.286617000      176319.724   0.518   0.368   1.712
AC07 VEL         -24.190          -3.374          -0.730   0.080   0.057   0.262
AC08 POS    58.928772000  -153.644702000      644305.711   0.544   0.376   1.613
AC08 VEL         -22.528          -7.183           7.911   0.090   0.062   0.264
AC09 POS    59.868479000  -144.523856000      368941.907   0.600   0.411   1.723
AC09 VEL          12.264         -28.075           6.140   0.239   0.165   0.687
AC10 POS    54.522578000  -164.886731000      170536.454   0.907   0.646   2.651
AC10 VEL         -21.844         -10.691           3.513   0.094   0.067   0.274
AC11 POS    61.807078000  -148.331755000      790964.148   0.627   0.432   1.854
AC11 VEL          -6.344         -22.279           5.144   0.194   0.135   0.571
AC12 POS    54.830955000  -159.589564000       84546.254   1.246   0.886   3.539
AC12 VEL         -12.109         -13.793          -2.350   0.209   0.149   0.592
AC13 POS    55.821894000  -155.622401000      222729.081   1.808   1.254   5.603
AC13 VEL          12.124         -24.381         -10.844   0.125   0.088   0.360
AC14 POS    60.848703000  -147.999589000      748771.312   0.556   0.374   1.616
AC14 VEL          17.375         -25.715           2.549   0.095   0.064   0.277
AC15 POS    60.481332000  -149.724013000      151585.470   1.055   0.673   3.225
AC15 VEL          -3.057         -19.457           7.622   0.237   0.152   0.733
AC16 POS    60.518208000  -148.093243000       34076.937   2.988   2.043  10.582
AC16 VEL          23.212         -27.138           0.541   0.205   0.140   0.727
AC17 POS    60.663898000  -152.403848000      882749.701   0.920   0.636   2.676
AC17 VEL         -29.533          -5.547          10.240   0.072   0.051   0.210
AC18 POS    58.925955000  -152.249534000      214841.789   0.892   0.598   2.641
AC18 VEL         -25.469          -6.967           8.845   0.098   0.066   0.290
AC19 POS    62.519210000  -153.607335000      546556.717   1.155   0.803   3.555
AC19 VEL         -25.695          -6.564           2.791   0.090   0.064   0.280
AC20 POS    60.929207000  -149.352510000       43796.965   0.943   0.572   3.028
AC20 VEL          -6.113         -19.600           8.969   0.196   0.116   0.598
AC21 POS    55.921082000  -159.127720000      170851.706   1.294   0.914   3.680
AC21 VEL         -14.099         -14.624          -0.484   0.070   0.049   0.197
AC23 POS    60.475090000  -150.877958000       80922.410   0.737   0.512   2.207
AC23 VEL         -19.611         -11.079           6.886   0.257   0.179   0.762
AC24 POS    58.681569000  -156.652758000       36379.172   0.729   0.508   2.113
AC24 VEL         -21.792          -7.443           1.219   0.074   0.052   0.214
AC25 POS    55.088964000  -162.314053000      584274.996   0.581   0.411   1.656
AC25 VEL         -20.634          -9.529           0.574   0.088   0.062   0.246
AC26 POS    58.214552000  -154.150295000      190205.549   0.719   0.498   2.067
AC26 VEL         -19.497          -7.612           4.564   0.106   0.075   0.305
AC27 POS    59.252503000  -154.162883000      417558.129   0.475   0.333   1.397
AC27 VEL         -26.729          -5.889           3.512   0.112   0.079   0.326
AC28 POS    55.078485000  -160.049161000      365013.117   1.293   0.908   3.691
AC28 VEL         -15.233         -12.910          -0.265   0.107   0.075   0.302
AC31 POS    64.637972000  -162.239127000      228340.494   0.740   0.520   2.349
AC31 VEL         -24.620          -2.878          -0.387   0.050   0.036   0.159
AC32 POS    61.473118000  -150.736920000     1347796.549   0.492   0.337   1.443
AC32 VEL         -22.837         -10.031           3.759   0.080   0.055   0.240
AC33 POS    62.671174000  -150.685079000     1521180.463   0.687   0.457   2.135
AC33 VEL         -22.321         -18.428           4.335   0.072   0.049   0.219
AC34 POS    57.220026000  -153.279184000      103291.107   0.592   0.416   1.679
AC34 VEL          -2.742         -20.976           3.040   0.142   0.100   0.400
AC35 POS    59.375810000  -150.793250000      408625.356   1.151   0.799   3.283
AC35 VEL         -10.683         -15.709          10.443   0.158   0.110   0.455
AC36 POS    60.955314000  -150.608352000       46548.152   0.795   0.572   2.500
AC36 VEL         -18.301         -11.702           8.089   0.204   0.144   0.611
AC37 POS    60.439683000  -153.865384000     1626635.969   0.519   0.360   1.525
AC37 VEL         -27.605          -3.418           3.928   0.079   0.056   0.229
AC38 POS    57.753683000  -153.341877000       43923.852   0.614   0.432   2.081
AC38 VEL         -13.098         -14.903           6.374   0.134   0.093   0.448
AC39 POS    58.609716000  -152.394076000      157295.605   0.633   0.444   1.830
AC39 VEL         -23.896          -8.037           8.949   0.110   0.078   0.314
AC40 POS    56.930347000  -158.618572000       39928.601   1.372   0.966   3.949
AC40 VEL         -17.777         -12.254           0.233   0.107   0.075   0.310
AC41 POS    55.908664000  -160.407304000      407737.490   1.301   0.934   3.819
AC41 VEL         -17.520         -12.805           0.529   0.107   0.077   0.305
AC42 POS    54.471773000  -162.783653000      257922.437   0.590   0.418   1.689
AC42 VEL         -22.383          -8.288           1.996   0.087   0.062   0.245
AC43 POS    59.521281000  -149.628742000       69597.706   2.312   1.589   6.615
AC43 VEL          15.606         -19.605           3.443   0.184   0.129   0.526
AC44 POS    61.242171000  -149.567131000      832201.098   0.537   0.371   1.576
AC44 VEL          -7.711         -17.123           2.332   0.137   0.096   0.398
AC45 POS    56.564455000  -154.180968000      451010.844   0.512   0.354   1.446
AC45 VEL           7.213         -22.445          -3.546   0.079   0.055   0.222
AC46 POS    61.986265000  -151.524005000      619831.982   1.172   0.813   3.452
AC46 VEL         -26.321         -10.527           5.429   0.131   0.092   0.387
AC47 POS    60.081447000  -152.623946000      922425.345   0.565   0.392   1.657
AC47 VEL         -29.690          -4.594          10.183   0.087   0.061   0.257
AC48 POS    60.645865000  -147.343025000      379519.432   0.611   0.446   1.863
AC48 VEL          20.416         -27.601          -0.172   0.123   0.091   0.376
AC50 POS    65.553845000  -164.566570000      516845.687   0.504   0.354   1.645
AC50 VEL         -23.878          -2.110          -0.397   0.072   0.051   0.233
AC51 POS    61.498079000  -151.835350000      957510.026   0.806   0.552   2.377
AC51 VEL         -27.357          -7.328           6.684   0.086   0.060   0.252
AC52 POS    57.567246000  -157.574219000       51859.289   1.533   1.083   4.411
AC52 VEL         -18.176         -12.077           0.731   0.149   0.105   0.423
AC53 POS    61.768970000  -150.068956000       57524.267   2.118   1.481   6.710
AC53 VEL         -17.237         -16.136           5.821   0.173   0.126   0.547
AC57 POS    61.138598000  -145.742712000      826541.885   0.624   0.451   1.884
AC57 VEL           8.698         -24.743          11.321   0.160   0.119   0.484
AC58 POS    57.156085000  -170.217821000       19377.387   0.636   0.460   1.889
AC58 VEL         -23.866          -4.049          -0.598   0.101   0.073   0.299
AC59 POS    59.567193000  -153.585202000      308670.257   0.489   0.328   1.405
AC59 VEL         -29.151          -5.639           5.752   0.120   0.081   0.344
AC60 POS    52.714619000   174.076264000       18330.695   1.320   0.960   3.771
AC60 VEL          -6.398         -20.722           2.348   0.242   0.171   0.679
AC61 POS    64.029257000  -142.075851000      745399.333   0.624   0.423   1.977
AC61 VEL         -19.243          -8.486          -0.519   0.053   0.037   0.167
AC62 POS    63.083604000  -146.312704000     1347189.868   0.650   0.454   2.033
AC62 VEL         -12.415         -22.543           3.939   0.130   0.093   0.405
AC63 POS    63.502423000  -145.847248000      815182.564   0.479   0.343   1.549
AC63 VEL         -18.315          -8.861           7.987   0.104   0.075   0.334
AC64 POS    62.714015000  -144.303996000      774635.727   0.743   0.430   2.659
AC64 VEL          -6.387         -20.602           7.520   0.119   0.068   0.428
AC65 POS    62.831510000  -143.704224000      735926.862   0.804   0.641   3.308
AC65 VEL          -4.057         -18.359           6.233   0.192   0.150   0.765
AC66 POS    51.378127000   179.301320000      106783.172   0.969   0.715   2.815
AC66 VEL         -11.451         -24.736           0.364   0.160   0.116   0.453
AC67 POS    57.790716000  -152.425438000      347365.884   0.704   0.473   2.023
AC67 VEL          -6.247         -18.214           6.329   0.181   0.121   0.524
AC70 POS    63.304708000  -148.188327000      810904.996   0.658   0.455   2.038
AC70 VEL         -16.835         -17.858           4.259   0.097   0.068   0.299
AC71 POS    64.049302000  -145.713627000      364031.280   0.738   0.516   2.343
AC71 VEL         -21.167          -7.012           3.296   0.074   0.052   0.231
AC72 POS    63.695055000  -145.887699000      558886.685   0.940   0.610   3.438
AC72 VEL         -20.291          -6.495           5.100   0.113   0.073   0.380
AC74 POS    63.464354000  -148.807264000      668628.660   0.471   0.324   1.473
AC74 VEL         -17.940         -13.884           2.799   0.091   0.063   0.279
AC75 POS    62.999302000  -149.608826000      608700.071   0.593   0.410   1.799
AC75 VEL         -18.243         -16.116           5.630   0.122   0.086   0.369
AC76 POS    63.039996000  -143.258818000     1585321.851   0.761   0.519   2.273
AC76 VEL         -15.282          -5.340           3.942   0.146   0.101   0.437
AC77 POS    62.688031000  -145.426264000      746930.565   0.605   0.370   2.130
AC77 VEL          -8.818         -21.814           6.321   0.137   0.085   0.457
AC78 POS    63.113489000  -142.027941000      643737.259   0.609   0.432   1.874
AC78 VEL         -17.275          -7.458          -0.341   0.137   0.098   0.421
AC79 POS    59.997872000  -147.403053000      287747.126   0.641   0.444   1.847
AC79 VEL          25.798         -28.155          -1.875   0.175   0.122   0.501
AC80 POS    62.394074000  -151.765045000     1114560.605   0.487   0.347   1.510
AC80 VEL         -25.478         -11.564           6.745   0.087   0.063   0.264
ACOR POS    43.364387000    -8.398927000       66830.133   0.960   0.750   2.974
ACOR VEL          16.995          20.814          -2.007   0.048   0.037   0.152
ACP1 POS     9.371394000   -79.949857000       12773.043   1.465   1.743   6.492
ACP1 VEL          11.785          16.641           0.103   0.078   0.095   0.341
ACP6 POS     9.238478000   -79.407821000      943504.135   1.242   1.497   5.351
ACP6 VEL          12.145          16.643           0.235   0.219   0.264   0.937
ACSB POS    33.274267000  -117.444896000      -12325.050   0.621   0.542   2.251
ACSB VEL          17.832         -38.751          -1.955   0.147   0.126   0.508
ACSO POS    40.232361000   -82.981535000      248157.074   1.519   1.276   5.030
ACSO VEL           2.127         -14.966          -1.367   0.072   0.059   0.237
ADE1 POS   -34.728987000   138.647352000       38015.832   1.515   1.270   5.270
ADE1 VEL          58.432          24.692          -1.415   0.073   0.061   0.254
ADE2 POS   -34.728987000   138.647352000       37993.738   4.355   3.577  14.889
ADE2 VEL          58.754          24.542          -2.649   0.245   0.201   0.836
ADIS POS     9.035138000    38.766307000     2439089.444   1.468   1.420   6.306
ADIS VEL          18.963          25.038          -1.645   0.071   0.079   0.317
ADKS POS    29.790969000   -95.586412000        2726.405   0.520   0.522   2.071
ADKS VEL          -1.962         -13.070          -3.209   0.046   0.046   0.181
ADRI POS    41.918990000   -84.024283000      205930.693   0.925   0.734   3.175
ADRI VEL           1.445         -15.833          -2.038   0.070   0.055   0.233
AGMT POS    34.594281000  -116.429383000     1337826.840   0.378   0.322   1.285
AGMT VEL          -3.415         -18.433           0.068   0.076   0.064   0.252
AHID POS    42.773118000  -111.063744000     1975526.601   0.446   0.346   1.398
AHID VEL          -8.817         -15.252          -0.847   0.032   0.024   0.100
AINP POS    19.372657000  -155.458028000     1567834.344   0.641   0.694   2.739
AINP VEL          18.110         -42.123           4.532   0.430   0.469   1.864
AIRA POS    31.824058000   130.599599000      314668.738   0.864   0.700   3.141
AIRA VEL         -18.762          24.078           0.811   0.139   0.128   0.611
AIS1 POS    55.069070000  -131.599540000       32294.107   8.502   5.788  25.701
AIS1 VEL         -10.813         -12.514           1.404   0.098   0.065   0.287
AIS2 POS    55.068881000  -131.599215000       32194.491  14.643   9.608  42.294
AIS2 VEL         -11.047         -13.078          -0.363   0.627   0.412   1.809
AJAC POS    41.927460000     8.762620000       98755.345   0.446   0.360   1.389
AJAC VEL          15.853          21.082          -0.168   0.103   0.082   0.318
AKLV POS    54.162693000  -165.955825000      543508.842   0.870   0.622   2.853
AKLV VEL         -21.637          -7.144           8.544   0.242   0.172   0.795
AKRB POS    54.129223000  -166.071085000      364165.888   0.800   0.580   2.428
AKRB VEL         -24.087          -8.707           4.926   0.231   0.167   0.702
ALAC POS    38.338924000    -0.481225000       60322.774   1.134   0.950   3.712
ALAC VEL          16.677          19.963          -0.249   0.110   0.092   0.362
ALAM POS    37.357957000  -115.158462000     1090001.695   0.526   0.449   1.832
ALAM VEL          -9.112         -15.908          -1.116   0.038   0.033   0.138
ALBH POS    48.389780000  -123.487473000       31769.519   0.440   0.308   1.274
ALBH VEL          -7.970          -7.704           0.790   0.085   0.059   0.250
ALEP POS    19.541170000  -155.644123000     2922213.782   0.885   0.950   3.694
ALEP VEL          56.948         -81.484           6.155   0.800   0.862   3.361
ALGO POS    45.955801000   -78.071373000      200975.272   0.328   0.245   0.993
ALGO VEL           2.553         -16.459           3.237   0.034   0.026   0.105
ALIC POS   -23.670107000   133.885524000      603233.946   0.624   0.623   2.689
ALIC VEL          59.066          31.991          -0.751   0.043   0.043   0.179
ALME POS    36.852537000    -2.459442000      127486.391   0.647   0.555   2.178
ALME VEL          16.545          18.818          -0.321   0.042   0.036   0.141
ALON POS    31.707940000    34.606650000       55697.203   0.897   0.781   3.285
ALON VEL          19.405          22.590           0.629   0.040   0.037   0.155
ALPP POS    34.824492000  -118.694805000      918101.116   0.383   0.325   1.327
ALPP VEL           6.464         -27.903           1.162   0.053   0.045   0.183
ALRT POS    82.494295000   -62.340494000       78259.731   0.773   0.716   4.697
ALRT VEL           6.078         -21.759           5.294   0.104   0.093   0.636
ALTH POS    36.889606000  -120.669766000       18328.610   0.876   0.721   3.090
ALTH VEL          -1.244         -24.768         -12.714   0.343   0.285   1.153
AMC2 POS    38.803123000  -104.524597000     1911374.092   1.090   0.879   3.583
AMC2 VEL          -5.740         -14.484          -1.271   0.082   0.066   0.269
AML5 POS    35.153562000  -101.878468000     1098148.282   6.189   5.613  24.714
AML5 VEL          -4.962         -12.859           1.532   0.236   0.214   0.949
ANA1 POS    34.015009000  -119.363477000       22420.327   0.454   0.377   1.568
ANA1 VEL          21.650         -41.026          -0.427   0.074   0.061   0.252
ANKR POS    39.887373000    32.758470000      975983.156   0.986   0.794   3.410
ANKR VEL          12.336           1.452          -2.690   0.084   0.066   0.267
ANTC POS   -37.338698000   -71.532064000      745634.948   0.644   0.536   2.156
ANTC VEL          14.363          -5.290           9.005   0.170   0.142   0.573
ANTO POS    29.491210000   -98.576645000      263847.127   6.704   6.718  30.246
ANTO VEL          -3.526         -11.803           0.371   0.251   0.251   1.134
AOA1 POS    34.157447000  -118.830325000      246552.949   3.776   3.387  15.196
AOA1 VEL          18.920         -40.001           0.061   0.184   0.165   0.740
AOML POS    25.734692000   -80.162201000         103.508   4.958   5.426  22.178
AOML VEL           3.061          -9.758           0.387   0.198   0.216   0.883
APEX POS    36.319117000  -114.931792000      761064.093   5.059   4.184  18.493
APEX VEL          -8.523         -15.046           1.002   0.268   0.222   0.979
AQUI POS    42.368242000    13.350254000      712980.308   1.245   0.973   3.956
AQUI VEL          16.731          20.604           0.268   0.121   0.095   0.383
AR27 POS    33.341850000  -117.324936000       32287.372   0.602   0.522   2.091
AR27 VEL          17.024         -38.077          -2.288   0.177   0.150   0.597
AR53 POS    33.381137000  -117.476510000      111022.446   0.612   0.534   2.167
AR53 VEL          17.405         -38.163          -2.237   0.168   0.144   0.573
ARCO POS   -37.205849000   -73.225670000       27976.959   5.680   4.927  19.034
ARCO VEL          20.238           6.144         -16.274   0.445   0.386   1.491
AREG POS   -16.465422000   -71.492903000     2489361.022   0.563   0.641   2.315
AREG VEL          12.097           7.925           1.002   0.169   0.195   0.703
AREL POS    32.102366000    35.209279000      706292.301   8.600   7.791  33.773
AREL VEL          20.394          22.495           1.492   0.451   0.408   1.769
AREQ POS   -16.465515000   -71.492795000     2488933.390   0.561   0.636   2.315
AREQ VEL          12.714           7.578           0.187   0.067   0.078   0.283
AREV POS   -16.465515000   -71.492796000     2488926.088   3.288   3.755  13.613
AREV VEL          12.497           6.803           0.180   0.327   0.376   1.353
ARGU POS    36.050010000  -117.521948000     1791333.054   3.280   2.745  12.141
ARGU VEL          -3.820         -18.990          -0.433   0.181   0.151   0.669
ARL5 POS    32.759033000   -97.060287000      142785.739   6.266   5.803  25.433
ARL5 VEL          -2.615         -14.101          -1.344   0.241   0.222   0.983
ARLI POS    48.174065000  -122.141862000       23295.352   0.835   0.602   2.424
ARLI VEL          -8.970          -9.958          -1.429   0.088   0.062   0.254
ARM1 POS    35.201252000  -118.910429000       76186.994   0.557   0.463   1.924
ARM1 VEL          -0.357         -27.743         -26.331   0.226   0.185   0.786
ARM2 POS    35.201260000  -118.910564000       76186.563   0.540   0.454   1.864
ARM2 VEL          -1.034         -26.799         -25.278   0.203   0.170   0.688
ARMI POS     6.062430000    37.560856000     1199945.364   3.395   4.126  15.602
ARMI VEL          18.598          26.772          -2.463   0.265   0.323   1.214
ARP3 POS    27.838351000   -97.058961000      -16636.212   3.535   3.543  14.846
ARP3 VEL          -3.256         -13.939          -0.886   0.152   0.152   0.639
ARTU POS    56.429823000    58.560465000      247571.304   0.481   0.329   1.435
ARTU VEL           6.157          25.277           0.192   0.030   0.020   0.088
ASBU POS    43.820564000  -121.368509000     1508856.195   0.532   0.395   1.786
ASBU VEL          -7.721         -13.577          -0.850   0.064   0.047   0.212
ASC1 POS    -7.951211000   -14.412073000      105100.408   2.879   3.349  12.902
ASC1 VEL          11.256          -5.320          -0.643   0.116   0.134   0.522
ASHM POS    36.345919000  -116.139380000      885719.333   4.507   3.671  14.876
ASHM VEL          -8.574         -15.218          -0.360   0.252   0.205   0.831
ASHV POS    35.599455000   -82.546208000      659184.629   5.288   4.598  19.287
ASHV VEL           2.324         -13.719           0.852   0.208   0.181   0.760
ASKY POS    75.726130000   -58.257361000      687555.194   0.511   0.420   2.290
ASKY VEL          10.072         -21.335          15.451   0.135   0.109   0.610
ASPA POS   -14.326088000  -170.722445000       53438.382   0.569   0.647   2.400
ASPA VEL          34.924         -62.217          -4.596   0.124   0.143   0.540
ATLI POS    59.589480000  -133.714475000      792996.960   0.624   0.414   1.840
ATLI VEL         -11.113         -11.282           9.952   0.082   0.054   0.238
ATW2 POS    61.597752000  -149.132298000       97133.355   0.687   0.464   2.151
ATW2 VEL          -7.780         -21.265           1.397   0.186   0.128   0.583
AUCK POS   -36.602835000   174.834387000      132690.981   0.643   0.567   2.181
AUCK VEL          39.449           4.039          -0.275   0.066   0.057   0.226
AUGL POS    59.370292000  -153.353911000      104154.140  10.259   7.257  30.176
AUGL VEL         -34.951          -3.314           9.154   0.457   0.322   1.343
AUKT POS   -36.843749000   174.770421000       40063.278   0.702   0.644   2.737
AUKT VEL          40.011           3.442          -1.568   0.097   0.085   0.362
AUTF POS   -54.839523000   -68.303564000       71919.706   2.339   1.623   7.654
AUTF VEL          11.604           9.037           1.349   0.107   0.074   0.344
AV01 POS    59.358526000  -153.460803000      487299.316   0.627   0.470   2.032
AV01 VEL         -29.541          -6.179           3.606   0.124   0.092   0.386
AV02 POS    59.332970000  -153.428393000      229895.526   0.770   0.503   2.246
AV02 VEL         -29.413          -5.530           5.487   0.125   0.081   0.363
AV04 POS    59.362578000  -153.444675000      915995.460   0.462   0.352   1.462
AV04 VEL         -29.129          -4.949           3.087   0.042   0.031   0.129
AV06 POS    54.147176000  -165.765722000      463148.510   0.464   0.326   1.331
AV06 VEL         -23.040          -6.529           2.700   0.081   0.057   0.230
AV07 POS    54.162933000  -166.038539000      521153.510   0.666   0.478   1.925
AV07 VEL         -21.758          -9.616           4.991   0.063   0.046   0.182
AV08 POS    54.136296000  -166.028274000      598480.473   0.618   0.455   1.899
AV08 VEL         -22.647          -8.532           3.833   0.046   0.034   0.142
AV09 POS    53.875631000  -166.541838000      105732.661   0.401   0.297   1.206
AV09 VEL         -23.001          -7.665           2.775   0.055   0.041   0.167
AV10 POS    54.097606000  -165.933766000      329614.576   0.432   0.290   1.269
AV10 VEL         -24.231          -7.080           4.487   0.036   0.024   0.106
AV11 POS    59.370623000  -153.354688000      115010.777   1.153   0.817   3.387
AV11 VEL         -29.594          -5.818           6.270   0.115   0.083   0.337
AV12 POS    54.210796000  -165.897547000      404802.059   0.499   0.355   1.447
AV12 VEL         -18.252          -4.960           5.441   0.090   0.064   0.255
AV13 POS    54.153078000  -165.897816000      494883.031   0.638   0.471   1.899
AV13 VEL         -21.957          -4.629           7.598   0.074   0.054   0.218
AV14 POS    54.118891000  -165.841570000      396414.056   0.436   0.313   1.251
AV14 VEL         -23.645          -5.940           3.640   0.076   0.055   0.217
AV15 POS    54.100190000  -165.710115000      457479.845   0.479   0.338   1.392
AV15 VEL         -22.939          -7.754           2.161   0.098   0.069   0.286
AV16 POS    59.385906000  -153.535047000       25467.992   0.457   0.320   1.340
AV16 VEL         -29.307          -5.349           5.209   0.100   0.071   0.290
AV17 POS    59.403942000  -153.451447000       29473.796   0.614   0.420   1.817
AV17 VEL         -29.260          -6.067           4.431   0.136   0.095   0.402
AV18 POS    59.380429000  -153.436836000      367175.790   0.524   0.344   1.659
AV18 VEL         -28.539          -1.340          -0.973   0.133   0.088   0.421
AV19 POS    59.354903000  -153.414330000      647454.807   1.190   0.836   3.503
AV19 VEL         -31.214          -4.011           0.920   0.156   0.113   0.473
AV20 POS    59.347377000  -153.428208000      542263.130   0.645   0.417   1.920
AV20 VEL         -29.419          -5.086           2.947   0.123   0.079   0.363
AV24 POS    54.589981000  -164.754806000      481834.012   0.552   0.399   1.651
AV24 VEL         -17.742          -9.829           6.427   0.079   0.057   0.234
AV25 POS    54.530000000  -164.779501000      652071.357   1.083   0.760   3.107
AV25 VEL         -20.526         -12.162           7.243   0.108   0.076   0.307
AV26 POS    54.571652000  -164.580465000      577732.447   0.632   0.446   1.870
AV26 VEL         -15.040          -1.752           7.734   0.065   0.046   0.189
AV29 POS    54.472349000  -164.586151000      972045.942   0.785   0.567   2.277
AV29 VEL         -28.422          -3.124           9.009   0.063   0.046   0.182
AV34 POS    54.724906000  -163.712921000      636436.780   0.727   0.502   2.091
AV34 VEL         -22.848          -7.866           2.664   0.071   0.048   0.200
AV35 POS    54.846692000  -164.386918000      647011.722   0.487   0.345   1.401
AV35 VEL         -22.021          -6.002          -0.048   0.071   0.051   0.205
AV36 POS    54.771791000  -164.126805000      648429.096   0.733   0.531   2.123
AV36 VEL         -21.594          -7.896           0.160   0.108   0.078   0.310
AV37 POS    54.709377000  -163.997236000      796070.816   0.684   0.465   2.049
AV37 VEL         -21.523          -7.949           1.575   0.170   0.115   0.514
AV38 POS    54.831466000  -163.780875000      492332.790   0.840   0.583   2.498
AV38 VEL         -21.833          -7.586           1.508   0.073   0.051   0.217
AV39 POS    54.811339000  -163.998468000      797404.976   0.645   0.446   1.912
AV39 VEL         -21.946          -6.370           1.084   0.117   0.081   0.339
AV40 POS    54.644533000  -163.742969000      413978.956   0.632   0.449   1.807
AV40 VEL         -22.870          -7.917           2.557   0.070   0.050   0.199
AVRY POS    34.468302000  -117.153977000      888905.484   0.378   0.327   1.338
AVRY VEL           3.110         -23.767           0.396   0.072   0.061   0.247
AZCN POS    36.839792000  -107.910966000     1862910.209   2.213   1.873   7.544
AZCN VEL          -5.909         -14.554          -1.466   0.118   0.100   0.402
AZRY POS    33.540074000  -116.629704000     1265688.989   0.493   0.429   1.774
AZRY VEL          11.471         -31.685           0.164   0.122   0.104   0.428
AZU1 POS    34.126021000  -117.896494000      144729.091   0.494   0.453   1.922
AZU1 VEL          11.916         -35.947          -1.465   0.106   0.097   0.439
BACK POS   -74.430440000  -102.478178000       33433.307   0.673   0.526   2.835
BACK VEL           9.367          16.788          14.758   0.102   0.080   0.427
BADG POS    51.769704000   102.234992000      811430.113   0.707   0.498   1.994
BADG VEL          -6.460          26.578           0.555   0.064   0.046   0.186
BAHR POS    26.209147000    50.608152000      -17094.032   1.754   1.681   6.897
BAHR VEL          30.327          31.351          -0.630   0.078   0.075   0.308
BAIE POS    49.186828000   -68.263332000       27572.620   0.570   0.430   1.886
BAIE VEL           6.203         -16.007           3.466   0.071   0.052   0.221
BAKE POS    64.317819000   -96.002353000        4683.426   0.453   0.322   1.431
BAKE VEL          -4.226         -18.912          11.063   0.050   0.035   0.159
BAKO POS    -6.491056000   106.848915000      158106.422   0.583   0.726   2.915
BAKO VEL          -8.160          25.007          -0.580   0.107   0.135   0.516
BALD POS    37.783427000  -118.901396000     2749570.546   0.703   0.575   2.294
BALD VEL          -0.488         -19.295           4.176   0.231   0.188   0.760
BAMF POS    48.835328000  -125.135106000       10810.829   0.437   0.354   1.661
BAMF VEL          -6.346          -4.070           1.750   0.072   0.059   0.283
BAMO POS    40.412749000  -117.204570000     1792465.535   0.804   0.631   2.485
BAMO VEL          -9.433         -16.416           0.068   0.079   0.061   0.244
BAN2 POS    13.034325000    77.511626000      831848.667   2.120   2.485   9.506
BAN2 VEL          35.133          43.668          -1.160   0.127   0.149   0.574
BAR1 POS    33.480455000  -119.029744000       14778.733   0.639   0.569   2.584
BAR1 VEL          22.647         -41.801          -0.696   0.091   0.080   0.355
BARA POS    18.208700000   -71.098227000        6734.641   0.434   0.482   1.922
BARA VEL           7.908           8.546          -0.110   0.081   0.090   0.360
BARH POS    44.395049000   -68.221694000        6760.603   0.771   0.579   2.305
BARH VEL           7.094         -15.278           0.344   0.063   0.049   0.197
BARN POS    44.099089000   -71.159562000      139636.121   1.296   0.952   4.272
BARN VEL           4.935         -15.649           0.295   0.075   0.055   0.247
BATM POS    36.403455000  -116.511556000      736960.164   4.841   3.958  16.197
BATM VEL          -8.475         -15.295          -0.648   0.269   0.220   0.903
BAY1 POS    55.190267000  -162.707162000       50515.881   5.597   3.783  16.588
BAY1 VEL         -22.524          -9.578           2.065   0.270   0.182   0.799
BAY2 POS    55.190414000  -162.706767000       50474.593   6.763   4.616  19.942
BAY2 VEL         -22.236          -8.512          -0.633   0.278   0.189   0.819
BAYR POS    43.446230000   -83.891736000      148845.542   0.449   0.354   1.449
BAYR VEL           1.033         -16.135          -1.612   0.065   0.051   0.211
BBDM POS    34.582202000  -119.981522000      204881.618   0.551   0.440   1.961
BBDM VEL          20.128         -41.553           0.752   0.150   0.121   0.519
BBID POS    44.185043000  -111.526130000     1789894.380   0.799   0.648   3.426
BBID VEL         -10.356         -16.337          -1.913   0.057   0.047   0.243
BBRY POS    34.264279000  -116.884246000     2051066.834   0.468   0.394   1.903
BBRY VEL           3.934         -23.519           0.758   0.087   0.072   0.342
BCOV POS    50.544279000  -126.842645000       37398.190   0.591   0.415   1.987
BCOV VEL          -9.991         -11.787           3.040   0.133   0.093   0.429
BCRK POS    62.414279000  -140.860425000      719497.904   0.708   0.504   2.230
BCRK VEL         -15.150         -10.674           0.656   0.142   0.101   0.445
BCWR POS    34.920463000  -119.405856000     1332912.573   0.426   0.359   1.468
BCWR VEL           9.881         -33.890           0.324   0.090   0.075   0.306
BCYI POS    44.315614000  -113.405851000     2173390.052   1.061   0.809   4.277
BCYI VEL          -9.552         -15.257          -0.446   0.071   0.054   0.289
BDAR POS    11.599820000    37.359659000     1793035.887   5.386   6.634  25.367
BDAR VEL          17.416          22.218          -0.724   0.324   0.398   1.513
BDOS POS    13.087957000   -59.609095000      -38654.454   2.199   2.675   9.737
BDOS VEL          14.800          12.600          -2.514   0.139   0.170   0.619
BEA2 POS    62.407840000  -140.862541000      662463.908   3.138   2.157   9.461
BEA2 VEL         -14.746          -7.786           0.906   0.167   0.114   0.503
BEA5 POS    30.161722000   -94.179713000      -12022.270  12.749  12.775  54.579
BEA5 VEL           0.692         -10.347          -3.879   0.516   0.517   2.210
BEAT POS    37.039930000  -116.621132000     1396047.255   3.670   3.021  12.476
BEAT VEL          -8.846         -15.536          -0.075   0.200   0.165   0.683
BELE POS    -1.408792000   -48.462551000        9056.356   0.739   0.811   3.091
BELE VEL          11.742          -4.938          -0.420   0.206   0.229   0.865
BELI POS    48.755267000  -122.478975000       10596.962   0.997   0.729   3.192
BELI VEL          -9.307          -9.615          -0.070   0.067   0.048   0.204
BELL POS    41.599621000     1.401145000      853417.651   0.706   0.567   2.286
BELL VEL          16.292          19.731          -0.125   0.062   0.048   0.202
BEMT POS    34.000533000  -115.998194000     1373630.039   0.389   0.335   1.325
BEMT VEL          -4.899         -17.333          -0.308   0.088   0.075   0.297
BEND POS    44.057158000  -121.315189000     1095818.889   0.955   0.723   2.885
BEND VEL          -8.159         -13.033          -1.269   0.066   0.049   0.208
BENN POS   -84.786458000  -116.459785000     1416501.334   0.692   0.657   4.568
BENN VEL           0.593          15.760           8.742   0.065   0.062   0.440
BEPK POS    35.878388000  -118.074098000     2471087.534   0.506   0.432   1.838
BEPK VEL          -0.223         -21.171          -0.418   0.097   0.081   0.338
BERP POS   -74.545934000  -111.884575000      313527.343   0.794   0.640   3.357
BERP VEL          12.775          17.956          27.241   0.139   0.112   0.596
BFLD POS    35.413084000  -119.045334000      108227.732   0.832   0.697   2.987
BFLD VEL           0.020         -26.062          -2.941   0.248   0.208   0.882
BFSH POS    35.591123000  -118.497964000      791774.923   0.895   0.757   3.309
BFSH VEL          -0.208         -26.340           1.795   0.430   0.365   1.590
BGIS POS    33.967121000  -118.159704000        2766.696   0.560   0.490   2.140
BGIS VEL          15.401         -38.215          -3.938   0.127   0.111   0.480
BHR1 POS    26.209147000    50.608152000      -17903.870   6.928   6.300  26.930
BHR1 VEL          30.588          31.491          -0.435   0.104   0.100   0.412
BHR2 POS    26.209147000    50.608152000      -17901.372   9.539   8.993  36.820
BHR2 VEL          30.529          31.178          -0.247   0.452   0.436   1.722
BIGD POS    47.933292000  -118.988836000      493312.738   1.049   0.711   3.247
BIGD VEL          -9.936         -13.414          -0.535   0.259   0.177   0.823
BIJA POS     9.749976000   -84.576867000      555647.568   1.623   1.922   7.378
BIJA VEL          13.650          12.033          -1.068   0.155   0.179   0.727
BIL1 POS    45.971182000  -107.996490000      873703.792   9.738   7.161  30.188
BIL1 VEL          -8.163         -14.794           0.035   0.472   0.347   1.465
BILB POS    68.065310000   166.453385000      315730.256   1.631   1.112   5.416
BILB VEL         -20.452           7.573           1.566   0.265   0.188   0.888
BILI POS    68.076126000   166.437967000      456137.357   2.612   1.839   9.065
BILI VEL         -20.640           8.690           0.196   0.120   0.084   0.416
BILL POS    33.578246000  -117.064607000      470033.647   0.416   0.362   1.449
BILL VEL          14.264         -35.545          -0.911   0.105   0.090   0.365
BILS POS    47.539344000  -124.252527000       38383.701   0.627   0.403   1.874
BILS VEL          -2.805          -0.616          -0.931   0.120   0.080   0.359
BIS1 POS    56.854491000  -135.539301000       66746.084   4.583   3.016  12.553
BIS1 VEL          -6.439         -16.083           2.231   0.167   0.107   0.467
BIS2 POS    42.854194000    74.533186000      744808.479   7.413   5.593  22.041
BIS2 VEL           5.155          28.496          -1.078   0.535   0.404   1.591
BJCO POS     6.384667000     2.450025000       30707.960   1.024   1.218   4.313
BJCO VEL          18.785          22.063          -0.825   0.095   0.113   0.400
BJFS POS    39.608599000   115.892493000       87468.438   0.708   0.561   2.309
BJFS VEL         -11.117          30.745           1.338   0.144   0.118   0.475
BJNM POS    40.245323000   116.224134000      109130.328   1.337   1.088   4.414
BJNM VEL         -11.472          29.932           1.019   0.120   0.098   0.394
BKAP POS    35.287046000  -116.080428000      252030.487   0.423   0.358   1.437
BKAP VEL          -8.577         -15.683           0.033   0.098   0.081   0.328
BKMS POS    33.962261000  -118.094706000       10999.074   0.529   0.458   1.962
BKMS VEL          16.787         -39.534           0.264   0.163   0.139   0.590
BKR1 POS    35.132388000  -119.109483000       56480.177   4.230   3.550  15.223
BKR1 VEL           2.875         -24.661         -11.911   0.374   0.314   1.346
BKR2 POS    35.132580000  -119.109293000       56305.499   3.778   3.164  13.377
BKR2 VEL           5.226         -26.133         -18.360   0.333   0.279   1.177
BLA1 POS    37.211349000   -80.420510000      605687.993   0.665   0.578   2.276
BLA1 VEL           3.250         -14.305          -1.089   0.046   0.040   0.159
BLAS POS    79.538610000   -22.974728000      484145.210   0.706   0.610   3.737
BLAS VEL          20.396         -11.983           8.813   0.195   0.167   1.027
BLBP POS    19.354623000  -155.711436000     2664179.404   2.000   4.657   5.433
BLBP VEL          28.733         -61.952          -2.632   0.474   0.523   1.971
BLKV POS    37.206018000   -80.414529000      606463.488   1.117   0.967   4.019
BLKV VEL           3.232         -13.659          -0.588   0.083   0.072   0.300
BLMM POS    36.879783000   -89.972533000      100606.248   2.174   2.010   9.535
BLMM VEL          -0.442         -14.143          -0.247   0.105   0.096   0.452
BLRW POS    43.230253000   -90.530784000      190604.359   2.359   1.879   7.957
BLRW VEL          -1.135         -15.592          -2.687   0.112   0.089   0.376
BLSA POS    33.799546000  -118.028684000      -23161.307   1.366   1.160   4.852
BLSA VEL          16.718         -39.295          -0.541   0.275   0.233   0.970
BLUF POS   -46.585057000   168.292077000      124636.618   0.719   0.544   2.107
BLUF VEL          31.103         -30.088          -1.341   0.146   0.107   0.424
BLYN POS    48.016056000  -122.927542000      613213.842   2.865   2.100  10.287
BLYN VEL          -7.753          -8.984          -2.939   0.146   0.107   0.524
BLYT POS    33.610414000  -114.714854000       85916.961   0.402   0.350   1.388
BLYT VEL          -8.086         -14.352          -0.022   0.080   0.068   0.275
BMHL POS    34.251444000  -116.052981000      722634.581   0.392   0.338   1.339
BMHL VEL          -5.706         -15.641          -0.118   0.080   0.068   0.272
BMRY POS    33.962684000  -116.984707000      787241.155   3.844   3.294  13.533
BMRY VEL           8.844         -27.272          -0.307   0.209   0.179   0.735
BOAV POS     2.845185000   -60.701116000       69508.419   0.786   0.876   3.295
BOAV VEL          12.190          -4.005           2.581   0.114   0.134   0.479
BOGI POS    52.474994000    21.035221000      139916.653   0.783   0.573   2.393
BOGI VEL          14.385          20.842           0.086   0.041   0.030   0.124
BOGO POS    52.475950000    21.035350000      149620.353   0.770   0.547   2.265
BOGO VEL          14.358          20.662          -0.168   0.031   0.022   0.089
BOGT POS     4.640076000   -74.080940000     2576143.733   0.742   0.915   3.581
BOGT VEL          14.590          -0.244         -34.290   0.130   0.168   0.621
BOMG POS    33.364628000  -115.729709000      -84224.215   0.568   0.486   2.060
BOMG VEL          -5.399         -20.725           1.463   0.196   0.166   0.687
BOMJ POS   -13.255555000   -43.421736000      419415.774   5.366   5.831  23.244
BOMJ VEL          12.176          -4.734           2.224   0.445   0.484   1.929
BOR1 POS    52.276959000    17.073463000      124362.746   0.696   0.498   2.004
BOR1 VEL          14.684          20.103          -0.381   0.041   0.029   0.121
BRAN POS    34.184897000  -118.277058000      246229.719   0.488   0.422   2.082
BRAN VEL          13.763         -37.262          -0.436   0.120   0.104   0.508
BRAS POS    44.122168000    11.113088000      901212.822   4.582   3.473  15.064
BRAS VEL          17.148          21.618           1.030   0.207   0.156   0.679
BRAZ POS   -15.947472000   -47.877870000     1106018.423   0.604   0.629   2.532
BRAZ VEL          12.653          -3.969          -0.824   0.041   0.046   0.180
BREW POS    48.131522000  -119.682637000      238596.391   0.401   0.290   1.153
BREW VEL         -10.047         -12.713          -0.370   0.062   0.045   0.179
BRFT POS    -3.877444000   -38.425538000       21677.008   0.673   0.735   2.800
BRFT VEL          12.847          -4.260          -0.672   0.105   0.115   0.469
BRIB POS    37.919406000  -122.152559000      263160.349   1.266   0.954   4.776
BRIB VEL           5.285         -26.823          -0.190   0.088   0.065   0.350
BRIG POS    42.520102000   -83.756659000      261311.332   0.537   0.435   1.788
BRIG VEL           1.361         -15.586          -1.001   0.129   0.104   0.430
BRIP POS   -75.795671000   158.469150000     2110897.777   1.166   0.918   5.251
BRIP VEL         -12.079           8.175           0.242   0.087   0.068   0.390
BRMU POS    32.370400000   -64.696276000      -11649.898   0.510   0.469   1.922
BRMU VEL           8.919         -11.918          -0.955   0.045   0.042   0.173
BRN2 POS    26.519716000    87.272196000       19919.328   1.674   1.668   6.874
BRN2 VEL          34.319          39.398          -2.006   0.163   0.164   0.668
BRPK POS    34.682285000  -118.576813000     1729136.918   0.792   0.676   2.742
BRPK VEL           9.692         -31.049           1.165   0.055   0.047   0.190
BRST POS    48.380497000    -4.496590000       65810.982   0.707   0.540   2.117
BRST VEL          17.052          16.804          -1.072   0.061   0.045   0.178
BRU1 POS    43.889818000   -69.946579000        1962.774   4.426   3.458  14.220
BRU1 VEL           6.003         -15.432           0.270   0.089   0.069   0.287
BRUS POS    50.797821000     4.359225000      149693.910   2.247   1.675   7.066
BRUS VEL          16.108          18.046           0.616   0.131   0.097   0.411
BRUX POS    50.798066000     4.358568000      158138.181   0.790   0.584   2.266
BRUX VEL          16.453          17.775           0.251   0.124   0.090   0.346
BSHM POS    32.778989000    35.022989000      225066.832   0.552   0.477   1.977
BSHM VEL          19.877          22.391           0.207   0.051   0.045   0.188
BSMK POS    46.821123000  -100.816698000      550816.765   7.269   5.466  21.602
BSMK VEL          -4.981         -16.252          -2.133   0.110   0.081   0.322
BSNC POS    44.739642000  -112.531490000     2167160.963   8.296   6.049  24.496
BSNC VEL          -9.303         -14.961          -0.517   0.643   0.469   1.898
BSPC POS    44.578428000  -112.862936000     2394795.676   8.665   6.180  25.198
BSPC VEL          -9.290         -14.538          -0.277   0.672   0.479   1.955
BSRY POS    34.918612000  -117.011997000      613481.966   0.403   0.341   1.375
BSRY VEL          -0.175         -19.859          -0.460   0.081   0.068   0.271
BTDM POS    34.292808000  -118.188233000      678244.562   0.789   0.709   2.974
BTDM VEL          12.108         -36.090          -0.492   0.111   0.106   0.408
BTHL POS     0.569185000    97.710645000       67339.520   7.760   9.389  33.829
BTHL VEL          21.000          17.786          -2.812   0.618   0.747   2.691
BUCU POS    44.463947000    26.125747000      143240.728   0.964   0.737   2.923
BUCU VEL          12.314          23.247           1.206   0.051   0.040   0.156
BUDP POS    55.739022000    12.500030000       94055.270   1.105   0.792   3.176
BUDP VEL          15.064          18.033           1.198   0.032   0.022   0.089
BUE1 POS   -34.573699000   -58.519300000       48691.198   2.300   1.971   8.146
BUE1 VEL          11.682          -0.890           1.196   0.130   0.112   0.460
BUE2 POS   -34.573699000   -58.519299000       48720.558   4.755   4.114  16.896
BUE2 VEL          13.382           0.517           3.097   0.296   0.257   1.053
BUEG POS    34.612851000  -120.196413000       74771.254   1.847   1.473  10.553
BUEG VEL          22.129         -42.916           1.392   0.241   0.214   0.961
BUEH POS    44.696343000  -112.627654000     1955069.163   8.604   6.265  25.342
BUEH VEL          -9.786         -15.003          -0.925   0.669   0.487   1.972
BULL POS    36.917641000  -116.871704000     1344793.406   3.119   2.607  11.027
BULL VEL          -8.558         -15.790           0.153   0.172   0.144   0.606
BUMS POS   -85.961494000   174.499151000     2642187.141   2.060   1.909  13.877
BUMS VEL         -11.028           7.911           1.257   0.236   0.218   1.570
BURI POS   -79.147439000   155.894164000     2006324.621   1.095   0.908   5.516
BURI VEL         -12.117           6.493           0.564   0.044   0.036   0.225
BURN POS    42.779500000  -117.843533000     1180886.158   0.408   0.311   1.298
BURN VEL          -9.467         -15.481          -0.997   0.056   0.042   0.171
BUST POS    36.745334000  -116.450945000      992307.190   4.508   3.750  16.475
BUST VEL          -8.463         -15.495           0.202   0.241   0.201   0.880
BVPP POS    35.157277000  -119.347513000      123024.585   0.468   0.391   1.578
BVPP VEL           3.682         -29.533          -1.240   0.127   0.103   0.424
BYSP POS    18.407839000   -66.161198000       49216.496   0.906   1.001   3.984
BYSP VEL          13.796           8.836          -0.435   0.070   0.078   0.308
BZRG POS    46.499027000    11.336802000      329148.238   1.206   0.904   3.697
BZRG VEL          16.152          20.303           1.404   0.127   0.095   0.389
CA99 POS    37.644563000  -118.896696000     2391530.643   0.798   0.651   2.622
CA99 VEL          -5.479         -23.361           1.462   0.256   0.209   0.863
CABA POS    10.237874000   -85.343533000       26930.843   0.566   0.654   2.425
CABA VEL          21.844          13.492           4.734   0.163   0.184   0.701
CABL POS    42.836099000  -124.563347000       37846.796   0.448   0.339   1.349
CABL VEL           1.187          -6.699           0.714   0.093   0.070   0.290
CACT POS    33.655135000  -115.989953000      518453.917   0.719   0.625   2.739
CACT VEL          -0.774         -21.425           0.165   0.067   0.057   0.239
CAGL POS    39.135915000     8.972758000      238357.200   0.907   0.764   3.053
CAGL VEL          16.081          21.759          -0.155   0.044   0.036   0.148
CAGS POS    45.585021000   -75.807332000      235018.754   1.368   1.184   5.243
CAGS VEL           3.416         -16.220           3.061   0.051   0.040   0.164
CAGZ POS    39.135893000     8.972764000      237965.169   1.453   1.224   4.927
CAGZ VEL          16.053          21.496          -0.624   0.082   0.068   0.276
CAKO POS    46.387105000    16.439082000      222084.541   0.640   0.487   1.885
CAKO VEL          15.844          22.079          -0.641   0.147   0.112   0.430
CALL POS   -12.062873000   -77.149317000       33834.750   2.852   3.395  12.034
CALL VEL          13.730          19.409           2.388   0.265   0.317   1.116
CAM5 POS    35.529264000  -121.042910000       17039.446   0.858   0.723   2.962
CAM5 VEL          24.666         -41.036           2.399   0.492   0.416   1.691
CAME POS    43.111989000    13.124004000      498688.180   3.737   3.054  13.059
CAME VEL          18.934          23.140           0.910   0.169   0.137   0.590
CAND POS    35.939353000  -120.433702000      568545.419   0.790   0.655   2.656
CAND VEL           6.756         -24.393           2.063   0.074   0.062   0.256
CANT POS    43.471983000    -3.798059000       99252.296   0.703   0.547   2.134
CANT VEL          16.538          18.193           0.061   0.106   0.081   0.322
CAPF POS   -66.012070000   -60.558353000      100228.763   0.937   0.666   3.158
CAPF VEL           9.298          14.283           2.519   0.124   0.088   0.417
CARH POS    35.888387000  -120.430828000      480266.795   0.860   0.743   3.042
CARH VEL          16.417         -34.226           0.622   0.056   0.048   0.201
CARR POS    35.888354000  -120.430847000      478735.583   3.555   3.146  13.341
CARR VEL          17.464         -34.071          -0.040   0.133   0.118   0.504
CART POS    10.391336000   -75.533851000        4024.840   0.704   0.836   3.052
CART VEL          10.879          12.450          -2.396   0.038   0.045   0.168
CAS1 POS   -66.283361000   110.519707000       22511.636   0.762   0.566   2.598
CAS1 VEL          -9.938           1.408           2.240   0.117   0.085   0.385
CASA POS    37.644634000  -118.896669000     2390611.995   7.019   6.075  26.173
CASA VEL          -8.844         -22.807           5.083   0.336   0.291   1.255
CASC POS    38.693418000    -9.418517000       76011.638   0.691   0.573   2.286
CASC VEL          17.102          17.990          -0.501   0.062   0.050   0.200
CASE POS    33.455352000  -117.403989000      776481.151   0.670   0.601   2.552
CASE VEL          17.165         -37.443          -1.926   0.163   0.144   0.596
CASL POS    34.344649000   -77.875391000      -17360.200   4.425   4.056  16.657
CASL VEL           3.833         -13.262          -1.103   0.223   0.204   0.838
CASP POS    42.819171000  -106.384076000     1571362.139   3.709   2.880  11.319
CASP VEL          -5.645         -15.612          -0.670   0.242   0.188   0.738
CAST POS    39.191021000  -110.677317000     2245028.247   0.490   0.402   1.576
CAST VEL          -8.039         -14.222          -0.540   0.051   0.041   0.166
CAT1 POS    33.445776000  -118.483016000        3886.927   3.249   2.835  11.894
CAT1 VEL          21.494         -40.104          -0.525   0.164   0.143   0.600
CAT2 POS    33.311620000  -118.333824000      477220.450   0.485   0.419   1.664
CAT2 VEL          21.290         -40.578          -1.304   0.071   0.060   0.237
CAT3 POS    33.445765000  -118.483013000        5115.432   3.107   3.626  12.190
CAT3 VEL          21.203         -41.233          -0.742   0.068   0.057   0.229
CAUQ POS   -35.968487000   -72.341001000      157412.789   5.383   4.669  18.719
CAUQ VEL          19.603         -11.658           4.417   0.542   0.471   1.885
CAVA POS    45.479361000    12.582674000       47715.257   2.522   1.920   8.316
CAVA VEL          17.902          21.041          -2.611   0.131   0.100   0.436
CBHS POS    34.138564000  -118.629813000      284616.521   0.379   0.351   1.547
CBHS VEL          17.643         -38.928           0.502   0.054   0.049   0.208
CCCC POS    35.565314000  -117.671177000      813954.384   0.458   0.386   1.572
CCCC VEL          -0.032         -20.674          -0.766   0.096   0.078   0.321
CCCO POS    33.876263000  -118.211205000      -16998.032   3.319   2.808  11.876
CCCO VEL          18.131         -37.277          -3.599   0.240   0.203   0.859
CCCS POS    33.862745000  -117.864950000       31837.374   0.977   0.804   3.482
CCCS VEL          17.396         -36.860           1.979   0.172   0.145   0.615
CCJ2 POS    27.067533000   142.195022000      104214.550   0.526   0.473   2.296
CCJ2 VEL           9.877         -36.936          -1.462   0.119   0.108   0.521
CCJM POS    27.095585000   142.184572000      208812.647   2.330   2.213   9.518
CCJM VEL          11.881         -36.806          -1.422   0.141   0.134   0.576
CCST POS    34.806364000  -119.013473000     1578082.713   1.700   1.304   5.975
CCST VEL           8.973         -33.227           1.439   0.107   0.083   0.376
CCV3 POS    28.460228000   -80.545234000      -24454.313   2.918   2.864  12.144
CCV3 VEL           2.999         -12.212          -2.536   0.125   0.122   0.519
CDMT POS    34.829466000  -116.335935000      936579.300   0.423   0.371   1.526
CDMT VEL          -6.665         -17.588           0.281   0.091   0.080   0.325
CEBR POS    40.453431000    -4.367849000      775796.394   0.718   0.584   2.310
CEBR VEL          16.763          18.643           0.050   0.147   0.118   0.472
CEDA POS    40.680694000  -112.860485000     1472503.069   0.414   0.330   1.278
CEDA VEL          -9.153         -16.462           0.008   0.048   0.037   0.147
CEDU POS   -31.866654000   133.809837000      144714.783   0.741   0.636   2.711
CEDU VEL          58.990          28.894          -0.319   0.058   0.051   0.215
CEFE POS   -20.310791000   -40.319456000       14298.345   2.989   3.081  12.330
CEFE VEL          13.064          -3.753           0.956   0.254   0.261   1.049
CENA POS    65.498160000  -144.677635000      283753.231   2.407   1.682   8.060
CENA VEL         -21.011          -8.373          -0.844   0.159   0.111   0.531
CEUT POS    35.896056000    -5.311329000       51822.280  11.260   9.895  42.407
CEUT VEL          17.342          15.563          -1.206   0.557   0.490   2.097
CFAG POS   -31.602165000   -68.232647000      702544.747   1.281   1.241   5.003
CFAG VEL          12.084           6.623          -0.781   0.057   0.054   0.219
CGDM POS    34.243995000  -117.964953000      704695.102   0.632   0.517   2.329
CGDM VEL          10.755         -35.320           0.532   0.062   0.050   0.220
CGGN POS    10.123098000     9.118315000      916436.661   4.823   6.017  22.874
CGGN VEL          23.488          22.351          -1.020   0.413   0.513   1.941
CHA1 POS    32.757567000   -79.842878000      -29045.495   5.355   5.033  20.998
CHA1 VEL           3.290         -12.759          -0.380   0.209   0.196   0.817
CHAB POS    37.724117000  -122.119316000      213937.780   2.503   2.052   9.119
CHAB VEL           7.293         -27.729           0.061   0.165   0.135   0.597
CHAC POS   -27.420438000   -58.959694000       77964.372   0.639   0.595   2.390
CHAC VEL          11.165          -2.348           2.196   0.092   0.086   0.347
CHAN POS    43.790684000   125.444207000      273253.237   0.832   0.612   2.568
CHAN VEL         -12.240          27.614          -0.079   0.109   0.082   0.330
CHAT POS   -43.955779000  -176.565853000       57962.002   1.616   1.280   5.193
CHAT VEL          33.075         -40.538          -1.059   0.085   0.067   0.274
CHB1 POS    45.653494000   -84.465651000      145152.637   5.695   4.182  17.636
CHB1 VEL          -0.239         -16.494           0.973   0.150   0.112   0.473
CHCM POS    48.010616000  -122.775869000       20377.545   0.863   0.612   2.592
CHCM VEL          -8.284          -8.388          -0.144   0.152   0.108   0.438
CHCN POS    44.647710000  -112.716649000     2293828.880   7.671   5.656  22.406
CHCN VEL          -9.923         -14.828          -0.758   0.603   0.444   1.762
CHES POS    39.951654000   -75.600327000      108155.394   2.534   2.070   8.383
CHES VEL           4.310         -14.925          -1.240   0.182   0.149   0.603
CHI3 POS    60.237514000  -146.646575000       94613.312   7.377   4.893  21.869
CHI3 VEL           9.122         -23.368           1.785   0.360   0.239   1.067
CHIL POS    34.333425000  -118.026006000     1567514.168   0.420   0.368   1.593
CHIL VEL          10.793         -34.436           0.203   0.054   0.047   0.207
CHIZ POS    46.133466000    -0.407695000      113199.114   0.369   0.277   1.120
CHIZ VEL          16.530          18.473          -0.510   0.025   0.019   0.077
CHLO POS    36.746501000  -116.765529000      864230.444   3.427   2.871  12.041
CHLO VEL          -8.509         -15.616          -0.166   0.188   0.158   0.662
CHME POS    35.276667000   -80.889058000      225235.676   2.076   1.845   7.645
CHME VEL           2.959         -13.859          -1.333   0.112   0.099   0.411
CHML POS   -37.359128000   -70.150120000     1250656.623   7.051   6.057  23.768
CHML VEL          21.807         -21.787           1.036   0.596   0.512   2.009
CHMS POS    34.640463000  -117.827707000      760317.146   0.438   0.365   1.535
CHMS VEL           5.471         -24.984          -0.040   0.103   0.085   0.355
CHO1 POS    39.432638000  -121.664968000       16440.067   4.680   3.742  15.858
CHO1 VEL          -4.060         -21.835           0.751   0.239   0.191   0.809
CHOW POS    37.084851000  -120.210513000       45280.805   1.136   0.944   4.295
CHOW VEL           1.310         -23.165         -77.806   0.235   0.198   0.841
CHPG POS   -22.682271000   -45.002376000      566254.210   1.990   2.007   8.525
CHPG VEL          13.032          -3.776          -1.536   0.462   0.469   1.983
CHPI POS   -22.687143000   -44.985159000      617428.673   0.609   0.587   2.460
CHPI VEL          12.728          -3.677           0.188   0.068   0.068   0.283
CHT1 POS    41.671204000   -69.950051000      -10623.602   5.578   4.339  18.438
CHT1 VEL           5.940         -15.205          -0.189   0.207   0.161   0.683
CHTI POS   -43.735469000  -176.617124000       75669.630   0.721   0.575   2.295
CHTI VEL          33.174         -41.285          -1.843   0.147   0.114   0.469
CHUM POS    42.998502000    74.751106000      716343.897   0.966   0.769   3.012
CHUM VEL           2.942          27.191          -0.037   0.060   0.047   0.186
CHUR POS    58.759077000   -94.088735000      -19125.804   0.896   0.624   2.559
CHUR VEL          -3.629         -18.666          10.607   0.036   0.025   0.104
CHWK POS    49.156606000  -122.008430000      174033.229   0.499   0.362   1.719
CHWK VEL          -9.928         -11.360           0.707   0.051   0.036   0.171
CHZZ POS    45.486515000  -123.978125000       50741.225   0.766   0.621   3.551
CHZZ VEL          -2.965          -5.258          -0.088   0.067   0.056   0.278
CIC1 POS    31.870682000  -116.665770000       64294.945   2.790   2.617  11.878
CIC1 VEL          20.251         -41.194          -1.732   0.138   0.130   0.585
CICE POS    31.871268000  -116.667392000       87601.573  12.217  11.595  48.597
CICE VEL          19.301         -40.761          -1.231   0.424   0.402   1.683
CIHL POS    43.750905000  -121.148686000     1945539.060   0.435   0.328   1.286
CIHL VEL          -7.974         -13.856          -0.928   0.091   0.068   0.268
CIRX POS    34.109557000  -118.937303000      488202.090   0.391   0.322   1.640
CIRX VEL          19.305         -40.076           0.001   0.052   0.042   0.214
CIT1 POS    34.136711000  -118.127292000      215358.314   0.451   0.370   1.690
CIT1 VEL          12.946         -36.579           0.370   0.069   0.058   0.237
CJMG POS    34.271196000  -117.424467000     1584400.542   0.754   0.658   2.670
CJMG VEL           6.347         -27.776          -0.256   0.157   0.137   0.545
CJMS POS    34.313801000  -117.479389000      933367.556   0.418   0.372   1.579
CJMS VEL           7.589         -28.645           0.911   0.084   0.074   0.306
CJTR POS    34.821695000   -92.273040000      125989.663   0.690   0.640   2.463
CJTR VEL          -1.210         -13.848          -0.598   0.103   0.091   0.383
CJVG POS    34.530322000  -118.144235000     1304851.603   0.556   0.494   2.036
CJVG VEL          10.200         -31.048          -1.928   0.166   0.147   0.598
CKIS POS   -21.201021000  -159.800623000       18401.051   0.578   0.607   2.426
CKIS VEL          35.371         -63.141          -0.471   0.053   0.057   0.228
CKSV POS    22.998850000   120.220011000       59666.469   0.897   0.923   3.953
CKSV VEL         -14.200          18.924           0.965   0.542   0.568   2.263
CLAR POS    34.109930000  -117.708817000      373603.691   0.461   0.397   1.644
CLAR VEL          11.888         -35.080           0.065   0.110   0.095   0.393
CLBD POS    33.135388000  -117.310982000       20584.357   0.408   0.357   1.433
CLBD VEL          17.503         -39.085          -1.505   0.101   0.088   0.355
CLCV POS    42.975999000  -122.089396000     1873746.747   0.998   0.709   3.704
CLCV VEL          -5.550         -14.465          -3.008   0.278   0.198   1.031
CLGO POS    64.873770000  -147.860490000      196117.940   0.498   0.335   1.625
CLGO VEL         -22.468          -7.903           1.148   0.065   0.044   0.206
CLK1 POS    44.935620000   -97.960692000      415111.318   3.057   2.236   9.556
CLK1 VEL          -6.208         -14.773          -0.493   0.139   0.102   0.436
CLMS POS    42.922935000  -122.016301000     2705304.741   0.862   0.657   2.571
CLMS VEL          -7.462         -14.569          -0.738   0.090   0.068   0.274
CLOV POS    40.558383000  -114.874192000     2084925.642   0.798   0.667   2.699
CLOV VEL          -9.737         -16.628           0.016   0.099   0.082   0.333
CLRK POS   -77.340077000  -141.873801000      999874.921   1.072   0.937   5.260
CLRK VEL          -1.533          17.412           2.537   0.152   0.130   0.749
CLRS POS    48.820303000  -124.130886000      175684.018   0.586   0.394   1.764
CLRS VEL          -8.083          -7.033           2.074   0.131   0.088   0.395
CLWZ POS    42.934251000  -122.149161000     1869805.630   0.729   0.519   3.131
CLWZ VEL          -6.509         -13.541          -1.887   0.108   0.075   0.465
CMBB POS    38.034176000  -120.386045000      695717.077   0.833   0.735   3.157
CMBB VEL          -2.446         -22.331           2.263   0.117   0.104   0.444
CMBL POS   -41.749015000   174.213817000      257327.059   1.150   0.947   3.609
CMBL VEL          31.876         -24.417          -0.673   0.122   0.095   0.377
CME1 POS    40.441777000  -124.396339000      305482.504   3.616   2.895  12.397
CME1 VEL          18.860         -19.502          -1.482   0.183   0.147   0.629
CMOD POS    37.641337000  -120.999982000       28075.395   0.465   0.378   1.515
CMOD VEL          -3.138         -22.884          -0.453   0.128   0.102   0.410
CMP9 POS    34.353182000  -118.411432000     1137983.474   0.457   0.381   1.614
CMP9 VEL          12.839         -36.412          -0.848   0.113   0.093   0.389
CMPN POS   -29.028202000   -70.685821000     2416126.818   5.641   5.454  20.658
CMPN VEL          18.123          21.428           0.973   0.326   0.326   1.207
CN00 POS    17.668526000   -61.785578000      -21947.304   0.557   0.546   2.404
CN00 VEL          15.611           9.620          -0.885   0.084   0.082   0.365
CN03 POS    18.490464000   -64.402520000      288357.632   0.797   0.680   3.585
CN03 VEL          14.748           8.882          -0.103   0.101   0.088   0.457
CN05 POS    18.563903000   -68.359392000      -33261.105   0.607   0.642   2.622
CN05 VEL          10.827           6.374          -0.015   0.118   0.130   0.505
CN07 POS    19.757632000   -70.565852000      -32270.450   0.580   0.628   2.513
CN07 VEL           9.154          -4.919          -0.232   0.063   0.069   0.273
CN08 POS    17.903375000   -71.674067000      -17074.009   2.536   2.889  11.179
CN08 VEL          10.494           9.234           2.485   0.224   0.256   0.984
CN09 POS    19.687747000   -72.139819000      -15038.396   0.666   0.701   2.905
CN09 VEL           4.720          -1.056          -1.593   0.086   0.091   0.373
CN11 POS    17.021183000   -77.784115000      -11061.695   3.802   2.500  14.667
CN11 VEL           7.885           9.629          -0.602   0.137   0.158   0.607
CN12 POS    18.004482000   -76.749051000      169915.316   0.579   0.654   2.543
CN12 VEL           7.452           6.660          -1.139   0.104   0.118   0.461
CN13 POS    24.065186000   -74.533785000      -34604.412   0.597   0.620   2.470
CN13 VEL           5.419          -9.958          -0.112   0.137   0.143   0.574
CN14 POS    20.975329000   -73.677952000      -34234.979   0.564   0.609   2.372
CN14 VEL           5.755          -8.097          -0.457   0.081   0.088   0.344
CN15 POS    26.556656000   -78.693085000      -27557.116   0.682   0.685   2.720
CN15 VEL           3.937         -11.309          -1.790   0.115   0.115   0.467
CN19 POS    12.611850000   -70.048500000        -370.340   0.554   0.653   2.432
CN19 VEL          12.725          12.744          -0.674   0.059   0.070   0.257
CN20 POS     9.351677000   -82.256265000       13134.234   0.532   0.567   2.377
CN20 VEL           9.715          16.496          -2.984   0.075   0.080   0.344
CN22 POS    12.384094000   -87.044689000       28789.840   3.704   4.496  16.320
CN22 VEL           9.783          -1.326           0.606   0.399   0.485   1.755
CN23 POS    17.260607000   -88.778758000       55305.152   1.584   1.913   8.060
CN23 VEL           0.769          -9.013          -1.170   0.129   0.153   0.629
CN24 POS    19.575562000   -88.053906000        7908.807   2.130   2.270   9.155
CN24 VEL           1.461          -8.015          -0.827   0.215   0.231   0.923
CN27 POS    19.667119000   -69.939810000      -21137.561   0.421   0.448   1.843
CN27 VEL           7.697          -5.316          -0.040   0.058   0.062   0.249
CN28 POS     8.625065000   -79.033717000       25855.171   0.943   1.140   4.292
CN28 VEL          13.492          18.502          -1.737   0.103   0.125   0.466
CN30 POS    11.993552000   -83.772047000       30048.628   1.651   1.943   7.217
CN30 VEL           5.834          11.336          -0.802   0.159   0.188   0.690
CN33 POS     8.487241000   -80.326665000       76755.149   4.064   5.143  18.591
CN33 VEL           8.975          19.128          -3.233   0.329   0.415   1.498
CN35 POS    13.375496000   -81.362919000       47850.128   1.010   1.262   4.650
CN35 VEL           6.870          11.204          -0.434   0.271   0.340   1.257
CN36 POS     8.819621000   -75.821135000       15231.306   3.627   4.321  15.527
CN36 VEL           9.658          18.168          -9.759   0.373   0.445   1.594
CN37 POS    10.792579000   -75.263174000        1451.244   0.475   0.561   2.058
CN37 VEL          12.293          10.420           0.733   0.062   0.074   0.268
CN38 POS    12.221823000   -71.988025000       10448.820   0.650   0.768   2.888
CN38 VEL          12.781          12.130          -2.399   0.089   0.105   0.391
CN40 POS    12.180045000   -68.958013000       33315.587   0.594   0.713   2.808
CN40 VEL          12.697          12.482          -0.099   0.074   0.088   0.343
CNCL POS   -43.666233000   169.855850000     1222381.301   0.738   0.567   2.462
CNCL VEL          37.717         -17.105           3.139   0.137   0.103   0.461
CNDN POS    44.678278000  -112.679270000     1839117.376   9.156   6.735  27.063
CNDN VEL          -5.735         -11.896          -2.465   0.731   0.537   2.160
CNDR POS    37.896405000  -121.278501000      -20773.455   6.398   5.155  22.268
CNDR VEL          -2.887         -23.366          -1.354   0.308   0.248   1.073
CNMR POS    15.229699000   145.743089000       64378.999   0.666   0.714   2.952
CNMR VEL          12.844         -18.118          -0.764   0.119   0.124   0.526
CNPP POS    33.857635000  -117.608926000      300286.055   0.735   0.635   2.618
CNPP VEL          14.872         -35.574          -0.691   0.084   0.071   0.294
CNWM POS    37.522834000   -92.703495000      359451.525   4.472   3.888  17.054
CNWM VEL          -1.606         -14.031           0.559   0.237   0.206   0.902
COAG POS    32.863463000  -115.123349000        3611.628   0.530   0.470   1.909
COAG VEL          -7.302         -13.775          -1.686   0.083   0.073   0.293
COCO POS   -12.188337000    96.833978000      -35320.476   0.543   0.660   2.357
COCO VEL          52.581          43.717          -2.910   0.075   0.089   0.324
COKG POS    32.850514000  -115.728505000      -46899.169   0.791   0.699   2.784
COKG VEL          11.855         -32.126           1.405   0.204   0.178   0.707
COLB POS    39.959762000   -83.045773000      185205.578   0.452   0.376   1.462
COLB VEL           2.161         -15.388          -2.181   0.083   0.068   0.270
COLO POS   -22.167381000   -67.803977000     4376906.510   4.957   5.418  19.573
COLO VEL          16.532          15.036          -1.602   0.410   0.447   1.621
CON2 POS   -77.534921000   167.084381000     3400203.414   0.949   0.774   4.562
CON2 VEL         -10.893          10.468          -1.783   0.208   0.166   1.009
CONO POS    35.702638000   -81.233591000      268118.243   1.815   1.619   6.755
CONO VEL           3.066         -13.668          -1.125   0.100   0.089   0.370
CONT POS   -36.842842000   -73.025412000      173249.494   8.299   7.501  29.065
CONT VEL          20.437           3.779          -9.461   0.645   0.583   2.260
CONZ POS   -36.843763000   -73.025512000      180662.569   4.890   4.201  17.752
CONZ VEL          19.564          33.067           5.493   0.431   0.369   1.553
COON POS    40.652590000  -112.121015000     1609996.281   0.556   0.423   1.952
COON VEL          -8.658         -15.517          -0.509   0.061   0.046   0.226
COPO POS   -27.384523000   -70.338232000      479054.679   3.122   3.208  12.823
COPO VEL          19.239          22.053          -2.416   0.268   0.275   1.100
COPR POS    34.414911000  -119.879533000      -22854.381   0.440   0.375   1.528
COPR VEL          19.369         -41.560           0.334   0.076   0.064   0.263
CORB POS    38.202183000   -77.373499000       35911.873   0.453   0.380   1.534
CORB VEL           3.941         -14.522          -1.323   0.054   0.046   0.191
CORC POS    27.740797000   -97.441681000      -10432.747   5.560   5.643  24.153
CORC VEL          -2.345         -12.090          -2.549   0.212   0.215   0.926
CORD POS   -31.528433000   -64.470049000      746843.382   0.644   0.584   2.326
CORD VEL          10.998          -1.559           1.136   0.096   0.087   0.358
CORM POS   -36.865424000   175.749559000      170244.258   0.648   0.579   2.210
CORM VEL          38.944           4.357          -1.271   0.052   0.044   0.172
CORV POS    44.585534000  -123.304607000      105599.619   0.395   0.317   1.423
CORV VEL          -5.302          -8.990           0.330   0.058   0.045   0.198
CORX POS    32.415376000  -117.248190000       74233.001   1.493   1.304   5.255
CORX VEL          20.445         -42.173          -1.898   0.077   0.067   0.271
COSA POS    33.568720000  -111.882164000      391349.393   1.694   1.450   5.861
COSA VEL          -6.773         -12.967           1.736   0.106   0.092   0.370
COSO POS    35.982343000  -117.808894000     1455091.953   0.976   0.825   3.266
COSO VEL           2.746         -16.701          -3.589   0.075   0.062   0.263
COT1 POS    32.224455000  -110.971881000      733191.000   0.437   0.387   1.567
COT1 VEL          -7.362         -12.571          -0.506   0.080   0.069   0.287
COTD POS    33.732488000  -116.386894000       27631.074   0.722   0.659   2.749
COTD VEL           6.049         -26.725          -5.721   0.187   0.169   0.697
COTE POS   -77.805904000   161.997814000     1878393.259   0.954   0.773   4.470
COTE VEL         -12.055           8.363           1.433   0.340   0.272   1.614
COUP POS    48.217310000  -122.685607000       20994.285   0.953   0.675   2.897
COUP VEL          -8.601          -9.059          -0.054   0.147   0.104   0.431
COVX POS    36.904634000   -75.712703000       -1178.038   1.301   1.130   4.520
COVX VEL           4.631         -14.308          -1.790   0.082   0.072   0.284
COYQ POS   -45.514339000   -71.892081000      476162.680   1.432   1.105   4.602
COYQ VEL           9.576          -0.058          -0.326   0.144   0.112   0.462
CPBN POS    35.071735000  -117.573027000      835828.189   0.945   0.807   3.288
CPBN VEL           2.346         -19.988          -0.565   0.088   0.074   0.299
CPCO POS    43.722100000  -121.233158000     2117952.350   0.693   0.548   2.512
CPCO VEL          -7.819         -13.974          -0.380   0.084   0.068   0.314
CPUD POS    47.430177000  -120.314227000      185978.048   1.564   1.125   4.634
CPUD VEL          -8.356         -11.424          -4.975   0.178   0.127   0.528
CPXF POS    46.840084000  -122.256521000      533596.924   0.595   0.450   1.963
CPXF VEL          -7.749          -9.903          -1.813   0.094   0.068   0.276
CPXX POS    46.840084000  -122.256521000      533598.792   0.472   0.362   1.566
CPXX VEL          -7.688          -9.823          -1.191   0.082   0.060   0.239
CRAM POS    37.081248000  -116.818408000     1480146.224   1.820   1.431   5.726
CRAM VEL          -8.977         -15.605          -0.088   0.110   0.087   0.346
CRAO POS    44.413262000    33.990989000      365795.018   0.993   0.770   3.461
CRAO VEL          12.314          24.401          -0.488   0.083   0.064   0.288
CRAR POS   -77.848046000   166.668252000      -19867.576   0.911   0.744   4.404
CRAR VEL         -10.850           9.237          -0.175   0.056   0.044   0.273
CRAT POS    36.807666000  -116.569257000      972520.748   2.908   2.538  11.340
CRAT VEL          -8.575         -15.897          -0.589   0.144   0.126   0.561
CRBT POS    35.791615000  -120.750762000      205439.491   0.453   0.380   1.535
CRBT VEL          21.359         -38.503           0.758   0.095   0.078   0.323
CREU POS    42.318845000     3.315607000      133389.655   0.657   0.533   2.053
CREU VEL          16.164          20.144          -0.281   0.058   0.046   0.179
CRFP POS    34.039053000  -117.099688000      688807.635   0.540   0.467   1.953
CRFP VEL           8.157         -28.779           0.103   0.115   0.098   0.401
CRGG POS    35.242092000  -119.724827000     1173067.886   0.515   0.432   1.724
CRGG VEL           8.693         -31.400          -0.032   0.142   0.119   0.470
CRHS POS    33.823507000  -118.272774000      -23518.108   1.267   1.157   5.768
CRHS VEL          17.972         -39.009           0.312   0.084   0.072   0.317
CRO1 POS    17.756901000   -64.584318000      -31969.774   0.659   0.684   2.955
CRO1 VEL          13.511          10.433          -1.038   0.079   0.091   0.389
CRRL POS   -36.152732000   -68.354328000     1225773.812   8.841   7.893  31.608
CRRL VEL          15.908         -24.658          -9.611   0.663   0.592   2.371
CRRS POS    33.069809000  -115.735046000      -81900.321   0.461   0.403   1.669
CRRS VEL           6.808         -24.994          -0.219   0.128   0.110   0.458
CRU1 POS    34.029263000  -119.784819000      702172.099   0.320   0.279   1.123
CRU1 VEL          22.915         -41.684          -0.281   0.045   0.039   0.155
CSAR POS    32.488258000    34.890191000       36595.766   0.639   0.557   2.259
CSAR VEL          19.746          22.322           0.266   0.051   0.045   0.189
CSCI POS    34.168406000  -119.038988000       70842.549   0.441   0.378   1.516
CSCI VEL          19.664         -40.224          -0.218   0.087   0.073   0.294
CSDH POS    33.861480000  -118.256725000       -9155.865   0.635   0.543   2.353
CSDH VEL          17.683         -39.985           0.920   0.069   0.057   0.237
CSKI POS    47.380570000  -122.235804000       10252.006   1.150   0.830   3.503
CSKI VEL          -8.277         -10.318           0.070   0.119   0.084   0.337
CSN1 POS    34.253553000  -118.523819000      261419.883   0.445   0.377   1.567
CSN1 VEL          15.934         -37.626          -1.293   0.103   0.087   0.358
CSST POS    34.408093000  -119.371257000      162483.387   0.376   0.319   1.414
CSST VEL          15.677         -40.454          -0.715   0.053   0.044   0.194
CTDM POS    34.516551000  -118.613217000      406077.459   0.463   0.400   1.615
CTDM VEL          10.839         -35.068           2.460   0.113   0.095   0.387
CTMS POS    34.124101000  -116.370430000      966491.220   0.653   0.569   2.434
CTMS VEL           0.317         -18.749           0.452   0.064   0.055   0.233
CUCU POS     7.898461000   -72.487939000      311163.595   5.268   6.389  22.386
CUCU VEL          14.887           3.812          -0.223   0.421   0.510   1.786
CUHS POS    34.942649000  -119.673956000      634957.894   0.572   0.480   2.025
CUHS VEL          16.265         -40.322          -2.311   0.221   0.184   0.798
CUIB POS   -15.555260000   -56.069867000      237459.395   0.589   0.649   2.445
CUIB VEL          10.847          -1.998           2.213   0.073   0.081   0.303
CUPR POS    18.307441000   -65.282514000      -30420.145   1.104   1.133   4.961
CUPR VEL          14.203           8.945          -0.933   0.084   0.088   0.376
CUSV POS    13.735913000   100.533925000       74228.723   0.832   1.036   3.956
CUSV VEL          -9.369          25.258          -3.780   0.075   0.091   0.351
CVHS POS    34.082013000  -117.901724000      119066.830   0.791   0.677   2.869
CVHS VEL          12.696         -37.591          -2.374   0.208   0.176   0.739
CVMS POS    35.541421000   -89.643513000       72936.623   0.788   0.682   2.851
CVMS VEL          -0.350         -13.663          -2.041   0.120   0.102   0.459
CVO1 POS    45.610919000  -122.496135000       66660.810   1.499   1.093   4.450
CVO1 VEL          -6.622          -9.178           0.367   0.201   0.146   0.593
DAEJ POS    36.399427000   127.374486000      116849.831   0.595   0.476   2.178
DAEJ VEL         -12.424          27.440           0.433   0.155   0.131   0.574
DAKA POS    14.684548000   -17.465100000       46163.020  12.805  14.977  58.491
DAKA VEL          15.571          20.954          -0.763   0.636   0.743   2.901
DAKR POS    14.721238000   -17.439463000       51786.704   0.965   1.035   4.250
DAKR VEL          17.362          19.600          -0.488   0.095   0.102   0.419
DAM1 POS    34.333998000  -118.397369000      584085.851  10.533  10.260  44.826
DAM1 VEL          11.540         -38.330           0.730   0.376   0.366   1.601
DAM2 POS    34.334838000  -118.396871000      583418.248   0.503   0.465   2.148
DAM2 VEL          12.863         -36.468           0.116   0.050   0.050   0.225
DAM3 POS    34.333993000  -118.397474000      580016.416   0.728   0.723   3.318
DAM3 VEL          13.814         -36.501           0.004   0.081   0.081   0.367
DANE POS    74.311949000   -20.199832000      177124.327   0.521   0.410   2.216
DANE VEL          20.384         -11.019           2.442   0.090   0.070   0.387
DARR POS   -12.843694000   131.132746000      125094.909   4.449   4.911  20.250
DARR VEL          59.596          35.688          -0.996   0.216   0.238   0.983
DARW POS   -12.843694000   131.132746000      125095.432   0.304   0.346   1.404
DARW VEL          59.379          35.811          -1.028   0.039   0.043   0.176
DAV1 POS   -68.577324000    77.972612000       44387.102   0.835   0.625   2.885
DAV1 VEL          -5.137          -2.987          -1.426   0.091   0.067   0.311
DCUT POS    40.412763000  -111.527571000     1797278.848   1.120   0.924   3.864
DCUT VEL          -8.097         -14.058           0.279   0.092   0.076   0.318
DDMN POS    37.744182000  -118.981194000     2265460.082   0.742   0.604   2.490
DDMN VEL          -2.258         -21.029           0.962   0.154   0.125   0.525
DDSN POS    43.118790000  -123.244245000      953101.786   0.520   0.392   1.593
DDSN VEL          -4.907         -12.926          -0.168   0.042   0.032   0.133
DEAR POS   -30.665204000    23.992642000     1321723.513   0.813   0.747   3.029
DEAR VEL          18.972          16.706           1.073   0.083   0.079   0.309
DECH POS    38.051488000  -119.090607000     1947568.840   0.537   0.436   1.746
DECH VEL          -2.026         -22.029          -1.268   0.096   0.077   0.321
DEFI POS    41.277029000   -84.413579000      181885.063   2.040   1.652   6.739
DEFI VEL           1.978         -16.260          -1.861   0.133   0.107   0.437
DENT POS    50.933709000     3.399676000       63873.219   0.490   0.357   1.426
DENT VEL          16.139          17.485          -0.455   0.068   0.049   0.197
DESC POS    32.829921000  -116.641805000      957257.717   0.422   0.369   1.497
DESC VEL          16.613         -39.911          -1.588   0.101   0.088   0.350
DET1 POS    42.297349000   -83.095302000      145012.789   2.150   1.672   7.073
DET1 VEL           1.217         -15.422          -1.242   0.088   0.069   0.290
DEVI POS   -81.476723000   161.977085000       67009.745   1.173   1.060   6.890
DEVI VEL         -11.777           6.964           1.222   0.092   0.082   0.538
DGAR POS    -7.269679000    72.370248000      -64930.369   0.574   0.659   2.468
DGAR VEL          33.106          46.605          -0.194   0.050   0.057   0.223
DGAV POS    -7.269679000    72.370248000      -64940.757   2.476   2.855  11.226
DGAV VEL          33.165          46.446          -0.479   0.214   0.245   0.965
DGJG POS    71.786535000   -29.850211000     1494189.673   0.572   0.417   2.143
DGJG VEL          18.781         -14.343           1.799   0.131   0.095   0.491
DHLG POS    33.389806000  -115.788033000      -83045.020   0.434   0.377   1.570
DHLG VEL          -1.082         -22.927          -0.444   0.087   0.074   0.304
DIAB POS    37.878575000  -121.915633000      990395.399   0.621   0.475   2.395
DIAB VEL           0.174         -23.887           0.700   0.079   0.059   0.308
DIXN POS    38.468715000  -121.828646000       -9196.245   0.431   0.356   1.489
DIXN VEL          -3.369         -23.199          -2.573   0.097   0.080   0.331
DKSG POS    76.351622000   -61.677681000      609842.867   1.048   0.857   4.763
DKSG VEL           8.776         -21.702          13.288   0.080   0.063   0.367
DLF1 POS    51.986022000     4.387466000       75816.729   1.975   1.421   5.548
DLF1 VEL          16.122          17.511           0.227   0.458   0.329   1.283
DLFT POS    51.986015000     4.387569000       74219.486   1.914   1.395   5.614
DLFT VEL          15.619          17.656          -0.892   0.101   0.074   0.297
DLNO POS    35.749996000  -119.243102000       63187.753   0.823   0.692   2.859
DLNO VEL           0.755         -24.780          -7.584   0.340   0.287   1.159
DLUZ POS    33.430589000  -117.307226000      212706.960   0.623   0.542   2.148
DLUZ VEL          17.375         -38.421          -1.497   0.086   0.073   0.287
DNRC POS    39.160088000   -75.523603000      -15217.200   0.484   0.400   1.644
DNRC VEL           4.462         -14.893          -2.143   0.091   0.077   0.292
DNVK POS   -40.298851000   176.166653000      457598.505   0.561   0.466   1.779
DNVK VEL          29.513         -16.584          -2.719   0.234   0.191   0.739
DOAR POS    17.021142000   -99.650740000      220520.656   8.356   9.607  41.047
DOAR VEL          14.382           3.218         -10.982   0.459   0.527   2.256
DODM POS    -6.186454000    35.748176000     1122573.096   3.876   4.474  16.749
DODM VEL          17.504          23.746          -0.740   0.295   0.341   1.271
DOND POS    37.264254000  -119.690129000      665863.340   0.977   0.730   3.386
DOND VEL          -2.919         -22.586           0.503   0.183   0.136   0.610
DONO POS    36.692497000  -119.017980000     1187883.855   0.918   0.759   3.350
DONO VEL          -1.789         -21.888           1.568   0.257   0.218   0.929
DOUR POS    50.094880000     4.594958000      282694.670   0.990   0.737   2.877
DOUR VEL          15.969          18.403           0.329   0.054   0.040   0.155
DQUA POS    34.110657000   -94.289902000      169684.798   3.180   2.884  12.117
DQUA VEL          -1.849         -13.566          -1.234   0.168   0.153   0.637
DRAG POS    31.593205000    35.392075000       31872.888   0.513   0.451   1.851
DRAG VEL          20.312          23.071           3.005   0.026   0.023   0.097
DRAO POS    49.322617000  -119.624986000      541877.839   0.443   0.313   1.291
DRAO VEL         -10.211         -13.015           0.323   0.072   0.050   0.208
DREJ POS    51.029831000    13.729717000      203638.425   5.676   4.136  16.675
DREJ VEL          16.675          19.893           0.424   0.268   0.195   0.788
DRES POS    51.029829000    13.729699000      203046.749   1.870   1.368   5.403
DRES VEL          15.362          19.669           0.151   0.150   0.110   0.433
DREW POS    36.005849000  -119.958370000       44027.800   1.248   1.047   4.527
DREW VEL           7.367         -24.021          -3.970   0.949   0.796   3.410
DRV1 POS    36.958658000   -76.556646000      -22852.056   4.237   3.617  15.219
DRV1 VEL           5.412         -13.734          -2.611   0.192   0.163   0.685
DS13 POS    35.247780000  -116.791467000     1044165.355   0.606   0.522   2.148
DS13 VEL          -3.688         -15.854          -0.097   0.164   0.141   0.576
DSEA POS    31.036919000    35.368823000     -361017.917   2.863   2.896  12.089
DSEA VEL          21.485          24.364          -0.699   0.088   0.082   0.353
DSHS POS    34.023935000  -118.348549000       -2123.587   3.414   2.940  12.369
DSHS VEL          17.245         -36.860          -0.390   0.196   0.169   0.710
DSME POS    33.036480000  -117.249543000       56107.902   0.495   0.431   1.798
DSME VEL          17.534         -39.415          -1.351   0.094   0.080   0.329
DSRC POS    39.991430000  -105.261036000     1656264.693   0.683   0.549   2.220
DSRC VEL          -6.203         -14.755          -1.945   0.049   0.040   0.161
DSSC POS    33.733333000  -116.712095000     1660868.131   0.586   0.585   2.584
DSSC VEL           9.247         -28.716           0.291   0.065   0.063   0.278
DUBO POS    50.258808000   -95.866186000      245288.975   0.436   0.304   1.325
DUBO VEL          -4.238         -17.473           0.618   0.045   0.031   0.135
DUBP POS    37.727624000  -121.855141000      202749.321   2.523   2.040   8.270
DUBP VEL           3.509         -27.615           0.888   0.557   0.444   1.816
DUBR POS    42.649987000    18.110440000      454257.578   4.203   3.319  13.300
DUBR VEL          17.942          23.045          -1.540   0.292   0.230   0.923
DUCK POS    36.182153000   -75.751202000      -26784.413   9.505   8.153  36.895
DUCK VEL           4.164         -13.677          -1.762   0.429   0.368   1.664
DUM1 POS   -66.665087000   140.001937000       -1361.037   1.634   1.139   5.566
DUM1 VEL         -11.822           7.872          -0.642   0.089   0.062   0.303
DUND POS   -45.883659000   170.597159000      386921.410   0.703   0.548   2.096
DUND VEL          30.719         -32.787          -1.931   0.134   0.101   0.392
DUNT POS   -45.814311000   170.629399000       13438.470   0.755   0.587   2.324
DUNT VEL          30.911         -33.047          -1.395   0.153   0.117   0.467
DUPT POS   -64.804950000   -62.816897000       43619.353   1.003   0.635   3.151
DUPT VEL          10.473          12.618           8.729   0.154   0.098   0.473
DUTC POS    53.905011000  -166.548487000      106526.961   0.513   0.374   1.531
DUTC VEL         -21.533          -7.402           3.143   0.119   0.087   0.353
DVLE POS    33.700587000  -117.000692000      532519.390   3.331   2.846  11.749
DVLE VEL          13.889         -33.443           2.197   0.222   0.190   0.782
DVLS POS    33.691138000  -117.053631000      508589.876   2.375   1.908   8.776
DVLS VEL          12.208         -34.526          -0.542   0.155   0.126   0.575
DVLW POS    33.657697000  -117.067443000      528051.952   1.920   1.589   6.891
DVLW VEL          13.527         -34.976           0.505   0.116   0.096   0.414
DVNE POS    33.693538000  -116.993717000      508317.793   3.894   3.812  17.415
DVNE VEL          12.359         -34.543          -4.933   0.299   0.293   1.329
DVNW POS    33.673405000  -117.066122000      508822.009   5.647   4.638  22.222
DVNW VEL          14.670         -35.186         -11.772   0.554   0.461   2.115
DVPB POS    34.413414000  -117.860134000     1430852.950   0.445   0.360   1.564
DVPB VEL           9.230         -31.267           0.619   0.056   0.044   0.192
DVSE POS    33.680803000  -116.990397000      508315.770   4.734   4.895  23.506
DVSE VEL          12.552         -37.822          -5.284   0.351   0.317   1.512
DVSW POS    33.667909000  -117.066057000      508958.424   6.339   5.699  25.295
DVSW VEL          12.924         -34.862          -9.422   0.538   0.484   2.141
DWH1 POS    47.774103000  -122.080159000      108986.609  10.005   7.731  41.709
DWH1 VEL          -8.696         -10.373          -3.161   0.490   0.378   2.038
DYER POS    37.742802000  -118.039340000     1511946.543   3.384   2.811  11.396
DYER VEL          -7.033         -16.796           0.421   0.185   0.154   0.623
DYH2 POS    33.938316000  -118.127466000       10808.059   0.653   0.562   2.247
DYH2 VEL          16.411         -38.933          -1.528   0.181   0.154   0.611
DYHS POS    33.937991000  -118.125991000        1450.469   2.557   2.230   9.553
DYHS VEL          16.070         -42.437          -0.333   0.155   0.137   0.585
DYNG POS    38.078552000    23.932436000      510568.186   0.467   0.387   1.520
DYNG VEL         -12.233           7.213           0.369   0.118   0.099   0.389
EBBE POS     0.038195000    32.444948000     1181242.023   6.885   8.359  30.612
EBBE VEL          16.014          25.087          -4.214   0.494   0.600   2.198
EBMD POS    37.815010000  -122.283812000      -15824.612   0.655   0.527   2.110
EBMD VEL          13.308         -30.916          -1.190   0.220   0.177   0.695
EBRE POS    40.820891000     0.492367000      107786.923   0.326   0.264   1.058
EBRE VEL          16.105          19.883          -0.282   0.038   0.030   0.124
ECCO POS    33.886756000  -118.329033000      -19312.158   5.767   4.714  20.926
ECCO VEL          19.206         -37.219           1.922   0.278   0.227   1.009
ECFS POS    33.647687000  -117.411702000      801390.359   0.470   0.402   1.594
ECFS VEL          15.945         -36.676          -0.892   0.100   0.084   0.334
ECHO POS    37.915532000  -114.264251000     1684100.743   0.385   0.315   1.240
ECHO VEL          -9.038         -16.033          -0.601   0.047   0.038   0.148
ECSD POS    43.733699000   -96.614011000      444336.655   0.477   0.375   1.444
ECSD VEL          -3.041         -15.804          -3.171   0.086   0.066   0.261
EDOC POS    70.310268000  -148.318487000       22334.364   0.591   0.405   2.178
EDOC VEL         -19.071          -8.852          -5.186   0.096   0.067   0.350
EDPP POS    34.946195000  -118.830414000      379847.984   0.409   0.341   1.416
EDPP VEL           5.272         -28.073           0.820   0.092   0.075   0.316
EGAN POS    39.345242000  -114.938858000     1998262.192   0.373   0.302   1.216
EGAN VEL          -9.650         -16.470          -0.257   0.060   0.048   0.194
EIL1 POS    64.687935000  -147.112969000      176561.709   3.144   2.164   9.814
EIL1 VEL         -23.660          -6.297           3.280   0.167   0.114   0.522
EIL2 POS    64.687935000  -147.112969000      176541.452   4.655   3.240  14.549
EIL2 VEL         -23.566          -6.134           2.118   0.259   0.180   0.811
EISL POS   -27.148211000  -109.383275000      114495.933   4.153   3.989  19.046
EISL VEL          -6.372          67.962          -1.479   0.155   0.149   0.705
EKY1 POS    27.600418000   -82.760326000      -18614.966  13.035  13.133  55.339
EKY1 VEL           1.272         -13.282          -2.698   0.482   0.485   2.044
ELA2 POS   -35.180208000   -69.813644000     1867634.848   3.631   3.179  12.914
ELA2 VEL          14.749         -22.721          -0.307   0.321   0.283   1.146
ELAT POS    29.509283000    34.920606000       29536.656   0.547   0.540   2.374
ELAT VEL          21.218          25.263           0.462   0.089   0.087   0.387
ELEN POS    16.916056000   -89.867615000      118134.234   1.504   1.714   6.556
ELEN VEL           0.994          -7.455           1.122   0.114   0.129   0.497
ELIZ POS    49.873052000  -127.122666000      164759.601   0.583   0.399   1.844
ELIZ VEL          -7.736          -6.644           2.355   0.134   0.092   0.426
ELKO POS    40.914689000  -115.817202000     2016886.930   0.370   0.289   1.142
ELKO VEL          -9.632         -17.212           0.125   0.063   0.048   0.191
ELLY POS    33.583500000  -118.128792000       -2900.732   0.693   0.627   2.924
ELLY VEL          18.731         -38.746          -3.408   0.145   0.129   0.558
ELRO POS    33.182013000    35.770654000     1083169.490   1.202   1.025   4.754
ELRO VEL          22.750          22.426           0.342   0.084   0.072   0.324
ELSC POS    34.029736000  -118.208440000       61128.058   0.492   0.476   2.084
ELSC VEL          13.690         -37.888          -1.682   0.052   0.048   0.200
ELSG POS    33.649143000  -117.426026000      811326.889   0.746   0.641   2.611
ELSG VEL          16.184         -36.643          -1.069   0.166   0.142   0.574
ELSR POS    47.497603000  -122.760586000      115176.494   1.046   0.749   3.028
ELSR VEL          -8.051          -8.358          -0.472   0.242   0.172   0.701
ELTN POS    34.703118000  -118.425735000      916491.516   0.640   0.544   2.186
ELTN VEL           7.634         -27.813           0.737   0.167   0.142   0.562
ELTS POS    34.599292000  -118.453767000      887080.523   4.197   3.416  13.867
ELTS VEL          10.972         -30.844          -1.216   0.359   0.292   1.188
ENG1 POS    29.878962000   -89.941731000      -18501.656   5.947   5.556  24.198
ENG1 VEL          -1.290         -12.277          -1.489   0.151   0.141   0.599
ENUM POS    47.206206000  -121.955586000      227038.740   0.675   0.466   1.984
ENUM VEL          -8.002         -10.222          -2.101   0.238   0.166   0.701
EOUT POS    41.253195000  -111.928912000     1677837.737   0.712   0.549   3.139
EOUT VEL          -8.910         -14.910           0.051   0.052   0.040   0.230
EPRT POS    44.908711000   -66.992135000       30359.887   1.381   1.057   4.318
EPRT VEL           7.124         -15.480          -0.333   0.105   0.080   0.336
EPZA POS    10.140939000   -85.568064000      668557.066   0.602   0.738   2.703
EPZA VEL          23.614          13.070          -4.495   0.120   0.145   0.538
ERLA POS    39.023206000   -84.605912000      253887.856   3.771   3.052  12.225
ERLA VEL           1.324         -14.656           0.086   0.180   0.145   0.583
ERRG POS    33.116446000  -115.822737000      -92399.576   0.690   0.605   2.481
ERRG VEL           6.155         -28.320          -0.391   0.145   0.125   0.508
ESCO POS    42.693579000     0.975671000     2508429.875   0.680   0.541   2.103
ESCO VEL          16.484          19.369          -0.084   0.048   0.036   0.151
ESCU POS    47.073406000   -64.798715000      -16011.824   0.729   0.527   2.086
ESCU VEL           8.114         -15.644          -0.678   0.066   0.049   0.195
ESE2 POS    33.674796000  -116.993864000      512812.013   4.079   3.333  14.428
ESE2 VEL          13.559         -33.585           1.296   0.298   0.243   1.052
ESRW POS    33.681782000  -117.066958000      548597.625   2.744   2.416  10.599
ESRW VEL          13.000         -34.689          -0.199   0.185   0.163   0.715
ESTI POS    13.099539000   -86.362124000      852769.308  14.902  17.805  68.229
ESTI VEL          13.666          14.841           4.556   0.614   0.734   2.811
EUSK POS    50.674135000     6.763540000      245289.457   0.696   0.515   2.014
EUSK VEL          16.673          18.412          -1.367   0.064   0.047   0.187
EWPP POS    34.104200000  -117.525592000      330464.750   0.454   0.385   1.853
EWPP VEL          11.865         -34.098          -0.487   0.091   0.076   0.357
FAA1 POS   -17.555308000  -149.614311000       12027.822   0.612   0.676   2.691
FAA1 VEL          34.228         -65.822          -1.239   0.064   0.071   0.272
FAIR POS    64.977995000  -147.499243000      319023.293   0.594   0.357   1.825
FAIR VEL         -21.854          -8.321           0.331   0.107   0.065   0.333
FALE POS   -13.832207000  -171.999538000       47471.854   0.680   0.800   3.013
FALE VEL          33.269         -63.713          -2.107   0.055   0.065   0.243
FALK POS   -51.693650000   -57.874067000       50833.129   0.794   0.551   2.313
FALK VEL          13.098           0.196          -0.601   0.076   0.054   0.233
FALL POS   -85.306417000  -143.631678000      260270.414   0.936   0.928   6.326
FALL VEL          -5.053          12.031           4.483   0.083   0.082   0.559
FARB POS    37.697213000  -123.000776000      -21768.695   0.492   0.401   1.643
FARB VEL          25.659         -38.966          -1.897   0.046   0.037   0.158
FAYR POS    35.034033000   -78.870766000       15506.940   9.376   8.375  36.647
FAYR VEL           4.040         -13.283          -1.380   0.444   0.395   1.734
FBYN POS    40.076871000   -97.312824000      405348.162   3.652   3.001  12.131
FBYN VEL          -2.740         -14.047           1.543   0.201   0.165   0.666
FDTC POS    34.245236000   -79.812900000       15208.182  10.505  10.215  50.008
FDTC VEL           5.579          -5.824           3.415   0.493   0.480   2.341
FEI1 POS    29.539611000   -98.415636000      228236.765   8.807   8.205  34.432
FEI1 VEL          -3.674         -11.952           2.451   0.584   0.545   2.288
FERN POS    35.341871000  -112.454740000     1767904.406   0.615   0.528   2.082
FERN VEL          -8.071         -14.293          -0.497   0.040   0.033   0.135
FFMJ POS    50.090581000     8.664972000      178213.005   0.688   0.511   1.995
FFMJ VEL          15.846          19.162          -0.718   0.067   0.049   0.191
FGST POS    34.733013000  -120.009389000      904084.469   0.481   0.410   1.662
FGST VEL          19.768         -41.690           0.718   0.032   0.027   0.110
FHOG POS    34.093547000  -116.935873000     1588679.500   0.573   0.406   1.979
FHOG VEL           6.085         -25.794           0.866   0.083   0.058   0.281
FIE0 POS   -76.144595000   168.423532000      153797.205   5.929   4.546  28.078
FIE0 VEL         -10.942          10.144          -1.008   0.453   0.347   2.149
FLIN POS    54.725583000  -101.978040000      311585.444   0.558   0.387   1.625
FLIN VEL          -7.021         -17.695           2.221   0.064   0.043   0.188
FLM5 POS   -77.532732000   160.271415000     1869707.004   1.096   0.885   5.232
FLM5 VEL         -12.374           8.304           2.386   0.528   0.422   2.600
FLRS POS    39.453838000   -31.126390000       80180.555   0.447   0.353   1.447
FLRS VEL          20.243         -10.212          -1.973   0.048   0.037   0.154
FMTP POS    34.409867000  -118.894151000      362761.845   0.549   0.473   1.899
FMTP VEL          14.688         -37.750          -0.391   0.080   0.067   0.270
FMVT POS    34.356339000  -118.884039000      616979.527   0.446   0.382   1.527
FMVT VEL          17.995         -39.029           0.259   0.102   0.087   0.346
FONP POS   -65.245352000   -61.646846000       95641.254   3.364   2.273  10.825
FONP VEL           7.271          15.305          13.906   0.250   0.169   0.806
FOOT POS    39.369395000  -113.805377000     1547373.828   0.367   0.300   1.198
FOOT VEL          -9.151         -16.387          -0.295   0.043   0.035   0.144
FORE POS    40.511895000  -111.380331000     1796655.506   0.437   0.349   1.388
FORE VEL          -8.338         -14.505          -0.004   0.085   0.066   0.265
FORT POS    -3.877443000   -38.425613000       19408.952   4.002   4.490  19.517
FORT VEL          12.644          -4.232          -1.746   0.164   0.184   0.799
FOXG POS    34.733913000  -118.240504000      688762.638   0.706   0.596   2.420
FOXG VEL           6.973         -25.547          -3.464   0.266   0.225   0.905
FRDN POS    45.933508000   -66.659884000       94848.329   0.427   0.315   1.287
FRDN VEL           7.264         -15.700           0.168   0.046   0.034   0.138
FRED POS    36.988331000  -112.499220000     1529716.874   0.332   0.276   1.087
FRED VEL          -8.530         -14.297          -0.593   0.049   0.041   0.162
FREO POS    40.201667000   -81.257848000      273451.691   0.733   0.590   2.352
FREO VEL           2.294         -15.097          -1.267   0.078   0.063   0.262
FSHB POS    32.944990000  -115.799946000      134995.247   1.107   0.900   4.768
FSHB VEL          11.582         -32.294           1.964   0.117   0.101   0.475
FST1 POS    35.221774000  -111.817401000     2136120.363   4.760   4.222  17.812
FST1 VEL          -2.403         -19.053          -4.123   0.228   0.202   0.852
FTNA POS   -14.307799000  -178.120953000       84849.710   0.995   1.126   4.370
FTNA VEL          34.406         -60.076          -1.780   0.080   0.089   0.349
FTS1 POS    46.204887000  -123.956096000      -13902.070   3.634   2.584  10.969
FTS1 VEL          -3.876          -4.067           1.438   0.177   0.126   0.534
FUNC POS    32.647951000   -16.907612000       78416.663   0.749   0.643   2.805
FUNC VEL          17.597          14.508          -0.677   0.084   0.071   0.312
FVPK POS    33.662330000  -117.935722000      -11559.760   0.543   0.464   1.979
FVPK VEL          19.212         -38.007          -0.701   0.161   0.137   0.557
FXHS POS    34.080607000  -118.359486000       33289.525   2.744   2.328  11.048
FXHS VEL          14.173         -40.899          -1.713   0.160   0.137   0.628
FZHS POS    34.800195000  -118.893387000     1273731.156   0.410   0.346   1.466
FZHS VEL           8.277         -32.056           1.117   0.080   0.067   0.282
G102 POS    42.078782000   139.489200000       42245.766   1.256   1.028   4.492
G102 VEL         -18.067          19.942          -0.710   0.309   0.253   1.104
G104 POS    39.942107000   139.703479000       44776.077   1.415   1.108   4.917
G104 VEL         -24.370          46.026           0.599   0.422   0.331   1.460
G105 POS    38.563333000   139.545990000       45500.759   1.396   1.121   4.559
G105 VEL         -16.720          48.523          -2.705   0.515   0.416   1.686
G107 POS    35.129382000   140.249457000       39569.418   1.247   1.081   4.644
G107 VEL          -0.525          -0.911           6.555   0.350   0.304   1.298
G109 POS    37.814756000   138.281271000       44870.660   1.529   1.200   4.930
G109 VEL         -12.594          49.937           4.040   0.524   0.423   1.695
G110 POS    37.356544000   138.508531000       45704.783   1.561   1.232   4.982
G110 VEL          -8.077          44.272           3.805   0.525   0.421   1.687
G112 POS    36.254573000   136.148867000       42637.495   1.127   0.930   3.938
G112 VEL          -9.586          30.216          -1.882   0.516   0.430   1.791
G114 POS    34.806898000   138.764202000       47442.806   1.204   0.996   4.735
G114 VEL          -4.560          -4.210           1.014   0.553   0.464   2.186
G115 POS    34.870670000   138.327415000       46484.540   1.080   0.898   3.691
G115 VEL          -2.684           1.300          -2.988   0.265   0.221   0.905
G117 POS    34.144145000   135.191540000       45821.199   1.412   1.086   4.821
G117 VEL          -6.736           9.570           5.505   0.339   0.262   1.159
G118 POS    35.593685000   134.315939000       42499.293   1.217   0.931   4.146
G118 VEL          -8.731          27.481          -2.284   0.499   0.390   1.715
G119 POS    34.627587000   131.604652000       39320.906   1.226   0.992   4.554
G119 VEL          -8.044          24.564          -1.711   0.303   0.245   1.124
G120 POS    33.333500000   133.243502000       43276.719   1.180   1.093   5.014
G120 VEL           3.210          -0.928           7.570   0.532   0.501   2.247
G121 POS    33.473078000   129.849298000       39077.694   2.489   2.177  10.124
G121 VEL         -10.580          27.729           3.092   0.564   0.492   2.282
G122 POS    32.428620000   131.669603000       36529.225   1.625   1.252   5.832
G122 VEL          -8.708          12.106           2.319   0.547   0.433   1.945
G124 POS    26.179464000   127.824678000       38480.397   1.050   0.950   4.078
G124 VEL         -39.668          35.440           1.093   0.258   0.234   0.994
G201 POS    45.407818000   141.685335000       31720.263   1.179   0.860   3.418
G201 VEL          -8.313          10.573           2.380   0.290   0.212   0.843
G202 POS    44.019411000   144.285792000       36566.476   1.205   0.889   3.643
G202 VEL          -0.301          -7.512           4.755   0.296   0.219   0.898
G203 POS    42.975571000   144.371396000       35993.171   1.142   0.856   3.369
G203 VEL           5.915         -17.545           0.491   0.281   0.211   0.830
G204 POS    41.781653000   140.724539000       39661.648   6.872   5.072  20.438
G204 VEL         -18.959          12.334           6.474   0.286   0.213   0.860
G206 POS    34.918793000   139.824920000       45665.722   1.238   1.025   4.304
G206 VEL          12.788          -4.561           3.120   0.348   0.289   1.209
G207 POS    36.762174000   137.224584000       44238.103   1.544   1.203   4.991
G207 VEL          -8.932          35.616          -1.138   0.529   0.423   1.721
G208 POS    33.475947000   135.773190000       46370.181   1.171   0.939   4.211
G208 VEL          -2.664          -6.224          -0.593   0.288   0.231   1.035
G209 POS    34.897311000   132.066219000       39518.288   1.227   0.960   4.813
G209 VEL          -8.348          24.819          -1.294   0.301   0.237   1.184
G211 POS    31.576965000   131.409310000       36869.066   1.573   1.560   7.442
G211 VEL         -19.109          27.969          -1.606   0.499   0.516   2.344
G212 POS    26.213320000   127.665214000       38658.418   1.049   1.060   4.706
G212 VEL         -39.261          35.200           0.340   0.257   0.260   1.143
GABB POS    38.970331000  -117.916395000     1550297.772   3.393   2.716  11.666
GABB VEL          -8.838         -16.442           0.705   0.187   0.150   0.643
GAIT POS    39.133992000   -77.220985000      107630.773   1.374   1.174   4.807
GAIT VEL           3.887         -14.639          -0.544   0.069   0.058   0.243
GAL1 POS    29.329880000   -94.736812000      -17645.156   5.573   5.297  21.644
GAL1 VEL          -3.020         -11.375          -4.214   0.213   0.202   0.829
GALA POS    -0.742693000   -90.303609000        7398.257   4.662   5.414  21.757
GALA VEL          11.215          51.387          -1.478   0.180   0.208   0.841
GALB POS    39.212728000   -84.485476000      142547.009   2.493   2.081   8.988
GALB VEL           1.322         -14.892          -1.496   0.112   0.093   0.403
GANP POS    49.034716000    20.322942000      746038.550   0.726   0.535   2.148
GANP VEL          13.703          20.680          -0.176   0.104   0.077   0.302
GARL POS    40.416525000  -119.355461000     1640223.858   0.522   0.407   1.678
GARL VEL          -7.610         -17.777          -0.817   0.052   0.040   0.170
GASB POS    39.654707000  -122.715934000     1361974.767   4.844   3.618  23.767
GASB VEL          -4.529         -22.272           1.934   0.411   0.306   2.009
GDAC POS    37.775451000  -102.180017000     1134312.660   3.642   3.111  12.953
GDAC VEL          -4.006         -14.314          -0.200   0.182   0.156   0.645
GDEC POS    35.189417000  -119.863688000      566249.072   0.430   0.357   1.495
GDEC VEL          14.075         -35.467          -0.032   0.079   0.064   0.269
GDMA POS    47.748552000   -90.341256000      157367.914   1.342   0.956   4.257
GDMA VEL          -2.111         -17.483          -0.573   0.113   0.082   0.340
GENO POS    44.419391000     8.921149000      155519.872   0.806   0.672   2.907
GENO VEL          15.884          20.883          -0.459   0.055   0.044   0.188
GHRP POS    34.203891000  -117.397901000      628589.684   0.510   0.441   1.832
GHRP VEL           8.238         -30.155           0.238   0.126   0.109   0.448
GILB POS    32.479341000    35.416483000      506835.928   1.615   1.423   6.164
GILB VEL          20.562          22.162           1.248   0.086   0.076   0.329
GISB POS   -38.635332000   177.886035000       87160.922   0.753   0.651   2.536
GISB VEL          22.879          -6.979           0.489   0.259   0.219   0.863
GLDB POS   -40.826587000   172.529563000      302601.372   0.493   0.404   1.551
GLDB VEL          41.927          -0.936          -1.146   0.119   0.094   0.373
GLDR POS    49.681484000  -126.127333000       -9308.043   1.478   1.205   5.600
GLDR VEL          -8.424          -6.735           2.756   0.274   0.223   1.038
GLPS POS    -0.742997000   -90.303663000        1767.216   0.548   0.673   2.236
GLPS VEL          10.682          50.457          -1.300   0.042   0.048   0.177
GLPT POS    37.248541000   -76.499461000      -22095.059   2.924   2.539  10.736
GLPT VEL           4.188         -14.251          -1.885   0.122   0.106   0.451
GLRS POS    33.274811000  -115.521375000      -48655.306   0.400   0.354   1.454
GLRS VEL          -7.985         -16.982          -0.700   0.084   0.073   0.298
GLSV POS    50.364185000    30.496739000      226315.841   0.456   0.325   1.294
GLSV VEL          12.817          22.599          -0.177   0.079   0.057   0.226
GMAG POS    34.291434000  -116.382569000      866743.084   0.840   0.721   2.917
GMAG VEL          -0.400         -17.646           1.145   0.124   0.106   0.427
GMAS POS    27.764786000   -15.634266000      195420.818   2.941   2.678  11.313
GMAS VEL          17.605          16.762          -0.239   0.190   0.173   0.729
GMMA POS    77.809428000   -19.652122000      521881.063   0.407   0.331   1.998
GMMA VEL          20.098         -10.908           4.811   0.042   0.034   0.206
GMPK POS    33.051084000  -114.827348000      591170.263   0.438   0.385   1.585
GMPK VEL          -7.564         -14.090          -0.269   0.074   0.065   0.269
GMRC POS    34.783996000  -115.660232000     1298198.130   0.427   0.359   1.828
GMRC VEL          -8.885         -15.058          -0.497   0.080   0.067   0.335
GMSD POS    30.556443000   131.015569000      142321.922   0.546   0.482   2.035
GMSD VEL         -23.063          31.070           0.126   0.112   0.101   0.415
GNAA POS    62.112382000  -145.970228000      603220.670   3.575   2.672  12.676
GNAA VEL          -5.965         -19.553           7.190   0.282   0.211   1.001
GNPS POS    34.308555000  -114.189453000      232384.184   0.686   0.603   2.398
GNPS VEL          -7.992         -13.871           1.331   0.092   0.080   0.318
GOBS POS    45.838817000  -120.814679000      621458.062   0.418   0.314   1.262
GOBS VEL          -8.862         -11.613          -1.213   0.045   0.033   0.134
GODE POS    39.021728000   -76.826834000       14480.035   0.664   0.562   2.193
GODE VEL           4.197         -14.655          -1.284   0.022   0.019   0.077
GODN POS    39.021179000   -76.827096000       17840.477   0.791   0.684   2.922
GODN VEL           4.206         -14.594          -1.507   0.064   0.055   0.226
GODS POS    39.020518000   -76.827325000       19062.557   0.718   0.590   2.374
GODS VEL           4.528         -14.725          -1.812   0.114   0.093   0.375
GODZ POS    39.021728000   -76.826834000       14473.580   0.402   0.341   1.375
GODZ VEL           4.249         -14.651          -1.426   0.031   0.027   0.110
GOGA POS    33.414748000   -83.473226000      122514.787   2.660   2.325  11.013
GOGA VEL           1.917         -13.604          -0.344   0.165   0.144   0.678
GOL2 POS    35.425155000  -116.889253000      986638.785   0.483   0.408   1.912
GOL2 VEL          -3.821         -16.946          -0.232   0.074   0.063   0.276
GOLD POS    35.425155000  -116.889253000      986639.314   0.374   0.318   1.336
GOLD VEL          -3.612         -16.927          -0.272   0.050   0.042   0.175
GOPE POS    49.913708000    14.785628000      592607.400   0.385   0.278   1.116
GOPE VEL          15.043          20.403           0.352   0.036   0.026   0.107
GOSH POS    40.640167000  -114.179702000     1560189.680   1.350   1.078   4.213
GOSH VEL          -9.361         -16.757          -0.399   0.022   0.018   0.072
GOUG POS   -40.348829000    -9.880711000       81246.464   3.534   2.830  13.879
GOUG VEL          18.779          21.362          -1.110   0.285   0.229   1.144
GR8R POS    36.399015000  -120.415735000      206030.687   1.414   1.185   5.190
GR8R VEL          -0.190         -21.129           1.184   0.203   0.168   0.747
GR8V POS    36.399008000  -120.415778000      204202.092   6.693   5.600  24.027
GR8V VEL          -5.042         -24.748          -2.336   0.327   0.273   1.172
GRAB POS    47.067142000    15.493459000      540162.910   9.988   7.383  29.129
GRAB VEL          15.747          21.335          -0.032   0.415   0.306   1.210
GRAR POS    42.988805000   -85.674347000      155905.952   1.053   0.852   3.402
GRAR VEL           0.608         -16.266          -1.882   0.067   0.053   0.220
GRAS POS    43.754741000     6.920579000     1319313.741   0.675   0.545   2.126
GRAS VEL          16.076          20.399          -0.020   0.032   0.025   0.099
GRAZ POS    47.067133000    15.493486000      538291.095   0.666   0.508   1.960
GRAZ VEL          15.553          21.849          -0.195   0.068   0.051   0.202
GRE0 POS    12.221786000   -61.640452000       16641.517   1.574   1.897   6.876
GRE0 VEL          15.251          13.308          -1.688   0.123   0.152   0.538
GRMD POS    46.795485000  -123.022600000       30726.802   0.562   0.420   1.707
GRMD VEL          -6.825          -8.594          -1.102   0.151   0.110   0.456
GRN5 POS    36.340452000  -121.255256000       50591.698   0.859   0.704   3.025
GRN5 VEL          22.833         -38.433          -1.797   0.251   0.205   0.869
GRNR POS    63.835755000  -148.978342000      596213.712   2.153   1.475   6.756
GRNR VEL         -20.545          -9.998           3.707   0.121   0.083   0.381
GROK POS    78.442701000   -22.903770000     1046000.892   0.721   0.619   3.665
GROK VEL          18.845         -12.486           8.375   0.196   0.167   0.992
GRRG POS    42.937775000  -111.421637000     2198352.555   1.192   0.930   3.721
GRRG VEL          -9.205         -15.813          -0.699   0.099   0.077   0.310
GRZA POS     9.915524000   -85.635615000       39663.881   0.609   0.749   2.674
GRZA VEL          30.724          22.001         -11.715   0.181   0.219   0.803
GTK0 POS    21.432789000   -71.144593000      -31115.312   2.132   2.393   9.605
GTK0 VEL           6.086          -8.190          -2.227   0.147   0.165   0.661
GTRG POS    43.244090000  -113.241217000     1539118.720   0.506   0.390   1.519
GTRG VEL          -9.529         -16.770          -1.125   0.069   0.053   0.208
GUAM POS    13.589330000   144.868360000      201919.782   0.396   0.432   1.917
GUAM VEL           4.526          -7.745          -0.332   0.057   0.062   0.278
GUAO POS    43.471109000    87.177315000     2028735.135   1.180   0.910   3.666
GUAO VEL           5.502          32.370           1.214   0.067   0.052   0.207
GUAT POS    14.590404000   -90.520182000     1519840.632   0.573   0.687   2.488
GUAT VEL           1.103           3.168          -1.019   0.077   0.092   0.333
GUAX POS    28.884063000  -118.289692000       40462.535   0.417   0.391   1.578
GUAX VEL          24.834         -47.718          -0.828   0.055   0.052   0.208
GUS1 POS    58.417484000  -135.697348000       20144.462  10.438   6.817  29.379
GUS1 VEL         -14.369         -13.293          19.324   0.414   0.271   1.169
GUS2 POS    58.417755000  -135.697055000       20339.721   3.979   2.589  11.452
GUS2 VEL         -13.552         -11.662          19.383   0.202   0.132   0.582
GUST POS    41.462751000   -80.716190000      281978.250   0.446   0.362   1.419
GUST VEL           2.556         -15.530          -1.771   0.077   0.062   0.248
GUUG POS    13.433209000   144.802712000      134715.060   0.766   0.866   3.517
GUUG VEL           4.460          -6.822          -1.347   0.093   0.103   0.414
GVLT POS    34.829713000   -82.370945000      248837.099   2.674   2.394   9.793
GVLT VEL           2.080         -13.280          -1.716   0.147   0.131   0.539
GVRS POS    34.047449000  -118.112901000      154478.477   0.454   0.390   1.585
GVRS VEL          13.799         -37.718          -1.213   0.101   0.086   0.344
GWEN POS    45.782632000  -121.327565000      732414.948   8.898   6.254  27.996
GWEN VEL          -8.891         -10.270          -0.249   0.180   0.128   0.562
HAAS POS   -44.073196000   168.785549000     1053559.928   0.642   0.528   2.158
HAAS VEL          40.574         -13.433           0.784   0.108   0.086   0.355
HAL1 POS    20.707419000  -156.256247000     3072850.203   0.604   0.637   2.475
HAL1 VEL          34.055         -61.895          -1.007   0.242   0.255   0.999
HALY POS    29.138871000    36.099922000      861594.015   6.418   5.937  26.181
HALY VEL          23.727          26.777           0.027   0.347   0.320   1.414
HAMM POS    30.513075000   -90.467629000        5875.847   0.532   0.519   1.977
HAMM VEL          -0.416         -12.251          -1.245   0.049   0.047   0.186
HAMT POS   -37.806746000   175.109199000       69410.568   0.664   0.576   2.215
HAMT VEL          39.257           1.707          -1.191   0.114   0.096   0.377
HAR7 POS    35.011541000  -117.299215000      590270.530   0.685   0.582   2.297
HAR7 VEL           2.435         -19.228          -3.471   0.299   0.256   0.975
HARB POS   -25.886959000    27.707248000     1558087.624   0.573   0.560   2.258
HARB VEL          18.507          17.672          -0.207   0.058   0.057   0.234
HARK POS   -25.887104000    27.707764000     1555398.134  17.957  18.405  84.258
HARK VEL          20.267          20.547           0.675   0.664   0.681   3.107
HART POS   -25.887104000    27.707763000     1555365.706  10.948  12.286  46.961
HART VEL          19.599          17.255          -2.192   0.339   0.388   1.445
HARV POS    34.469405000  -120.682075000       14844.184   1.037   0.888   3.689
HARV VEL          24.307         -42.748          -3.102   0.068   0.059   0.247
HAV2 POS    12.035226000    92.980447000      -54919.507   4.594   5.149  20.285
HAV2 VEL           3.519          -6.077          28.425   0.361   0.416   1.555
HBCO POS    33.783649000  -118.285802000      -26887.066   0.675   0.578   2.480
HBCO VEL          19.088         -38.231          -0.858   0.170   0.145   0.610
HBRK POS    38.304649000   -97.293528000      412603.196   1.480   1.247   5.016
HBRK VEL          -3.290         -13.971           0.495   0.090   0.075   0.307
HCES POS    36.332605000   -89.171770000       77912.058   0.514   0.458   1.860
HCES VEL          -0.294         -13.700           0.161   0.114   0.102   0.446
HCMN POS    34.754773000  -116.430079000      568744.874   0.409   0.348   1.384
HCMN VEL          -5.328         -18.546          -0.280   0.096   0.081   0.322
HCRO POS    40.815916000  -121.469903000     1000086.054   0.561   0.438   1.736
HCRO VEL          -6.382         -19.074           0.074   0.056   0.043   0.171
HDF1 POS    43.270825000   -73.539125000       41752.153   4.705   3.753  15.740
HDF1 VEL          -8.569         -16.679          -1.836   0.194   0.149   0.629
HDIL POS    40.555886000   -89.293992000      199908.667   1.527   1.406   6.366
HDIL VEL           0.288         -15.517          -1.431   0.112   0.092   0.394
HDPW POS    59.641681000  -151.531192000       20918.249   0.789   0.532   2.375
HDPW VEL         -23.217          -9.022           8.852   0.222   0.153   0.661
HEBE POS    40.514098000  -111.372721000     1806367.009   5.623   4.518  21.073
HEBE VEL          -8.789         -14.947           1.068   0.281   0.225   1.050
HELB POS    36.678842000  -119.022969000     1105330.319   1.523   1.326   5.799
HELB VEL          -0.310         -21.432          -1.175   0.225   0.196   0.864
HELG POS    54.174484000     7.893097000       48399.296   0.722   0.516   2.092
HELG VEL          15.862          18.002           0.037   0.068   0.048   0.195
HELJ POS    54.174484000     7.893097000       48404.435   9.758   6.799  28.361
HELJ VEL          16.386          17.540           0.290   0.442   0.308   1.286
HELL POS    36.723646000  -116.979206000      659992.605   8.473   7.046  28.760
HELL VEL          -7.703         -15.918          -0.043   0.472   0.393   1.602
HERS POS    50.867317000     0.336277000       76468.708   0.395   0.284   1.127
HERS VEL          16.580          17.047          -0.235   0.044   0.032   0.124
HERT POS    50.867483000     0.334358000       83327.080   0.721   0.524   2.090
HERT VEL          16.451          17.146          -0.163   0.096   0.069   0.275
HFLK POS    47.312908000    11.386098000     2383989.723   2.106   1.581   6.322
HFLK VEL          16.660          20.981           1.841   0.099   0.073   0.300
HIKB POS   -37.561037000   178.303354000      107300.570   0.675   0.596   2.322
HIKB VEL          20.052           6.416          -0.131   0.066   0.056   0.226
HIL1 POS   -31.825513000   115.738591000      -27289.706   0.612   0.566   2.251
HIL1 VEL          57.380          38.686          -3.017   0.079   0.073   0.296
HILB POS    36.052835000   -79.102536000      171037.399   1.737   1.534   6.148
HILB VEL           3.628         -14.010          -1.042   0.098   0.086   0.347
HILO POS    19.719189000  -155.052707000       29256.430   1.677   1.852   7.036
HILO VEL          35.494         -62.199          -1.757   0.094   0.103   0.393
HIPT POS    35.965699000   -80.013601000      266583.811   0.395   0.346   1.360
HIPT VEL           3.308         -14.024          -1.226   0.042   0.037   0.145
HIVI POS    34.759921000  -117.799458000      930864.880   0.432   0.380   1.694
HIVI VEL           4.573         -23.346          -0.254   0.095   0.083   0.360
HKLO POS    35.682754000   -95.863388000      191114.872   2.567   2.292   9.305
HKLO VEL          -2.772         -14.133          -0.260   0.156   0.139   0.564
HKSL POS    22.372002000   113.927990000       95265.720   0.577   0.597   2.489
HKSL VEL         -11.891          32.375          -0.159   0.168   0.174   0.712
HKWS POS    22.434280000   114.335386000       63763.176   0.582   0.587   2.396
HKWS VEL         -12.407          32.320           0.251   0.169   0.172   0.690
HLFX POS    44.683551000   -63.611284000        3091.781   0.753   0.537   2.281
HLFX VEL           8.810         -15.381          -0.814   0.031   0.023   0.096
HLID POS    43.562579000  -114.414049000     1769687.536   2.288   1.662   8.880
HLID VEL         -10.224         -15.868          -0.998   0.137   0.100   0.534
HMBG POS    73.675984000   -28.129075000     1322929.930   0.638   0.473   2.627
HMBG VEL          18.978         -13.601           1.221   0.134   0.098   0.553
HMTG POS    33.708098000  -117.001507000      577006.068   0.879   0.756   2.993
HMTG VEL          12.780         -33.404          -2.164   0.236   0.202   0.800
HNLC POS    21.303295000  -157.864558000       21960.406   0.360   0.392   1.559
HNLC VEL          34.592         -62.861          -0.319   0.026   0.028   0.112
HNPS POS    33.705005000  -115.635339000      393930.528   0.453   0.381   1.812
HNPS VEL          -7.370         -16.919          -0.672   0.094   0.077   0.362
HNPT POS    38.588817000   -76.130377000      -28013.238   0.757   0.637   2.578
HNPT VEL           4.284         -14.547          -2.176   0.035   0.029   0.118
HNUS POS   -34.424628000    19.223065000       63051.155   0.862   0.751   3.010
HNUS VEL          19.349          16.524           0.554   0.084   0.074   0.296
HOB2 POS   -42.804702000   147.438738000       41038.202   0.708   0.538   2.176
HOB2 VEL          55.596          14.110          -1.284   0.071   0.054   0.219
HOBU POS    53.050635000    10.476309000      152235.642   0.712   0.512   2.069
HOBU VEL          15.546          18.509           0.269   0.055   0.040   0.157
HOFN POS    64.267295000   -15.197914000       82961.567   0.747   0.525   2.282
HOFN VEL          14.990          13.803          11.155   0.095   0.066   0.294
HOGS POS    35.866718000  -120.479504000      762861.814   1.111   0.795   4.013
HOGS VEL          18.668         -35.257           1.905   0.094   0.076   0.332
HOKI POS   -42.712898000   170.984315000       53670.215   0.517   0.412   1.586
HOKI VEL          42.399          -3.756           0.160   0.160   0.124   0.483
HOL3 POS    34.458157000  -117.845133000     1239419.832   0.382   0.325   1.299
HOL3 VEL           7.977         -29.243           0.639   0.052   0.044   0.174
HOLB POS    50.640351000  -128.135001000      559639.217   0.489   0.341   1.372
HOLB VEL         -11.243         -11.692           2.192   0.104   0.072   0.291
HOLC POS    34.458188000  -117.845168000     1238138.626   6.555   5.714  23.820
HOLC VEL           7.935         -30.494          -0.683   0.297   0.259   1.081
HOLM POS    70.736302000  -117.761245000         482.478   0.690   0.495   2.581
HOLM VEL         -12.276         -17.390           2.847   0.043   0.031   0.160
HOLP POS    33.924543000  -118.168179000       -6764.155   0.730   0.640   2.599
HOLP VEL          15.701         -38.617          -3.503   0.173   0.149   0.607
HOPB POS    38.995186000  -123.074734000      353240.189   0.879   0.715   2.833
HOPB VEL           9.793         -30.793          -0.704   0.134   0.106   0.432
HORN POS   -43.777323000   170.105505000      960451.946   0.503   0.475   2.073
HORN VEL          33.663         -23.129           4.330   0.137   0.130   0.572
HOTK POS    37.658587000  -118.821254000     2143287.741   0.781   0.664   2.763
HOTK VEL          -3.690         -15.769           4.902   0.271   0.217   0.892
HOUS POS    29.779419000   -95.432995000       11852.285  10.753  10.416  44.053
HOUS VEL          -1.965         -13.355          -5.601   0.432   0.417   1.769
HOWE POS   -87.415656000  -149.433224000     2582557.757   1.055   1.074   7.637
HOWE VEL          -5.759          14.309          -0.838   0.131   0.135   0.950
HPIG POS    43.713278000  -113.100133000     2640696.898   1.203   0.908   3.815
HPIG VEL          -9.794         -16.205          -0.098   0.084   0.064   0.267
HRAO POS   -25.890101000    27.686984000     1414156.493   0.354   0.347   1.436
HRAO VEL          18.455          17.630           0.589   0.036   0.035   0.146
HRDG POS    81.879833000   -44.517388000      718479.727   0.670   0.615   3.903
HRDG VEL          14.280         -17.674           8.606   0.184   0.167   1.070
HRM1 POS    51.453747000    -1.283885000      163004.539   1.658   1.194   4.806
HRM1 VEL          16.627          16.496          -0.492   0.080   0.057   0.231
HRM2 POS    51.453747000    -1.283885000      163007.397   4.656   3.402  13.421
HRM2 VEL          16.322          16.646          -0.338   0.263   0.192   0.757
HRMN POS    33.308313000    35.785453000     2091740.917   0.712   0.619   2.512
HRMN VEL          22.479          22.330           0.434   0.076   0.068   0.278
HRST POS    49.667445000   -83.511051000      228508.940   0.801   0.592   2.350
HRST VEL           1.395         -16.947           6.939   0.138   0.103   0.410
HTV1 POS    36.357710000   -86.089509000      167327.899   2.904   2.469  10.399
HTV1 VEL           0.397         -13.732          -0.388   0.131   0.111   0.466
HUA2 POS    10.017732000   -85.351693000      594181.928   0.473   0.572   1.990
HUA2 VEL          24.057          15.503          -4.412   0.109   0.130   0.461
HUEG POS    47.833951000     7.596172000      278303.823   0.524   0.391   1.538
HUEG VEL          16.078          19.584           0.121   0.065   0.049   0.192
HUGO POS   -64.962561000   -65.667536000       20652.609   1.487   1.043   4.784
HUGO VEL          10.705          14.994           0.541   0.096   0.069   0.314
HUNT POS    35.880813000  -120.402388000      449342.872   0.874   0.754   3.103
HUNT VEL           8.004         -26.371           2.572   0.146   0.121   0.509
HURR POS    37.063870000  -113.574734000      924436.269   3.179   2.522  10.302
HURR VEL          -8.557         -14.813          -1.207   0.184   0.146   0.596
HUSB POS    44.119525000  -121.849365000     2038527.965   0.479   0.350   1.517
HUSB VEL          -5.009         -13.843           5.225   0.079   0.057   0.240
HVLK POS    37.651467000   -99.106763000      621306.170   2.775   2.357   9.674
HVLK VEL          -4.202         -14.609          -0.004   0.202   0.171   0.701
HVWY POS    44.613599000  -110.535966000     2406770.878   1.619   1.231   4.890
HVWY VEL         -12.750         -13.954         -13.041   0.191   0.140   0.560
HVYS POS    34.441233000  -119.187549000      373933.681   0.867   0.732   3.038
HVYS VEL          14.059         -38.966          -1.071   0.060   0.050   0.213
HW62 POS    34.064956000  -114.844706000      220779.049   3.337   2.795  11.238
HW62 VEL          -9.600         -14.519           0.341   0.249   0.208   0.837
HWUT POS    41.607239000  -111.565119000     1714935.151   0.564   0.446   1.778
HWUT VEL          -8.537         -14.632          -1.067   0.115   0.090   0.365
HYDE POS    17.417265000    78.550877000      441708.691   0.890   1.085   4.118
HYDE VEL          35.120          40.634          -0.680   0.092   0.108   0.412
I40A POS    34.727323000  -115.911452000      765308.122   0.384   0.328   1.330
I40A VEL          -8.656         -15.233           0.074   0.068   0.057   0.233
IBEC POS     0.350158000   -78.115687000     2246187.773   0.758   0.888   3.214
IBEC VEL          10.349          -2.339          -2.722   0.325   0.375   1.370
IBEX POS    35.848382000  -116.367838000      700953.583   6.580   5.500  22.238
IBEX VEL          -8.027         -15.381          -0.123   0.367   0.307   1.242
ICIG POS    44.330338000  -112.941499000     2502421.977   1.209   0.914   4.177
ICIG VEL          -9.636         -15.480          -0.447   0.092   0.069   0.318
IDOG POS    33.796798000  -116.221518000      434937.908   0.539   0.463   1.941
IDOG VEL           1.065         -23.269           0.330   0.127   0.108   0.446
IDQG POS    33.767973000  -116.238988000       -1324.160   0.653   0.557   2.421
IDQG VEL           3.253         -23.820           0.690   0.161   0.136   0.568
IENG POS    45.015135000     7.639410000      316637.487   0.650   0.512   1.967
IENG VEL          15.656          20.501           0.015   0.047   0.036   0.140
IFR1 POS    33.513935000    -5.125521000     1708795.720   0.671   0.598   2.403
IFR1 VEL          17.584          17.094          -0.015   0.067   0.059   0.240
IFRN POS    33.539629000    -5.108461000     1710112.672   4.195   3.561  15.524
IFRN VEL          17.485          16.905           0.858   0.203   0.172   0.750
IID2 POS    32.706168000  -115.031805000        9719.847   0.603   0.536   2.209
IID2 VEL          -6.873         -14.378          -3.492   0.148   0.128   0.531
IISC POS    13.021173000    77.570384000      843693.695   1.058   1.240   5.335
IISC VEL          35.245          42.529          -0.680   0.073   0.090   0.350
ILDX POS    46.009433000    -1.176800000       59025.851   0.664   0.512   1.979
ILDX VEL          16.448          18.272          -0.899   0.069   0.053   0.202
ILSG POS   -26.472906000  -105.361793000        6502.565   2.284   2.229   9.156
ILSG VEL          -3.756          65.159          -2.485   0.214   0.208   0.860
IMPS POS    34.157562000  -115.145103000      563226.578   0.388   0.333   1.336
IMPS VEL          -8.394         -14.969          -0.467   0.049   0.041   0.166
IMPZ POS    -5.491763000   -47.497236000      104961.496   0.778   0.869   3.417
IMPZ VEL          13.326          -3.549          -1.829   0.094   0.104   0.400
IND1 POS     9.864626000   -85.502196000       75140.596   1.279   1.499   8.333
IND1 VEL          30.458          16.196          -9.662   0.090   0.109   0.431
INMN POS   -74.820864000   -98.880461000      678506.314   0.770   0.560   3.215
INMN VEL          13.491          15.660          35.348   0.384   0.278   1.596
INVK POS    68.306182000  -133.526967000       46336.399   0.379   0.270   1.332
INVK VEL         -16.822         -12.945          -1.262   0.029   0.021   0.103
IPAZ POS    24.145275000  -110.330752000      -14853.648   2.842   3.053  12.029
IPAZ VEL          21.983         -48.786          -1.025   0.461   0.487   1.938
IQAL POS    63.755965000   -68.510504000       91758.885   0.478   0.336   1.456
IQAL VEL           6.236         -18.700           4.067   0.053   0.037   0.164
IQQE POS   -20.273539000   -70.131717000       38986.107   0.527   0.612   2.483
IQQE VEL          14.538          19.758           2.184   0.130   0.150   0.613
IQUI POS    -3.767344000   -73.268709000      122117.752   3.033   3.653  13.171
IQUI VEL          11.174          -3.339           0.088   0.253   0.307   1.098
IRKJ POS    52.219019000   104.316190000      502047.131   0.783   0.547   2.280
IRKJ VEL          -6.631          25.323          -0.420   0.093   0.065   0.272
IRKM POS    52.219023000   104.316248000      502344.455   0.780   0.548   2.249
IRKM VEL          -6.538          25.019          -0.194   0.078   0.055   0.224
IRKT POS    52.219023000   104.316248000      502351.926   1.115   0.782   3.544
IRKT VEL          -6.740          25.222           0.502   0.067   0.047   0.214
ISBA POS    33.341420000    44.438407000       72358.700   0.570   0.486   2.023
ISBA VEL          27.505          25.006          -0.006   0.052   0.044   0.187
ISCO POS     5.544353000   -87.055824000       10309.990   2.215   2.788  11.765
ISCO VEL          73.811          49.637          -3.997   0.155   0.197   0.872
ISHI POS    36.208830000   140.218956000      155932.242   0.881   0.694   2.978
ISHI VEL         -11.788           9.423           8.143   0.366   0.297   1.250
ISLK POS    35.662271000  -118.474306000      823359.213   0.511   0.427   1.838
ISLK VEL          -0.306         -22.222           1.323   0.133   0.108   0.482
ISPA POS   -27.124984000  -109.344398000      112480.899   0.798   0.766   3.208
ISPA VEL          -6.640          66.043          -0.411   0.060   0.058   0.242
ISTA POS    41.104450000    29.019346000      147249.739   0.696   0.549   2.201
ISTA VEL          11.308          24.112           0.146   0.061   0.048   0.193
IUCO POS    39.174065000   -86.506450000      229450.937   0.646   0.559   2.184
IUCO VEL           1.105         -14.911          -1.202   0.053   0.046   0.183
IVCO POS    32.829384000  -115.506795000      -53455.671   9.222   8.371  34.945
IVCO VEL          10.573         -24.886          -1.619   0.460   0.418   1.744
JAB1 POS   -12.658837000   132.893905000       82083.422   4.166   4.647  19.204
JAB1 VEL          60.371          35.392          -2.603   0.194   0.216   0.892
JAMA POS    17.939026000   -76.780875000       -2944.263   9.848  11.130  44.695
JAMA VEL          10.803           3.161           0.608   0.425   0.473   1.929
JAS1 POS    32.827923000  -116.988089000       97513.209   0.800   0.705   2.909
JAS1 VEL          18.602         -40.113          -0.153   0.352   0.310   1.253
JASK POS    25.649492000    57.763905000      -15890.293   3.681   3.455  13.973
JASK VEL          21.180          29.902          -0.636   0.369   0.342   1.408
JCT1 POS    30.479407000   -99.801077000      571837.880   1.960   1.674   7.643
JCT1 VEL          -3.657         -12.204           0.796   0.123   0.105   0.484
JCUZ POS    19.384083000  -155.101567000      825492.288   1.099   1.176   4.503
JCUZ VEL          14.157         -60.625         -15.238   0.229   0.256   0.983
JFWS POS    42.914271000   -90.248110000      293591.623   0.656   0.543   2.255
JFWS VEL          -0.743         -15.854          -4.222   0.147   0.119   0.516
JGBL POS    82.208760000   -31.004214000      753305.173   0.691   0.623   4.127
JGBL VEL          18.267         -14.468           6.523   0.190   0.170   1.134
JIME POS    45.523118000  -122.990530000       53041.270   0.566   0.418   1.692
JIME VEL          -5.319          -8.598          -0.815   0.121   0.090   0.363
JLN5 POS    35.873177000  -120.832908000      140922.973   0.803   0.662   2.740
JLN5 VEL          22.777         -37.937           1.058   0.122   0.101   0.407
JMBI POS    -1.615605000   103.520326000       62411.150   5.096   6.337  24.123
JMBI VEL          -9.334          20.719           1.277   0.365   0.455   1.727
JME2 POS    18.235048000   -72.538406000       -8450.992   0.628   0.684   2.760
JME2 VEL           9.501           8.239          -0.343   0.284   0.314   1.261
JNHG POS    34.449065000  -117.955443000     1276143.641   0.547   0.449   1.868
JNHG VEL           9.264         -31.067          -0.519   0.161   0.132   0.538
JNPR POS    37.771744000  -119.084741000     2309213.484   3.773   3.131  13.737
JNPR VEL          -1.049         -21.231           4.224   0.189   0.157   0.688
JOEN POS    62.391176000    30.096167000      113819.352   0.532   0.363   1.591
JOEN VEL          11.979          20.620           3.621   0.031   0.021   0.094
JOG2 POS    -7.763815000   110.372465000      174249.608   0.456   0.540   2.028
JOG2 VEL          -8.858          27.323          -0.680   0.094   0.117   0.444
JOHN POS    36.458813000  -116.099044000      871729.158   3.285   2.701  11.553
JOHN VEL          -8.908         -15.248          -0.061   0.183   0.150   0.642
JOKA POS    19.433614000  -155.004459000      482152.071   0.530   0.559   2.229
JOKA VEL          18.551         -60.118         -14.636   0.148   0.159   0.624
JOZ2 POS    52.097839000    21.032358000      152517.772   0.706   0.508   2.036
JOZ2 VEL          14.180          20.905          -0.491   0.076   0.055   0.218
JOZE POS    52.097278000    21.031545000      141422.762   0.416   0.293   1.265
JOZE VEL          14.565          20.966           0.395   0.055   0.038   0.176
JPLM POS    34.204822000  -118.173234000      423975.619   0.379   0.332   1.451
JPLM VEL          12.960         -36.984          -0.836   0.069   0.062   0.271
JPLV POS    34.201584000  -118.174306000      372700.384   4.339   3.532  15.246
JPLV VEL          12.424         -37.235          -0.595   0.274   0.223   0.964
JRO1 POS    46.275124000  -122.217618000     1275607.622   0.525   0.384   1.513
JRO1 VEL          -5.918          -9.853          -0.421   0.075   0.054   0.219
JRSC POS    37.406250000  -122.227403000      144259.106   0.498   0.406   1.631
JRSC VEL          17.485         -34.371          -1.362   0.104   0.084   0.336
JSLM POS    31.771158000    35.202457000      790379.772   0.890   0.765   3.903
JSLM VEL          20.117          23.172           1.193   0.045   0.043   0.200
JTNT POS    33.017199000  -100.977149000      684510.264   1.608   1.445   6.078
JTNT VEL          -4.362         -12.804          -0.488   0.070   0.063   0.265
JWLF POS    83.111655000   -45.119854000      112933.476   0.664   0.605   4.108
JWLF VEL          15.419         -19.417           6.758   0.183   0.165   1.130
KABR POS    33.022820000    35.145063000      103414.183   0.728   0.668   2.835
KABR VEL          20.208          22.106           0.358   0.028   0.026   0.113
KAGA POS    69.222303000   -49.814636000      150052.944   0.846   0.624   2.922
KAGA VEL          11.488         -18.291           4.731   0.316   0.233   1.093
KAGZ POS    79.131959000   -65.852972000       86687.510   0.459   0.388   2.365
KAGZ VEL           6.109         -21.999           7.770   0.096   0.080   0.495
KAIK POS   -42.425458000   173.533663000      315528.296   0.694   0.563   2.130
KAIK VEL          31.605         -29.442          -1.452   0.099   0.078   0.298
KAMO POS    19.394742000  -155.121998000      780673.397   0.788   0.843   3.166
KAMO VEL          17.433         -56.346          -4.398   0.268   0.298   1.121
KAN1 POS    39.125878000   -95.402105000      294762.867   3.630   2.884  12.258
KAN1 VEL          -2.970         -14.671           0.203   0.146   0.116   0.494
KAPT POS   -40.860892000   174.909761000      367563.487   0.694   0.590   2.279
KAPT VEL          37.179         -15.598          -4.084   0.335   0.272   1.053
KARA POS   -43.608380000   169.775159000     1403315.452   0.699   0.555   2.179
KARA VEL          40.859         -12.198           0.722   0.111   0.086   0.337
KARL POS    49.011248000     8.411265000      182900.556   0.686   0.514   2.001
KARL VEL          15.950          19.537          -0.545   0.038   0.028   0.111
KARR POS   -20.981419000   117.097199000      109127.376   0.457   0.471   1.831
KARR VEL          58.600          38.686          -0.482   0.061   0.065   0.249
KAT1 POS   -14.375992000   132.153279000      184289.583   0.564   0.618   2.468
KAT1 VEL          59.211          35.205           0.001   0.049   0.055   0.211
KATO POS    50.253273000    19.035642000      332870.967   0.725   0.531   2.111
KATO VEL          11.459          21.198          -1.146   0.053   0.039   0.153
KATZ POS    32.995251000    35.688289000      346987.259   0.869   0.788   3.914
KATZ VEL          22.557          22.499           0.071   0.043   0.039   0.193
KAYO POS    35.195261000  -113.460927000     1424752.826   3.850   3.178  12.557
KAYO VEL          -8.390         -14.455          -0.654   0.218   0.180   0.709
KAYT POS    13.986881000   120.977736000       60953.356   7.415   8.679  35.101
KAYT VEL           1.991         -17.583         -11.845   0.352   0.412   1.666
KAZA POS    41.384940000    73.943517000     1409312.817   0.673   0.539   2.123
KAZA VEL           7.325          27.220           1.932   0.059   0.046   0.183
KBRC POS    34.398530000  -119.008205000      370482.590   0.749   0.635   2.670
KBRC VEL          13.874         -38.031          -0.350   0.094   0.079   0.330
KBUG POS    65.143684000   -41.157550000      290760.522   0.684   0.487   2.171
KBUG VEL          15.826         -17.856           7.109   0.154   0.110   0.488
KELS POS    46.118176000  -122.896071000      -15951.768   2.711   2.043   8.615
KELS VEL          -5.860          -9.252          -1.022   0.119   0.090   0.385
KELY POS    66.987421000   -50.944847000      229894.453   1.455   1.060   5.017
KELY VEL          11.782         -17.917           1.894   0.150   0.108   0.517
KEN1 POS    60.675073000  -151.350185000       56265.797   6.590   4.316  19.401
KEN1 VEL         -28.707          -5.901           9.114   0.337   0.221   0.992
KERG POS   -49.351467000    70.255524000       73023.682   0.751   0.537   2.149
KERG VEL          -3.627           4.427           0.227   0.052   0.037   0.160
KEW1 POS    47.227065000   -88.624330000      163635.952   2.416   1.725   7.475
KEW1 VEL          -1.889         -16.117           1.175   0.103   0.074   0.319
KGN0 POS    35.706764000   139.488531000      128895.327   7.319   6.034  25.664
KGN0 VEL          -6.890          -3.315           0.414   0.332   0.274   1.165
KGNI POS    35.710342000   139.488127000      123678.852   1.632   1.347   6.390
KGNI VEL          -4.747          -0.133           1.773   0.229   0.198   0.913
KHAJ POS    48.521452000   135.046162000      130474.751   2.731   1.941   8.262
KHAJ VEL         -14.096          22.623           0.468   0.162   0.115   0.493
KHAR POS    50.005104000    36.239015000      201039.350   1.223   0.868   3.497
KHAR VEL          11.824          24.183           0.542   0.125   0.089   0.359
KIR0 POS    67.877579000    21.060248000      498193.196   0.571   0.407   1.942
KIR0 VEL          14.526          15.955           6.597   0.036   0.026   0.126
KIRI POS     1.354588000   172.922883000       36163.019   0.437   0.512   1.914
KIRI VEL          30.639         -68.078           0.720   0.105   0.120   0.465
KIRU POS    67.857354000    20.968455000      391103.824   0.435   0.321   1.537
KIRU VEL          14.678          16.050           6.601   0.072   0.053   0.254
KIT3 POS    39.134768000    66.885452000      622476.888   0.766   0.617   2.878
KIT3 VEL           5.649          28.072          -2.096   0.052   0.046   0.212
KLHV POS    31.378066000    34.866730000      498075.394   0.599   0.542   2.263
KLHV VEL          19.436          23.127           2.045   0.097   0.091   0.381
KLOP POS    50.219768000     8.729942000      222444.071   0.789   0.592   2.468
KLOP VEL          15.983          18.983           0.055   0.125   0.092   0.372
KLPD POS    55.715358000    21.118891000       42771.623   7.835   5.597  22.720
KLPD VEL          13.930          20.077           1.220   0.406   0.290   1.179
KMJP POS    83.643240000   -33.377096000       85175.646   0.647   0.615   4.131
KMJP VEL          18.520         -14.562           4.568   0.179   0.168   1.140
KMNM POS    24.463821000   118.388582000       49137.173   0.860   0.859   3.590
KMNM VEL         -13.136          33.188           1.779   0.223   0.223   0.918
KMOR POS    81.252716000   -63.527417000      203376.732   0.701   0.629   4.021
KMOR VEL           7.556         -20.908           6.925   0.203   0.180   1.161
KNGS POS    44.218691000   -76.517270000       48849.670   0.476   0.365   1.478
KNGS VEL           3.537         -15.945           0.609   0.040   0.031   0.123
KNOL POS    37.659117000  -118.979178000     2651787.100   0.572   0.463   1.940
KNOL VEL          -2.231         -20.712          -0.773   0.139   0.111   0.455
KOD1 POS    57.617692000  -152.193435000       27311.724   7.067   4.688  20.584
KOD1 VEL          -1.192         -16.839           9.184   0.231   0.150   0.676
KOD5 POS    57.617692000  -152.193436000       27334.652   2.120   1.478   6.076
KOD5 VEL           1.701         -18.465           7.108   0.284   0.197   0.806
KOD6 POS    57.617593000  -152.193888000       27325.145   2.472   1.754   7.233
KOD6 VEL           2.303         -19.369           6.761   0.364   0.259   1.061
KODK POS    57.735104000  -152.501382000       38143.196  11.362   7.855  35.351
KODK VEL         -11.032         -15.875           9.791   0.527   0.364   1.640
KOK1 POS    21.983499000  -159.758179000       23618.888   1.893   2.088   8.282
KOK1 VEL          35.248         -62.077          -1.269   0.080   0.088   0.352
KOK2 POS    21.983778000  -159.758267000       23622.750  12.106  13.572  52.412
KOK2 VEL          36.989         -64.399          -0.785   0.532   0.593   2.317
KOKB POS    22.126269000  -159.664941000     1167359.360   0.306   0.309   1.236
KOKB VEL          34.661         -62.271          -0.181   0.024   0.025   0.099
KOKV POS    22.126269000  -159.664941000     1167361.702   0.688   0.693   2.775
KOKV VEL          34.788         -62.300          -0.318   0.048   0.050   0.195
KOSG POS    52.178430000     5.809650000       96846.668   1.424   1.041   4.194
KOSG VEL          16.414          17.992          -0.329   0.076   0.055   0.222
KOU1 POS     5.252191000   -52.805973000      -25749.515  11.662  13.677  54.181
KOU1 VEL          12.100          -4.937          -0.121   0.560   0.656   2.597
KOUC POS   -20.558684000   164.287341000       84125.175   0.505   0.535   2.122
KOUC VEL          47.312          22.240          -0.512   0.056   0.059   0.232
KOUG POS     5.098472000   -52.639751000      107244.913   0.570   0.629   2.393
KOUG VEL          12.873          -4.507          -0.165   0.051   0.057   0.210
KOUR POS     5.252184000   -52.805960000      -25758.429   0.623   0.686   2.647
KOUR VEL          12.907          -4.434          -1.192   0.035   0.040   0.156
KR0G POS    67.877579000    21.060248000      498180.774  10.384   7.042  35.505
KR0G VEL          14.612          15.760           6.664   0.417   0.283   1.426
KRAC POS    37.713310000  -118.880477000     2377758.849   0.874   0.700   3.196
KRAC VEL          -1.875         -19.435           2.875   0.401   0.319   1.507
KRTV POS    50.713951000    78.619071000      126175.841   1.555   1.112   5.098
KRTV VEL           0.950          26.773          -0.232   0.088   0.062   0.285
KSMV POS    35.955368000   140.657688000       57786.022   2.885   2.556  13.303
KSMV VEL          -9.349          -1.969           0.681   0.356   0.312   1.599
KSNB POS    66.863282000   -35.576320000     1721088.378   0.668   0.482   2.170
KSNB VEL          19.102         -15.508          15.756   0.208   0.150   0.677
KSTU POS    55.993249000    92.793840000      210057.215   7.234   4.752  22.394
KSTU VEL          -4.040          24.842           0.939   0.288   0.190   0.890
KSU1 POS    39.100750000   -96.609484000      325573.075   0.679   0.576   2.208
KSU1 VEL          -2.770         -14.258           0.232   0.083   0.068   0.270
KTBW POS    47.547318000  -122.795420000      491556.895   0.448   0.333   1.385
KTBW VEL          -7.987          -8.431          -0.780   0.044   0.033   0.136
KUAQ POS    68.587001000   -33.052752000      865230.849   0.713   0.523   2.424
KUAQ VEL          17.280         -16.855          15.303   0.308   0.226   1.049
KULU POS    65.579338000   -37.149363000       67612.556   1.350   0.933   4.314
KULU VEL          15.771         -15.490           7.691   0.112   0.077   0.356
KUMT POS    41.863524000    78.190396000     4012957.890  14.378  11.682  51.722
KUMT VEL          11.743          33.395           4.355   0.543   0.440   1.951
KUNM POS    25.029535000   102.797202000     1986177.914   2.804   3.128  13.380
KUNM VEL         -18.227          31.463          -1.229   0.196   0.219   0.938
KUUJ POS    55.278362000   -77.745441000        -139.548   1.236   0.858   3.525
KUUJ VEL           3.672         -18.592          13.609   0.108   0.076   0.312
KVTX POS    27.545950000   -97.892885000       -2645.966   0.614   0.623   2.412
KVTX VEL          -2.349         -11.991          -3.506   0.046   0.044   0.179
KWBU POS    43.752383000  -121.312006000     1762533.209   0.563   0.455   2.435
KWBU VEL          -7.500         -13.675          -1.823   0.068   0.055   0.278
KWJ1 POS     8.722212000   167.730226000       38194.333  10.239  12.074  50.875
KWJ1 VEL          29.295         -69.360          -1.389   0.367   0.433   1.820
KYVW POS    33.925369000  -116.173399000     1498202.665   0.621   0.544   2.236
KYVW VEL          -1.424         -19.772           0.311   0.077   0.066   0.268
KYW1 POS    24.582273000   -81.653035000      -13798.885   2.077   2.127   8.846
KYW1 VEL           2.537          -9.559          -0.398   0.089   0.091   0.378
KYW2 POS    24.582308000   -81.652798000      -13806.588   9.358  10.416  41.470
KYW2 VEL           2.643         -11.001           0.985   0.374   0.412   1.654
LACR POS    40.850803000  -115.703743000     1653772.925   0.698   0.554   2.212
LACR VEL          -9.631         -16.839          -0.095   0.085   0.067   0.268
LAE1 POS    -6.673698000   146.993193000      140142.031   1.218   1.332   5.715
LAE1 VEL          52.989          28.193          -6.237   0.144   0.159   0.643
LAFE POS     9.807063000   -84.960282000       65268.099   0.868   0.974   4.542
LAFE VEL          25.126          16.710         -12.450   0.286   0.319   1.465
LAGO POS    37.098942000    -8.668373000       62711.780   0.684   0.577   2.318
LAGO VEL          17.502          17.506          -0.113   0.044   0.036   0.146
LAMA POS    53.892403000    20.669948000      187033.226   0.997   0.794   3.676
LAMA VEL          14.435          20.376          -0.327   0.072   0.052   0.219
LAMP POS    35.499778000    12.605661000       57779.841   0.706   0.646   2.747
LAMP VEL          18.676          19.949          -0.306   0.093   0.082   0.349
LAMT POS    41.004519000   -73.908912000       88912.850   1.057   0.859   3.454
LAMT VEL           4.769         -15.035          -0.744   0.062   0.050   0.204
LAND POS    35.899794000  -120.473291000      568678.078   0.866   0.738   2.914
LAND VEL          18.220         -34.717           1.925   0.105   0.087   0.349
LANS POS    42.673884000   -84.663312000      241097.360   0.548   0.436   1.805
LANS VEL           0.959         -15.635          -1.124   0.107   0.084   0.355
LAPC POS    34.181925000  -118.574658000      207806.336   0.403   0.355   1.480
LAPC VEL          17.337         -38.359          -0.093   0.087   0.076   0.323
LASC POS    33.927945000  -118.306512000       24680.618   3.164   2.692  11.141
LASC VEL          17.191         -37.671           0.498   0.169   0.144   0.593
LAUG POS    34.114990000    35.674375000      310290.380   8.478   7.652  33.948
LAUG VEL          21.683          21.785           0.291   0.398   0.359   1.592
LAUT POS   -17.608808000   177.446583000       89663.875   0.607   0.709   2.743
LAUT VEL          32.229          14.530          -1.754   0.067   0.077   0.318
LBC1 POS    33.832073000  -118.137191000      -21973.406   0.698   0.612   2.821
LBC1 VEL          18.038         -38.082           1.179   0.089   0.083   0.375
LBC2 POS    33.791612000  -118.173249000      -28444.166   1.235   1.069   4.661
LBC2 VEL          18.381         -38.087           0.938   0.184   0.161   0.676
LBCH POS    33.787773000  -118.203351000      -27579.628   0.624   0.527   2.191
LBCH VEL          18.045         -38.703           1.308   0.205   0.179   0.774
LBIB POS    75.893810000   -23.852948000     1483507.847   1.057   0.865   4.757
LBIB VEL          19.047         -12.994           1.252   0.056   0.046   0.251
LBRF POS    32.886122000  -117.230300000       56437.571   0.692   0.610   2.512
LBRF VEL          16.491         -40.444          -1.251   0.277   0.245   1.003
LCAP POS   -21.480338000   165.375480000      147286.317   0.830   0.849   3.373
LCAP VEL          46.707          21.301          -0.915   0.073   0.073   0.288
LCDT POS    42.295054000   -87.960346000      189333.171   0.530   0.423   1.639
LCDT VEL           0.482         -15.647          -2.716   0.041   0.032   0.131
LCK2 POS    26.912563000    80.955976000       53090.747   8.085   7.876  33.308
LCK2 VEL          34.007          37.652          -2.963   0.630   0.613   2.601
LCK3 POS    26.912183000    80.955640000       64142.983   0.659   0.643   2.518
LCK3 VEL          34.698          36.043          -2.045   0.095   0.093   0.370
LCK4 POS    26.912146000    80.955621000       64111.294   0.631   0.636   2.500
LCK4 VEL          34.649          36.115          -1.932   0.093   0.092   0.362
LCKI POS    26.912443000    80.955898000       53055.455   8.072   7.874  32.575
LCKI VEL          34.103          37.445          -2.748   0.626   0.610   2.532
LDBT POS    30.089482000   -96.778833000       97645.628   4.788   4.358  18.458
LDBT VEL          -2.462         -12.858          -2.687   0.251   0.229   0.967
LDES POS    34.267340000  -116.432807000      978084.875   0.600   0.515   2.090
LDES VEL           0.000         -18.315           1.493   0.109   0.092   0.365
LDSW POS    34.699425000  -116.209145000      640955.248   0.466   0.390   1.696
LDSW VEL          -7.591         -16.429           0.599   0.092   0.076   0.326
LEBA POS    39.430505000   -84.283144000      224233.601   0.696   0.590   2.296
LEBA VEL           1.648         -15.011          -1.435   0.064   0.054   0.211
LEBC POS    34.825179000  -118.871949000     1091060.657   4.750   3.865  16.504
LEBC VEL           7.434         -30.541          -0.775   0.391   0.317   1.355
LEEP POS    34.134603000  -118.321762000      485048.305   0.805   0.697   2.857
LEEP VEL          14.264         -38.483          -0.353   0.069   0.059   0.246
LEFN POS    80.456685000   -26.293469000      692159.835   0.771   0.655   4.238
LEFN VEL          19.200         -12.988           6.570   0.207   0.174   1.135
LEIJ POS    51.353983000    12.374104000      178398.733   0.959   0.699   2.769
LEIJ VEL          15.298          19.335          -0.213   0.075   0.054   0.213
LEMA POS    36.292025000  -119.782393000       32585.857   1.181   0.999   4.283
LEMA VEL           1.015         -21.787        -134.829   0.697   0.578   2.378
LEME POS    12.427433000   -86.909480000       78181.987   2.047   2.443   9.021
LEME VEL           9.559           1.988          -1.282   0.445   0.530   1.964
LEPA POS     9.945375000   -85.031194000       20945.765   0.812   0.955   3.466
LEPA VEL          23.896          19.349          -8.393   0.389   0.449   1.670
LESV POS    31.142471000   -93.268967000       75651.259   0.415   0.391   1.531
LESV VEL          -1.644         -12.912          -1.172   0.053   0.050   0.196
LEV1 POS    56.465678000  -133.092786000       25478.538   9.924   6.335  28.244
LEV1 VEL         -13.163         -15.343           7.947   0.294   0.187   0.829
LEWI POS    40.403511000  -116.861877000     2916690.372   0.401   0.329   1.324
LEWI VEL         -10.769         -15.530          -0.069   0.077   0.064   0.280
LEXA POS   -45.231010000   169.308239000      331847.902   0.446   0.342   1.316
LEXA VEL          30.955         -30.851           0.118   0.058   0.044   0.170
LFLO POS    43.983605000  -124.107710000       -6403.690   0.907   0.692   3.058
LFLO VEL          -3.305          -8.036          -0.874   0.245   0.191   0.809
LFRS POS    34.095073000  -118.412833000      146899.347   0.470   0.403   1.768
LFRS VEL          15.048         -38.509           0.485   0.055   0.048   0.207
LGWD POS    33.640598000  -117.764456000       88684.242   0.441   0.381   1.580
LGWD VEL          17.335         -38.228          -1.264   0.093   0.080   0.326
LHAS POS    29.657344000    91.104000000     3624665.791   3.079   2.996  13.418
LHAS VEL          16.087          45.559           0.478   0.146   0.143   0.639
LHAV POS    31.377826000    34.866314000      488965.865   3.055   2.769  13.066
LHAV VEL          19.294          22.709           1.147   0.146   0.132   0.625
LHAZ POS    29.657335000    91.104036000     3624618.288   0.602   0.561   2.614
LHAZ VEL          15.835          46.344           1.349   0.073   0.068   0.316
LHCL POS   -38.002657000   -65.595249000      404543.408   2.644   2.215   9.953
LHCL VEL          10.589          -0.032           0.485   0.073   0.062   0.255
LHUE POS    21.984569000  -159.339267000       45930.022   5.302   5.510  21.932
LHUE VEL          34.705         -60.935          -2.645   0.220   0.229   0.914
LIA1 POS    48.264646000   -94.691255000      335606.830  10.882   7.911  31.849
LIA1 VEL         -14.580          -1.286         -71.750   0.773   0.562   2.261
LIA3 POS    48.264835000   -94.691067000      336207.080   9.771   7.139  28.479
LIA3 VEL         -23.198           5.213         -35.653   0.689   0.503   2.009
LICE POS    36.856627000  -116.401271000     1108176.564   5.164   4.215  16.739
LICE VEL          -8.744         -15.520          -0.650   0.293   0.240   0.951
LINC POS    37.637193000  -119.017292000     3057007.713   0.519   0.431   1.705
LINC VEL          -0.614         -20.626          -1.746   0.151   0.125   0.506
LIND POS    47.000334000  -120.538504000      472054.500  18.126  13.204  54.630
LIND VEL          -9.602         -11.532           6.805   0.718   0.523   2.162
LINH POS    47.000334000  -120.538505000      472236.442   0.407   0.300   1.228
LINH VEL          -9.587         -12.441          -1.900   0.053   0.038   0.156
LINJ POS    34.662023000  -118.139206000      721218.046   0.528   0.443   1.803
LINJ VEL           7.222         -26.659          -2.308   0.099   0.082   0.335
LINZ POS    48.309785000    14.283067000      335036.288   0.695   0.525   2.055
LINZ VEL          15.265          20.725           0.497   0.100   0.075   0.290
LITT POS    36.745871000  -116.308242000     1056471.851   0.580   0.478   2.041
LITT VEL          -9.286         -15.207          -1.208   0.037   0.031   0.130
LJRN POS    34.807525000  -118.867747000     1422472.845   0.589   0.507   2.137
LJRN VEL           7.799         -30.925           0.259   0.130   0.106   0.453
LKCP POS    47.944378000  -121.830856000      178278.075   0.570   0.459   1.870
LKCP VEL          -9.027         -10.450          -1.286   0.046   0.036   0.149
LKHG POS    33.236008000  -116.758770000      823265.835   0.784   0.672   2.829
LKHG VEL          17.128         -37.529          -0.254   0.208   0.178   0.739
LKHU POS    29.913460000   -95.145758000       -8534.919   0.559   0.549   2.223
LKHU VEL          -2.172         -12.295          -0.699   0.123   0.118   0.479
LKTH POS   -51.698408000   -57.850743000       66147.127  14.987  10.470  44.291
LKTH VEL          12.329           0.459           0.558   0.745   0.520   2.201
LKWY POS    44.565075000  -110.400224000     2424343.373   0.670   0.502   2.343
LKWY VEL          -6.828         -16.635         -14.028   0.208   0.153   0.730
LL01 POS    34.485459000  -117.834961000     1005319.123   0.402   0.342   1.370
LL01 VEL           8.037         -28.174           0.662   0.077   0.065   0.257
LLAS POS    34.585976000  -117.837937000      812472.083   0.456   0.386   1.582
LLAS VEL           6.160         -25.533          -0.680   0.095   0.080   0.323
LLIV POS    42.478130000     1.973057000     1467760.420   0.719   0.581   2.426
LLIV VEL          16.161          19.845          -0.053   0.027   0.021   0.088
LLRG POS    43.722535000  -112.933495000     1458448.570   1.504   1.125   4.552
LLRG VEL          -9.843         -16.246          -0.159   0.165   0.123   0.497
LMHG POS    33.744202000  -117.391289000      464518.481   0.685   0.607   2.655
LMHG VEL          14.550         -35.772          -1.195   0.162   0.144   0.627
LMMF POS    14.594819000   -60.996175000      -27125.565   0.583   0.661   2.597
LMMF VEL          15.533          12.800          -1.491   0.040   0.047   0.175
LMNL POS    10.267509000   -85.053332000      102944.811   0.547   0.655   2.342
LMNL VEL          20.347          13.581           2.003   0.109   0.129   0.462
LMNO POS    36.685446000   -97.480741000      279733.971   2.089   1.822   7.355
LMNO VEL          -3.390         -13.826           0.835   0.122   0.107   0.430
LMRR POS    39.538492000  -119.813285000     1373937.526   6.047   4.630  20.029
LMRR VEL          -5.709         -19.652           2.577   0.471   0.360   1.560
LMSG POS    33.817401000  -117.445077000      413092.205   0.680   0.593   2.381
LMSG VEL          13.993         -34.757          -2.214   0.272   0.238   0.940
LMUT POS    40.261419000  -111.928318000     2311977.680   0.430   0.347   1.366
LMUT VEL          -8.470         -16.054           0.037   0.039   0.031   0.125
LNC1 POS    38.846511000  -121.350240000        5908.956   1.584   1.277   5.278
LNC1 VEL          -4.063         -22.520          -0.340   0.109   0.086   0.365
LNC2 POS    38.846507000  -121.350555000        5842.837   1.808   1.463   6.058
LNC2 VEL          -4.067         -22.920          -0.980   0.130   0.103   0.432
LNCO POS    36.359957000  -119.057910000      144329.812   3.590   3.009  12.512
LNCO VEL          -0.574         -21.437           2.741   0.191   0.160   0.666
LNGB POS    47.218784000  -122.758318000        2440.542   2.206   1.735   7.077
LNGB VEL          -7.470          -8.772          -0.747   0.118   0.087   0.357
LNMT POS    35.090202000  -116.939656000     1345303.941   1.314   1.134   4.599
LNMT VEL          -1.752         -18.481          -0.434   0.081   0.069   0.274
LOMP POS    34.690924000  -120.446587000       63531.835   0.676   0.598   2.392
LOMP VEL          24.409         -43.790           0.320   0.296   0.261   1.022
LONG POS    34.111902000  -118.003417000       74266.549   0.868   0.712   4.080
LONG VEL          13.043         -36.848          -1.766   0.142   0.124   0.629
LORS POS    34.133329000  -117.754077000      448881.860   0.469   0.405   1.672
LORS VEL          11.502         -35.168           0.136   0.048   0.041   0.164
LOU1 POS    38.010296000   -85.298815000      190796.957   6.482   6.142  22.870
LOU1 VEL           2.849         -14.762          -1.828   0.311   0.294   1.093
LOWS POS    35.828713000  -120.594292000      428670.044   1.227   1.020   4.362
LOWS VEL          20.891         -37.375           0.834   0.103   0.083   0.343
LPAL POS    28.763875000   -17.893825000     2199190.344   0.435   0.396   1.662
LPAL VEL          17.073          15.943          -0.889   0.084   0.077   0.318
LPCG POS    34.314865000  -117.546369000     1315289.689   1.258   1.055   4.557
LPCG VEL           6.642         -29.200           2.194   0.177   0.148   0.639
LPGS POS   -34.906743000   -57.932300000       29872.080   0.914   0.840   3.735
LPGS VEL          11.854          -1.173           2.345   0.068   0.063   0.290
LPHS POS    34.026772000  -117.956727000       68475.873   0.723   0.630   2.655
LPHS VEL          14.558         -38.076          -2.196   0.126   0.110   0.475
LPIL POS   -20.917979000   167.263785000       73166.993   1.243   1.394   5.690
LPIL VEL          46.064          21.718          -1.196   0.112   0.124   0.501
LPLY POS   -73.111115000   -90.299461000      127565.638   0.451   0.338   1.814
LPLY VEL           6.802          14.187           5.025   0.055   0.042   0.220
LPOC POS    47.341395000   -70.008561000      103294.921   0.394   0.288   1.146
LPOC VEL           5.734         -16.158           2.519   0.033   0.024   0.096
LRA1 POS    37.874560000  -122.243898000      181590.724   2.566   1.767  10.215
LRA1 VEL          -4.813         -34.444           8.656   0.244   0.181   1.026
LRA3 POS    37.875404000  -122.243672000      201733.838   1.622   1.340   7.307
LRA3 VEL           2.682         -31.787           0.536   0.421   0.347   1.888
LROC POS    46.158945000    -1.219312000       57846.793   0.703   0.553   2.163
LROC VEL          16.523          18.241          -0.552   0.028   0.021   0.085
LRRG POS    34.527060000  -118.029993000      875005.904   0.577   0.480   2.100
LRRG VEL           7.745         -29.380          -0.852   0.179   0.148   0.644
LSIG POS    47.695200000  -121.689568000      527148.057   1.129   0.711   3.256
LSIG VEL          -9.034         -10.713          -2.215   0.157   0.098   0.438
LTHM POS    39.575958000   -94.170159000      262289.312   2.782   2.211   9.596
LTHM VEL          -2.059         -14.718          -0.150   0.125   0.099   0.429
LTUT POS    41.592097000  -112.246842000     1564941.466   0.420   0.329   1.351
LTUT VEL          -9.187         -15.748          -0.131   0.040   0.031   0.128
LUBB POS    33.535418000  -101.842836000      956082.509   6.639   6.205  27.254
LUBB VEL          -5.211         -12.396           1.616   0.256   0.239   1.056
LUTZ POS    37.286854000  -121.865233000       94960.560   1.031   0.824   3.407
LUTZ VEL          12.927         -31.759          -1.675   0.096   0.076   0.315
LVEG POS    19.222717000   -70.531086000       78572.636   0.724   0.800   3.560
LVEG VEL           7.203           1.068          -0.294   0.062   0.068   0.278
LVMS POS    34.733607000  -119.103693000     1543085.682   0.355   0.294   1.242
LVMS VEL          10.523         -35.722           0.430   0.044   0.036   0.153
LVWD POS    36.159455000  -115.191349000      631676.494   4.775   4.092  17.705
LVWD VEL          -9.452         -15.033           0.992   0.228   0.197   0.858
LWCK POS    46.278133000  -124.053847000       39074.878   1.051   0.794   3.587
LWCK VEL          -2.205          -3.003           1.326   0.155   0.113   0.506
LYNS POS    64.430483000   -40.198058000      174122.310   0.538   0.377   1.617
LYNS VEL          15.962         -15.930           4.925   0.084   0.058   0.253
LYTT POS   -43.605841000   172.722209000       18496.098   1.257   0.937   4.071
LYTT VEL          30.423         -33.948          -0.971   0.117   0.088   0.378
M0SE POS    41.893117000    12.493264000      120566.905   0.629   0.503   1.936
M0SE VEL          15.934          20.563          -0.654   0.078   0.063   0.240
MAC1 POS   -54.499525000   158.935829000       -6819.243   0.809   0.558   2.288
MAC1 VEL          31.324         -12.355          -1.702   0.098   0.067   0.274
MACC POS    37.845083000   -90.484539000      219999.185   1.403   1.234   4.845
MACC VEL          -0.491         -14.464          -0.467   0.123   0.103   0.430
MAD2 POS    40.429165000    -4.249654000      829434.098   0.741   0.585   2.507
MAD2 VEL          16.629          18.794          -0.566   0.031   0.024   0.105
MADR POS    40.429165000    -4.249654000      829435.870   0.407   0.319   1.360
MADR VEL          16.436          18.763           0.314   0.049   0.038   0.162
MAG0 POS    59.575750000   150.770025000      361850.022   0.833   0.560   2.397
MAG0 VEL         -18.236          10.191           0.907   0.111   0.075   0.314
MAHO POS   -38.513000000   174.854088000      302484.847   0.676   0.609   2.352
MAHO VEL          39.699           1.276          -1.887   0.119   0.104   0.411
MAIR POS    36.846576000   -89.356757000       67375.630   0.655   0.580   2.252
MAIR VEL          -0.005         -14.222          -1.205   0.078   0.067   0.279
MAJB POS     7.119153000   171.364510000       33691.213   1.326   1.557   5.898
MAJB VEL          30.754         -68.918           0.533   0.183   0.216   0.818
MAL2 POS    -2.996052000    40.194148000      -20918.719   0.373   0.432   1.601
MAL2 VEL          15.964          26.187           0.224   0.050   0.057   0.211
MALD POS     4.188690000    73.526295000      -92132.925   6.248   7.850  32.041
MALD VEL          35.058          46.671          -4.997   0.275   0.345   1.407
MALI POS    -2.995908000    40.194400000      -23395.335   2.811   3.497  13.876
MALI VEL          16.399          26.705          -2.441   0.131   0.164   0.654
MALL POS    39.552630000     2.624559000       62040.343   0.730   0.601   2.492
MALL VEL          16.528          20.459          -0.692   0.071   0.059   0.237
MANA POS    12.148940000   -86.248993000       70992.314   0.529   0.609   2.349
MANA VEL          10.252           7.249          -1.328   0.175   0.198   0.784
MANZ POS    19.063864000  -104.298147000      -13963.234   9.245  10.393  41.781
MANZ VEL          -1.058          -5.499           7.924   0.459   0.517   2.076
MAPS POS    53.808093000  -166.940456000      331792.229   0.513   0.373   1.568
MAPS VEL         -22.158          -8.034           3.761   0.112   0.081   0.343
MAR6 POS    60.595147000    17.258533000       75610.689   0.436   0.307   1.294
MAR6 VEL          14.166          17.839           7.609   0.028   0.019   0.084
MARG POS    77.187038000   -65.694636000      670715.267   1.069   0.871   5.025
MARG VEL           6.731         -21.919           7.711   0.062   0.050   0.298
MARN POS   -46.876454000    37.860994000       61849.921   4.392   3.182  15.180
MARN VEL           8.892           2.580          -5.557   0.759   0.550   2.634
MARS POS    43.278773000     5.353793000       61804.711   1.175   0.925   4.054
MARS VEL          16.108          20.023          -0.133   0.103   0.079   0.345
MAS1 POS    27.763745000   -15.633272000      197127.655   0.670   0.633   2.585
MAS1 VEL          17.468          16.717          -0.590   0.054   0.050   0.211
MAST POS   -41.061984000   175.584569000      207161.099   1.070   0.874   3.364
MAST VEL          29.107         -27.177          -4.159   0.067   0.055   0.210
MASW POS    35.832600000  -120.443067000      713742.936   0.996   0.821   3.315
MASW VEL          18.039         -35.248           0.769   0.141   0.115   0.469
MAT1 POS    40.649066000    16.704552000      534528.106   0.684   0.576   2.383
MAT1 VEL          19.290          23.962          -0.018   0.048   0.040   0.165
MAT2 POS    33.856763000  -117.436705000      398297.074   0.420   0.365   1.453
MAT2 VEL          13.991         -34.883           0.023   0.046   0.039   0.155
MATE POS    40.649135000    16.704465000      535651.426   0.417   0.345   1.458
MATE VEL          19.525          23.213           0.199   0.042   0.035   0.151
MATH POS    33.856688000  -117.436823000      396856.126   6.051   5.493  25.145
MATH VEL          14.754         -35.161           0.760   0.244   0.221   1.013
MAUA POS   -19.902239000    23.528400000      960737.307   1.727   1.691   8.853
MAUA VEL          18.968          19.947           0.815   0.132   0.134   0.601
MAUI POS    20.706661000  -156.257037000     3062086.811   0.559   0.609   2.317
MAUI VEL          34.852         -61.992          -0.659   0.041   0.044   0.169
MAVL POS   -45.366510000   168.118205000      592456.829   0.563   0.409   2.278
MAVL VEL          32.757         -28.963           0.211   0.079   0.057   0.317
MAW1 POS   -67.604767000    62.870713000       59122.166   0.927   0.649   2.972
MAW1 VEL          -2.009          -3.850          -0.617   0.029   0.020   0.097
MAWY POS    44.973426000  -110.689305000     1824265.815   0.585   0.475   1.958
MAWY VEL          -7.465         -14.100           1.179   0.163   0.129   0.585
MAYZ POS    18.217588000   -67.158866000      -38644.332   1.844   2.096   8.494
MAYZ VEL          13.400           9.063          -1.627   0.144   0.164   0.662
MBAR POS    -0.601466000    30.737881000     1337526.286   0.659   0.734   2.722
MBAR VEL          17.846          24.664           0.264   0.085   0.097   0.354
MBWW POS    41.903585000  -106.186545000     1986443.121   2.553   2.011   8.219
MBWW VEL          -6.649         -15.161          -1.432   0.139   0.109   0.443
MC01 POS    39.091224000  -108.528146000     1437226.055   0.722   0.597   2.334
MC01 VEL          -7.811         -15.092           0.307   0.086   0.069   0.270
MCAR POS   -76.322196000  -144.303508000      964910.159   0.612   0.516   2.759
MCAR VEL          -2.308          17.139           4.385   0.097   0.082   0.440
MCD1 POS    27.849822000   -82.532322000      -15772.563   7.664   7.534  32.460
MCD1 VEL           1.337         -10.975          -0.605   0.223   0.223   0.950
MCES POS    59.746074000  -151.257834000      430743.830   0.894   0.620   2.649
MCES VEL         -18.690         -10.546          10.268   0.205   0.145   0.600
MCHN POS    47.961335000   -84.900856000      152040.692   0.594   0.435   1.767
MCHN VEL          -5.403         -12.853           0.638   0.135   0.100   0.411
MCIL POS    24.290099000   153.978646000       35661.896   0.802   0.802   3.434
MCIL VEL          24.315         -71.630          -0.503   0.103   0.099   0.421
MCM4 POS   -77.838352000   166.669337000       97971.864   0.939   0.755   4.457
MCM4 VEL         -11.533           9.661          -0.182   0.038   0.030   0.184
MCN1 POS    32.695324000   -83.560557000       60427.571   8.633   7.963  33.352
MCN1 VEL           1.764         -12.738          -0.214   0.146   0.133   0.565
MCON POS    39.660850000   -81.829210000      271415.207   0.444   0.367   1.531
MCON VEL           2.385         -15.020          -0.935   0.049   0.041   0.167
MCSO POS    44.973810000  -122.955751000       52814.323   1.845   1.347   5.425
MCSO VEL          -5.584          -9.222          -0.186   0.051   0.037   0.153
MCTY POS    36.119621000   -89.702205000       51676.421   0.421   0.363   1.491
MCTY VEL          -0.281         -13.902          -0.832   0.057   0.049   0.204
MDMT POS    42.418340000  -121.221605000     1710526.565   0.829   0.607   2.759
MDMT VEL          -7.057         -15.697          -1.874   0.056   0.041   0.208
MDO1 POS    30.680510000  -104.014996000     2004479.869   0.471   0.435   1.721
MDO1 VEL          -6.107         -12.304           0.922   0.118   0.113   0.476
MDVJ POS    56.021495000    37.214512000      257109.754   0.467   0.326   1.406
MDVJ VEL          11.625          22.723           0.430   0.035   0.024   0.104
MDVO POS    56.027482000    37.223597000      254798.191   7.653   5.163  22.897
MDVO VEL          11.374          22.630           1.434   0.274   0.185   0.819
MEDI POS    44.519961000    11.646821000       49984.637   0.435   0.340   1.421
MEDI VEL          17.905          22.246          -2.481   0.081   0.063   0.268
MEE1 POS    36.186903000  -120.758607000      788785.674   1.299   1.071   4.452
MEE1 VEL          -0.141         -22.208           1.532   0.114   0.093   0.390
MEE2 POS    36.180527000  -120.766854000      681452.050   1.232   1.013   4.184
MEE2 VEL          21.271         -40.325           1.553   0.108   0.089   0.368
MEM2 POS    35.465707000   -90.206052000       46533.055   3.082   2.682  11.258
MEM2 VEL          -0.075         -15.400          -1.643   0.144   0.126   0.527
MERC POS    36.632511000  -115.979019000     1256914.184   0.371   0.308   1.274
MERC VEL          -9.187         -15.193          -0.557   0.047   0.039   0.160
MERI POS    20.980045000   -89.620319000        7841.342   2.101   2.424   9.488
MERI VEL           1.200          -9.354          -2.536   0.178   0.199   0.708
MERS POS    36.566392000    34.255855000       38463.876   1.434   1.202   4.934
MERS VEL          16.301          13.938           0.853   0.163   0.141   0.660
METR POS    42.684753000   -83.242775000      260467.848   0.847   0.682   2.772
METR VEL           1.790         -15.807          -1.651   0.067   0.053   0.223
METS POS    60.217475000    24.395328000       94682.823   0.388   0.273   1.132
METS VEL          12.884          20.040           4.313   0.040   0.028   0.117
METZ POS    60.217482000    24.395338000       94655.572   1.675   1.182   5.027
METZ VEL          12.813          19.961           4.451   0.085   0.059   0.256
MFKG POS   -25.805013000    25.539975000     1310913.179   0.862   0.843   3.466
MFKG VEL          18.860          17.667           1.449   0.101   0.101   0.402
MFP0 POS    39.949604000  -105.194407000     1728769.778   1.444   1.204   5.325
MFP0 VEL          -6.438         -14.661           2.340   0.106   0.087   0.379
MFTN POS    39.949293000  -105.194267000     1727311.124   1.079   0.848   3.439
MFTN VEL          -6.396         -14.818          -0.962   0.082   0.064   0.258
MFTS POS    39.949277000  -105.194258000     1727324.124   1.044   0.832   3.217
MFTS VEL          -6.310         -14.651          -0.763   0.079   0.063   0.245
MFTW POS    39.949279000  -105.194281000     1727323.884   1.166   0.914   3.542
MFTW VEL          -6.330         -14.671          -0.930   0.086   0.068   0.263
MGUE POS   -35.777349000   -69.397929000     1553727.229   0.625   0.533   2.095
MGUE VEL          13.696         -11.245           1.398   0.231   0.197   0.778
MHCB POS    37.341533000  -121.642583000     1261917.006   2.179   1.781   7.088
MHCB VEL           0.414         -23.397           1.073   0.103   0.082   0.335
MHDL POS    37.842325000  -122.494340000       65858.313   0.740   0.583   2.732
MHDL VEL          15.474         -32.278          -1.941   0.117   0.092   0.433
MHMS POS    33.939057000  -118.244140000       -2500.489   0.600   0.466   2.153
MHMS VEL          16.691         -37.064          -2.644   0.144   0.110   0.509
MHTL POS    45.328668000  -121.711164000     1750243.160   0.630   0.472   2.504
MHTL VEL          -7.967         -11.143          -0.535   0.107   0.081   0.429
MIA3 POS    25.732811000   -80.160172000      -16182.585   1.784   1.836   7.521
MIA3 VEL           3.903          -9.294          -0.276   0.082   0.084   0.343
MIDA POS    35.921913000  -120.458835000      570697.825   1.147   1.052   4.635
MIDA VEL           7.759         -24.932           1.525   0.181   0.169   0.753
MIG1 POS    34.038263000  -120.351399000      130912.783   0.401   0.343   1.393
MIG1 VEL          24.691         -42.220          -0.517   0.045   0.038   0.155
MIK2 POS    68.140282000   -31.451826000      815932.859   0.632   0.457   2.119
MIK2 VEL          17.422         -14.860          13.591   0.125   0.090   0.418
MIKL POS    46.972787000    31.972847000       93934.887   0.840   0.615   2.492
MIKL VEL          12.401          23.465           0.037   0.092   0.067   0.265
MIL1 POS    43.002536000   -87.888452000      147315.747   4.370   3.354  14.063
MIL1 VEL          -0.051         -15.701          -1.725   0.210   0.161   0.677
MIL2 POS    43.002365000   -87.888222000      147511.707  16.179  12.555  51.357
MIL2 VEL           1.274         -14.507          -0.805   0.598   0.459   1.920
MILP POS    37.449041000  -121.834086000      336272.513   0.542   0.436   1.815
MILP VEL           6.347         -28.818           0.596   0.154   0.125   0.503
MINE POS    40.148364000  -116.095516000     2075637.932   0.733   0.579   2.360
MINE VEL          -9.520         -16.394          -0.705   0.048   0.037   0.151
MINS POS    37.653763000  -119.060904000     2776902.496   0.536   0.434   1.812
MINS VEL          -1.485         -20.016          -0.437   0.100   0.080   0.336
MIPR POS    17.886225000   -66.526960000      -38133.811   1.887   2.108   8.279
MIPR VEL          13.451           9.415          -0.619   0.130   0.146   0.570
MIZU POS    39.135150000   141.132873000      117163.814   1.389   1.095   4.377
MIZU VEL         -33.328          51.079          15.849   0.434   0.343   1.372
MJPK POS    33.714484000  -117.550478000     1527974.867   0.444   0.378   1.533
MJPK VEL          16.019         -36.851          -1.037   0.099   0.084   0.337
MKAH POS    48.370674000  -124.589225000       23680.245   0.737   0.482   2.245
MKAH VEL          -5.300          -3.728           0.897   0.166   0.110   0.505
MKAI POS    19.355572000  -155.175597000      892861.580   3.302   8.170   9.198
MKAI VEL          13.840         -41.240           0.630   0.184   0.206   0.775
MKEA POS    19.801360000  -155.456353000     3754640.693   0.608   0.638   2.573
MKEA VEL          35.172         -62.887          -1.150   0.124   0.134   0.550
MLCC POS    19.563170000  -155.491041000     2886856.137   0.619   0.659   2.492
MLCC VEL          36.236         -62.164           0.168   0.420   0.449   1.707
MLF1 POS    32.090261000   -87.391816000        9033.943   3.226   2.960  12.623
MLF1 VEL           1.267         -12.232          -1.240   0.143   0.131   0.558
MLFP POS    33.918406000  -117.317965000      472957.990   0.424   0.368   1.466
MLFP VEL          13.068         -33.896           0.099   0.048   0.041   0.164
MLKN POS    -5.352551000   102.276498000       16394.062   5.203   6.981  24.892
MLKN VEL          14.555          18.272          -9.129   0.402   0.539   1.921
MMAU POS    19.373851000  -155.178061000      949099.331   0.836   0.898   3.398
MMAU VEL           6.624         -48.921          -6.947   0.337   0.368   1.422
MNMC POS    35.969472000  -120.434057000     1061938.766   1.094   0.992   3.638
MNMC VEL           5.541         -23.209           2.268   0.081   0.070   0.275
MNNA POS    -4.450341000   102.890271000       28043.731   4.563   5.568  19.647
MNNA VEL           5.933          13.159          -0.590   0.357   0.434   1.534
MNP1 POS    41.067111000   -71.860451000      -10603.407  18.030  14.150  59.139
MNP1 VEL           7.145         -16.431          -1.455   0.626   0.491   2.051
MNRC POS    38.878727000  -122.442805000      707814.670   2.094   1.705   7.167
MNRC VEL           1.463         -22.593          -1.253   0.109   0.086   0.366
MOB1 POS    30.227519000   -88.024107000      -18531.851   7.106   6.740  28.444
MOB1 VEL          -0.343         -13.254          -3.172   0.068   0.063   0.268
MOBJ POS    55.114884000    36.569721000      182645.825   0.860   0.603   2.655
MOBJ VEL          11.426          22.947          -0.170   0.074   0.051   0.227
MOBK POS    55.114884000    36.569721000      182642.966   1.020   0.722   3.142
MOBK VEL          11.529          22.927          -0.344   0.100   0.070   0.306
MOBN POS    55.114881000    36.569532000      182666.001   0.654   0.488   2.139
MOBN VEL          11.581          22.756           0.522   0.042   0.031   0.136
MOBS POS   -37.829400000   144.975342000       40575.764   0.672   0.540   2.214
MOBS VEL          57.027          19.248          -1.540   0.040   0.032   0.131
MOCU POS   -16.868589000    36.835138000      225511.542   8.636   9.553  35.832
MOCU VEL          17.132          19.202          -0.821   0.654   0.724   2.714
MODB POS    41.902324000  -120.302835000     1567204.553   0.370   0.332   1.518
MODB VEL          -7.378         -16.850          -0.052   0.046   0.041   0.196
MOIL POS    40.710681000  -115.412117000     2160442.890   0.729   0.548   2.311
MOIL VEL          -9.665         -16.780           0.009   0.089   0.066   0.280
MOIU POS     0.288323000    35.290014000     2201491.904   1.074   1.220   4.763
MOIU VEL          18.372          24.359          -1.702   0.086   0.098   0.386
MOLA POS    37.946577000  -122.419931000      -20393.132   5.540   4.577  21.357
MOLA VEL          11.558         -30.060          -1.056   0.202   0.167   0.781
MONB POS    37.485327000  -121.866871000      750338.494   1.264   1.031   4.067
MONB VEL           5.253         -27.468          -0.949   0.131   0.106   0.420
MONG POS   -15.254116000    23.150741000     1061669.734   7.448   8.955  32.026
MONG VEL          19.669          20.406          -0.053   0.538   0.647   2.313
MONI POS    39.147708000  -116.715575000     2109031.413   4.194   3.399  14.413
MONI VEL          -9.316         -16.045           0.002   0.226   0.183   0.775
MONP POS    32.891943000  -116.422357000     1842539.506   0.473   0.420   1.736
MONP VEL          16.620         -38.915          -0.636   0.067   0.059   0.243
MOPI POS    48.372730000    17.273884000      578990.331   0.566   0.405   2.169
MOPI VEL          15.216          21.509           0.858   0.048   0.034   0.170
MOPR POS    18.076900000   -67.931153000      -39598.166   1.517   1.694   6.575
MOPR VEL          11.633           8.515          -0.606   0.104   0.116   0.450
MOPS POS    44.629357000    10.949200000       92151.996   1.085   0.859   3.391
MOPS VEL          18.585          21.745          -2.870   0.197   0.153   0.600
MOR1 POS    40.789526000   -72.746295000      -24194.054   2.836   2.339   9.764
MOR1 VEL           4.987         -15.077          -2.370   0.125   0.103   0.428
MORP POS    55.212793000    -1.685491000      144455.885   3.338   2.593  12.773
MORP VEL          16.823          15.488           0.890   0.051   0.037   0.177
MOUT POS    41.046217000  -111.665598000     1609776.693   2.429   1.780   9.726
MOUT VEL          -7.502         -13.888          -1.987   0.213   0.156   0.850
MOZI POS    36.455518000    25.422146000      353700.309   7.513   6.592  25.536
MOZI VEL         -17.187           4.892           3.429   0.602   0.529   2.047
MPLA POS   -38.035601000   -57.531142000       20163.290   8.828   7.363  31.341
MPLA VEL          11.717          -0.201           2.362   0.418   0.347   1.480
MPLE POS    43.615078000   -84.761752000      200623.762   0.492   0.386   1.560
MPLE VEL           1.207         -15.806          -1.506   0.108   0.085   0.342
MPUT POS    40.015598000  -111.633633000     1829160.953   0.990   0.996   5.327
MPUT VEL          -8.256         -15.127           0.594   0.112   0.112   0.597
MPWD POS    34.295514000  -118.878024000      190236.045   0.325   0.287   1.255
MPWD VEL          18.469         -39.356          -0.321   0.021   0.019   0.082
MQZG POS   -43.702729000   172.654692000      154621.425   0.565   0.443   2.118
MQZG VEL          30.273         -35.386          -2.165   0.135   0.104   0.458
MRDM POS    34.175231000  -117.881695000      328050.087   1.823   1.643   6.523
MRDM VEL          11.351         -35.701           0.062   0.112   0.101   0.401
MREP POS    53.809592000  -166.748345000      786735.219   0.498   0.365   1.492
MREP VEL         -21.982          -7.388           3.690   0.122   0.091   0.388
MRO1 POS   -26.696632000   116.637496000      354065.194   0.639   0.613   2.449
MRO1 VEL          57.971          38.678          -0.525   0.246   0.240   0.966
MRRN POS    42.904286000  -101.696425000      971650.938   3.476   2.648  11.379
MRRN VEL          -4.232         -15.461          -2.061   0.179   0.137   0.580
MSAI POS    -1.326412000    99.089488000       28591.319   6.734   8.450  29.981
MSAI VEL          31.995          35.841          -3.370   0.525   0.657   2.339
MSCG POS    34.038502000  -116.647964000      913081.009   0.452   0.384   1.627
MSCG VEL           4.737         -23.389           0.489   0.098   0.083   0.348
MSHP POS    37.556324000  -121.924896000      172199.660   1.421   1.141   5.116
MSHP VEL           6.450         -27.161          -0.814   0.146   0.115   0.524
MSKU POS    -1.631597000    13.552003000      359710.086   4.969   5.699  22.516
MSKU VEL          21.256          20.301           2.499   0.228   0.264   1.032
MSOB POS    34.230845000  -117.210131000     1733173.013   0.802   0.812   3.806
MSOB VEL           6.847         -26.890           2.211   0.111   0.106   0.461
MSSA POS    36.140352000   138.352311000     1628103.979   0.885   0.698   3.077
MSSA VEL          -3.966          13.604           4.162   0.499   0.398   1.743
MSSC POS    30.375226000   -89.613871000      -13106.995   1.463   1.366   5.805
MSSC VEL          -0.117         -12.499          -1.151   0.093   0.086   0.369
MSVG POS    72.240824000   -23.912867000       88212.683   0.582   0.444   2.288
MSVG VEL          19.742         -11.920           3.429   0.136   0.103   0.534
MSWB POS    53.914691000  -166.787884000      431056.670   0.607   0.428   1.807
MSWB VEL         -21.891          -8.208           2.491   0.203   0.143   0.614
MTA1 POS    34.055221000  -118.245509000       72618.253   0.611   0.616   2.563
MTA1 VEL          13.630         -38.427          -2.427   0.189   0.188   0.798
MTBG POS    47.737873000    16.404257000      293819.135   2.133   1.575   6.287
MTBG VEL          15.932          21.676          -0.036   0.136   0.101   0.402
MTGG POS    33.199165000  -116.647232000     1066702.555   0.605   0.515   2.124
MTGG VEL          16.201         -38.109          -1.082   0.096   0.081   0.327
MTJO POS   -43.985699000   170.464934000     1043660.441   0.692   0.539   2.086
MTJO VEL          31.302         -29.030          -0.756   0.125   0.094   0.370
MTKA POS    35.679515000   139.561392000      109119.459   0.912   0.745   3.214
MTKA VEL          -4.918           1.257           3.620   0.435   0.357   1.519
MTY2 POS    25.715506000  -100.312908000      521749.864   3.773   3.996  14.933
MTY2 VEL          -3.791         -10.183          -1.803   0.598   0.618   2.244
MULN POS    36.565084000  -120.091615000       24525.487   1.144   0.956   4.075
MULN VEL           0.516         -21.226         -54.467   0.424   0.352   1.383
MUSB POS    37.169941000  -119.309355000     2042533.429   0.484   0.401   1.656
MUSB VEL          -1.786         -21.894           2.200   0.115   0.097   0.411
MUSD POS    34.261607000  -119.096059000       33826.444   9.519   8.259  34.945
MUSD VEL          20.146         -41.323           2.163   0.388   0.337   1.425
MVFD POS    33.210875000  -116.525321000     1190069.637   0.728   0.650   2.679
MVFD VEL          14.225         -36.711          -0.837   0.053   0.046   0.190
MWTP POS    37.640519000  -118.944735000     2317405.894   0.941   0.760   3.187
MWTP VEL          -2.157         -21.653          -0.241   0.151   0.122   0.523
MXS1 POS    32.643535000  -115.473941000      -33107.743   0.796   0.737   3.199
MXS1 VEL           8.561         -25.719          -2.741   0.450   0.418   1.816
MYT2 POS    40.102662000  -110.048517000     1610521.478   1.822   1.451   5.973
MYT2 VEL          -6.718         -13.812          -0.400   0.124   0.099   0.409
NAGA POS    27.692729000    85.521226000     2104959.169   9.132   9.371  41.509
NAGA VEL          33.574          36.827          -6.646   0.340   0.348   1.542
NAIN POS    56.536978000   -61.688722000       32868.655   0.661   0.458   1.931
NAIN VEL          10.579         -16.303           4.243   0.044   0.030   0.127
NAIU POS    41.015671000  -112.229630000     1455799.471   1.015   0.852   3.771
NAIU VEL          -8.920         -15.575           0.922   0.094   0.076   0.326
NAMA POS    19.211430000    42.044653000     2703109.452   2.344   2.425   9.813
NAMA VEL          27.347          34.499           0.077   0.169   0.174   0.706
NANO POS    49.294809000  -124.086481000        6606.716   0.465   0.330   1.326
NANO VEL          -8.205          -8.129           1.273   0.114   0.080   0.330
NAS0 POS    25.052540000   -77.462258000      -21258.660   0.855   0.854   3.552
NAS0 VEL           3.948          -9.142          -0.260   0.141   0.142   0.588
NAUR POS    -0.551725000   166.925538000       46238.349   0.419   0.485   1.696
NAUR VEL          28.988         -67.988          -0.264   0.107   0.120   0.441
NBPS POS    34.508621000  -116.148175000     1098814.497   5.981   5.080  20.872
NBPS VEL          -6.783         -13.567           0.841   0.312   0.265   1.087
NBR2 POS    35.174980000   -77.049822000      -24989.857   8.077   7.194  30.718
NBR2 VEL           3.501         -13.358          -0.825   0.215   0.188   0.815
NDAP POS    34.767686000  -114.618632000      241365.356   0.411   0.352   1.436
NDAP VEL          -8.876         -14.738          -0.347   0.083   0.070   0.287
NDBC POS    30.356281000   -89.610280000      -11692.616   2.118   2.030   8.365
NDBC VEL          -0.200         -12.309          -1.184   0.099   0.095   0.389
NDS1 POS    37.301535000   -95.601494000      237603.388   2.816   2.424  10.012
NDS1 VEL          -1.916         -14.768           0.264   0.134   0.115   0.474
NDSK POS    37.380778000   -95.638241000      225840.220  11.748  10.155  43.435
NDSK VEL          -2.949         -14.520           0.006   0.429   0.371   1.587
NEAH POS    48.297854000  -124.624908000      459948.419   0.812   0.543   2.495
NEAH VEL          -4.613          -2.920           2.040   0.085   0.060   0.269
NEB3 POS    46.321302000   -84.150418000      147141.341  16.697  12.181  51.711
NEB3 VEL           4.513         -15.707           3.920   0.597   0.436   1.850
NEFT POS    39.404341000    49.243197000      -29195.636   4.840   3.927  16.671
NEFT VEL          15.693          28.779          -6.854   0.349   0.271   1.147
NEIA POS   -25.020236000   -47.924969000        6074.017   0.813   0.760   3.532
NEIA VEL          12.639          -2.708          -0.206   0.142   0.141   0.663
NETP POS    29.791155000   -95.334223000      -10572.392   0.567   0.615   2.629
NETP VEL          -3.490         -12.580          -2.308   0.115   0.123   0.554
NETT POS   -43.756118000   170.061213000     2251853.155   1.417   1.085   4.439
NETT VEL          34.623         -21.353           2.812   0.107   0.081   0.334
NEVA POS    36.850350000  -116.310297000     1290107.620   5.523   4.499  18.544
NEVA VEL          -8.785         -15.470          -0.686   0.315   0.257   1.061
NEWL POS    50.103032000    -5.542784000       64494.541   0.869   0.617   2.552
NEWL VEL          16.907          15.754          -0.447   0.106   0.075   0.307
NEWP POS    44.585024000  -124.061888000       20488.079   4.106   3.076  13.277
NEWP VEL          -3.013          -4.830           2.869   0.201   0.151   0.650
NEWS POS    39.685615000  -117.508940000     1770276.295   0.527   0.423   1.766
NEWS VEL          -9.673         -16.602           0.878   0.077   0.061   0.252
NHRG POS    34.498659000  -119.141267000     1648740.471   0.504   0.431   1.762
NHRG VEL          12.597         -38.306           0.113   0.043   0.037   0.145
NICO POS    35.140989000    33.396450000      190014.551   0.453   0.377   1.527
NICO VEL          15.522          19.369          -0.292   0.044   0.038   0.153
NIEB POS   -39.868740000   -73.401100000       57628.775   5.036   4.257  16.414
NIEB VEL          13.579          19.322           4.479   0.379   0.320   1.235
NIHU POS   -36.394608000   -72.397312000      112964.554   4.116   3.451  13.921
NIHU VEL          17.419         -10.620           5.775   0.364   0.305   1.232
NIST POS    39.995066000  -105.262608000     1648350.326   0.461   0.381   1.463
NIST VEL          -6.044         -15.129          -0.472   0.099   0.081   0.321
NISU POS    39.995424000  -105.262255000     1653765.518   9.001   7.578  31.695
NISU VEL          -5.911         -14.572          -0.511   0.499   0.420   1.758
NIUM POS   -19.076521000  -169.927078000       89697.634   0.582   0.647   2.484
NIUM VEL          35.377         -61.487          -1.285   0.115   0.129   0.497
NJI2 POS    40.741483000   -74.177709000       16668.481   0.705   0.566   2.207
NJI2 VEL           4.844         -15.194          -0.869   0.057   0.047   0.187
NKLG POS     0.353910000     9.672129000       31499.278   0.544   0.649   2.251
NKLG VEL          19.194          22.313          -0.398   0.042   0.050   0.178
NLGN POS    42.206743000   -97.795304000      500398.653   5.342   4.449  19.261
NLGN VEL          -2.964         -15.372          -1.121   0.304   0.255   1.103
NLIB POS    41.771591000   -91.574899000      206973.259   0.699   0.655   2.969
NLIB VEL          -1.015         -15.509          -2.851   0.116   0.100   0.441
NLSN POS   -41.183499000   173.433730000      302117.067   0.631   0.517   1.964
NLSN VEL          41.152          -5.474          -1.347   0.290   0.233   0.890
NMEA POS   -22.264781000   166.442519000       71213.614   0.819   0.865   3.424
NMEA VEL          46.260          19.589          -1.564   0.201   0.203   0.816
NMKM POS    36.454453000   -89.400391000       59938.257   0.761   0.658   2.642
NMKM VEL          -1.079         -14.127          -0.470   0.284   0.243   0.981
NNOR POS   -31.048724000   116.192726000      234804.759   0.880   0.830   3.952
NNOR VEL          58.031          38.300          -1.115   0.073   0.070   0.339
NNVN POS    61.631878000   -44.901071000     2134691.482   0.858   0.590   2.414
NNVN VEL          15.593         -18.443          10.091   0.236   0.163   0.668
NOA1 POS    38.047062000    23.864035000      537824.924   0.907   0.770   3.180
NOA1 VEL         -11.578           8.047           0.609   0.138   0.118   0.480
NOCO POS    33.919711000  -117.569588000      186789.380   0.441   0.382   1.526
NOCO VEL          14.036         -35.012          -0.107   0.050   0.043   0.170
NOMT POS    45.596918000  -111.629825000     1578032.417   0.563   0.421   1.801
NOMT VEL          -8.860         -14.345          -0.808   0.046   0.034   0.151
NOPE POS    35.969450000  -115.985042000      844189.264   3.996   3.168  13.127
NOPE VEL          -8.604         -15.032           0.260   0.282   0.224   0.927
NOPK POS    33.979739000  -118.348019000       33115.276   0.590   0.470   2.073
NOPK VEL          17.467         -37.405          -0.072   0.136   0.115   0.481
NOR1 POS    44.255826000   -85.437163000      364040.845   0.531   0.424   1.731
NOR1 VEL           0.296         -16.448          -1.992   0.109   0.085   0.351
NOR2 POS    44.989260000   -84.683392000      360325.940   8.412   6.310  26.798
NOR2 VEL           0.608         -16.901          -2.947   0.388   0.291   1.235
NOR3 POS    45.068585000   -83.568651000      174455.070   0.542   0.417   1.705
NOR3 VEL           0.555         -16.638          -0.395   0.087   0.067   0.277
NORM POS    43.738874000  -121.252723000     2161377.169   0.638   0.465   2.043
NORM VEL          -7.757         -14.072           0.095   0.138   0.102   0.447
NOT1 POS    36.875848000    14.989792000      126315.796   0.366   0.321   1.323
NOT1 VEL          19.815          21.319          -1.049   0.042   0.037   0.154
NOTO POS    36.876114000    14.989815000      126231.616  10.286   9.009  41.144
NOTO VEL          18.994          21.006           0.248   0.367   0.322   1.470
NOUM POS   -22.269842000   166.410206000       82975.492   2.232   2.261   9.118
NOUM VEL          46.484          21.435          -3.524   0.096   0.097   0.395
NOVA POS    45.447233000     8.613977000      218588.959   2.069   1.609   6.652
NOVA VEL          16.066          20.226           0.647   0.104   0.081   0.335
NOVJ POS    55.029925000    82.909138000      125918.092  11.777   7.854  36.107
NOVJ VEL           0.485          24.348          -0.525   0.559   0.373   1.715
NOVM POS    55.030501000    82.909496000      150062.585   0.614   0.431   1.767
NOVM VEL          -0.370          25.723          -1.393   0.085   0.059   0.249
NPIT POS    19.412276000  -155.281004000     1131023.923   6.561   7.417  30.104
NPIT VEL          48.746         -60.119          22.975   0.433   0.492   1.826
NPLD POS    51.420984000    -0.339632000       72628.380   7.094   5.063  20.316
NPLD VEL          16.057          17.117          -0.734   0.359   0.256   1.027
NPLY POS   -39.182548000   174.118174000      416911.503   0.359   0.297   1.154
NPLY VEL          39.908           0.137          -0.798   0.060   0.049   0.193
NPOC POS    19.392996000  -155.109599000      808698.890   0.736   0.778   2.957
NPOC VEL          20.461         -59.526          -8.436   0.219   0.241   0.917
NPRG POS    43.597192000  -112.827929000     1500800.226   2.505   1.902   7.976
NPRG VEL          -9.708         -16.049          -0.214   0.198   0.150   0.627
NPRI POS    41.509848000   -71.327541000      -13112.740   0.923   0.692   2.908
NPRI VEL           5.749         -15.066          -0.536   0.046   0.035   0.146
NRC1 POS    45.454163000   -75.623832000       82551.182   0.335   0.254   1.020
NRC1 VEL           3.715         -16.173           3.158   0.038   0.029   0.119
NRC2 POS    45.454163000   -75.623832000       82589.665  14.284  10.554  44.311
NRC2 VEL           3.352         -16.225           4.461   0.577   0.426   1.790
NRIF POS    30.038422000    35.036046000      457519.271   1.494   1.560   7.218
NRIF VEL          20.692          24.583           0.318   0.054   0.049   0.199
NRIL POS    69.361833000    88.359793000       47947.217   0.476   0.343   1.699
NRIL VEL          -2.007          22.306           1.617   0.031   0.022   0.109
NRL1 POS    38.820748000   -77.024406000      -18221.381   2.484   2.046   8.397
NRL1 VEL           4.206         -14.672          -1.158   0.240   0.198   0.812
NRMD POS   -22.228318000   166.484889000      160320.397   0.498   0.513   1.965
NRMD VEL          45.428          21.145          -0.755   0.062   0.064   0.242
NRSK POS    79.155031000   -17.725422000      348062.251   0.729   0.608   3.870
NRSK VEL          21.108          -9.020           5.649   0.201   0.166   1.067
NRWY POS    44.714846000  -110.677721000     2342690.623   1.912   1.466   6.820
NRWY VEL         -10.072         -15.515          -2.343   0.311   0.227   0.962
NSSP POS    40.226458000    44.502934000     1194747.882   2.704   2.102   9.047
NSSP VEL          17.299          28.923           0.218   0.140   0.109   0.470
NSSS POS    32.579318000  -116.972690000      123558.742   0.442   0.387   1.588
NSSS VEL          18.365         -40.353          -1.767   0.054   0.046   0.191
NTKA POS    49.592362000  -126.616613000       -1482.148   0.633   0.448   1.918
NTKA VEL          -6.234          -4.587           2.718   0.133   0.095   0.404
NTUS POS     1.345801000   103.679962000       75383.210   0.517   0.617   2.358
NTUS VEL          -5.911          27.116           0.440   0.108   0.128   0.480
NURK POS    -1.944549000    30.089686000     1483772.824   3.285   3.880  13.866
NURK VEL          17.743          25.296          -2.887   0.251   0.297   1.061
NVSK POS    54.840611000    83.235453000      123057.464   0.624   0.425   1.974
NVSK VEL          -0.753          26.079          -0.143   0.093   0.063   0.291
NWBL POS    16.820417000   -62.202704000      146693.351   0.583   0.615   2.514
NWBL VEL          20.720          10.051           3.169   0.085   0.090   0.362
NWCC POS    36.416616000   -89.458292000       64832.526   1.647   1.461   5.755
NWCC VEL          -0.126         -14.269          -1.720   0.121   0.105   0.438
NWOT POS    40.055386000  -105.590530000     3522455.969   4.887   4.137  16.887
NWOT VEL          -6.257         -14.977           0.364   0.669   0.567   2.313
NYA1 POS    78.929558000    11.865319000       84456.228   1.357   1.123   6.981
NYA1 VEL          14.618          10.392           8.391   0.073   0.060   0.378
NYAL POS    78.929588000    11.865096000       78728.218   0.736   0.609   3.842
NYAL VEL          14.576          10.317           8.483   0.087   0.071   0.454
NZRT POS    32.782500000    35.331451000      411688.423   0.692   0.629   2.710
NZRT VEL          20.512          22.456           0.492   0.088   0.078   0.342
OAES POS    34.141004000  -116.067740000      604773.358   0.378   0.325   1.318
OAES VEL          -5.070         -16.627          -0.040   0.042   0.035   0.144
OAT2 POS    34.329894000  -118.601387000     1112723.512  11.610  10.622  43.765
OAT2 VEL          15.681         -37.974           5.441   0.438   0.402   1.655
OBE2 POS    48.086173000    11.279876000      641429.447   5.487   4.270  17.391
OBE2 VEL          15.829          20.538           0.185   0.254   0.197   0.799
OBE3 POS    48.086187000    11.279811000      642359.567   6.016   4.584  19.522
OBE3 VEL          16.628          19.671           1.394   0.386   0.294   1.265
OBE4 POS    48.084807000    11.277861000      650496.321   0.457   0.343   1.332
OBE4 VEL          15.588          20.443           0.082   0.059   0.045   0.173
OBEC POS    44.065964000  -123.098152000      111761.500   1.097   0.792   3.301
OBEC VEL          -5.758         -11.015          -0.364   0.146   0.105   0.440
OBER POS    48.086173000    11.279876000      641406.464  10.936   7.964  31.792
OBER VEL          15.873          20.538          -0.989   0.343   0.251   1.021
OBSR POS    46.899797000  -121.815368000     2363108.060   0.477   0.351   1.538
OBSR VEL          -8.145          -9.396          -0.073   0.054   0.039   0.171
OCEN POS    46.952371000  -124.159714000      -17372.200   0.475   0.341   1.373
OCEN VEL          -0.646          -0.274          -0.288   0.089   0.064   0.255
OCSD POS    33.240669000  -117.346741000       42887.230   0.698   0.662   2.826
OCSD VEL          18.244         -38.859          -0.478   0.120   0.109   0.455
ODS5 POS    31.873924000  -102.315167000      858771.323   6.443   6.280  26.889
ODS5 VEL          -5.872         -12.092          -0.391   0.248   0.242   1.042
OEOC POS    33.765861000  -117.744143000      358601.261   0.652   0.561   2.305
OEOC VEL          17.289         -37.862          -0.880   0.051   0.043   0.173
OFW2 POS    44.451106000  -110.831154000     2280402.286   0.663   0.520   2.202
OFW2 VEL          -9.973         -13.414         -14.730   0.309   0.241   1.083
OFWY POS    44.451773000  -110.831870000     2287991.870  10.351   7.997  32.818
OFWY VEL         -11.407         -14.931           0.274   0.430   0.332   1.364
OGHS POS    33.130610000  -117.041776000      185248.162   6.923   6.102  25.350
OGHS VEL          17.607         -38.284           0.385   0.356   0.314   1.302
OHI2 POS   -63.321079000   -57.901326000       32505.613   0.606   0.428   1.895
OHI2 VEL          10.033          14.975           1.927   0.075   0.053   0.233
OHI3 POS   -63.321091000   -57.901380000       32650.094   0.636   0.445   1.958
OHI3 VEL           9.568          15.558           2.633   0.084   0.059   0.258
OHIG POS   -63.320721000   -57.900333000       30805.354   9.016   6.110  29.597
OHIG VEL          10.270          14.063           4.847   0.327   0.223   1.066
OHLN POS    38.006254000  -122.272995000        -552.263   0.634   0.543   2.274
OHLN VEL           6.611         -26.494          -1.674   0.123   0.106   0.442
OKEE POS    42.913863000   -82.594876000      159685.370   0.786   0.622   2.568
OKEE VEL           3.000         -16.382          -1.838   0.142   0.113   0.474
OKIT POS    19.383240000  -155.111945000      823772.877   0.786   0.865   3.321
OKIT VEL          14.621         -56.393         -14.910   0.334   0.373   1.411
OKNC POS    53.456088000  -168.125635000      414666.409   1.463   1.061   4.428
OKNC VEL           0.985          -3.947          26.171   0.337   0.243   0.999
OKOM POS    34.090264000   -88.862482000      105746.215  11.282   9.838  47.955
OKOM VEL          -0.169         -13.383           0.404   0.467   0.405   1.979
OKSO POS    53.356459000  -168.162048000      471316.649   0.967   0.697   3.058
OKSO VEL         -28.172          -8.995           5.412   0.294   0.209   0.932
OMH1 POS    41.778275000   -95.911311000      397815.830   3.667   2.865  12.138
OMH1 VEL          -2.404         -15.079           1.203   0.159   0.124   0.527
ONAB POS    44.514522000  -124.074518000       17527.810   1.190   0.929   3.937
ONAB VEL          -2.734          -5.627          -0.697   0.083   0.064   0.261
ONSA POS    57.395302000    11.925523000       45633.915   0.700   0.503   2.034
ONSA VEL          14.821          17.218           2.702   0.024   0.017   0.069
OPBL POS    34.369881000  -115.918060000     1226531.290   0.398   0.340   1.362
OPBL VEL          -7.214         -14.745          -0.367   0.075   0.063   0.254
OPCL POS    34.427716000  -116.305460000     1312915.021   0.600   0.512   2.080
OPCL VEL          -3.097         -16.451           0.883   0.103   0.086   0.354
OPCP POS    34.367128000  -116.083375000     1096670.012   0.565   0.491   2.120
OPCP VEL          -5.833         -14.457           0.978   0.126   0.112   0.475
OPCX POS    34.430081000  -116.149487000     1133827.866   0.598   0.514   2.089
OPCX VEL          -5.715         -15.091           0.268   0.058   0.049   0.198
OPMT POS    48.835923000     2.334944000      122584.890   0.851   0.695   3.027
OPMT VEL          16.113          18.203          -0.108   0.032   0.026   0.111
OPRD POS    34.533031000  -116.292283000     1400250.702   0.569   0.499   2.085
OPRD VEL          -4.108         -16.458           1.355   0.108   0.094   0.380
ORC5 POS    34.802075000  -120.443075000      103627.839   0.872   0.739   3.128
ORC5 VEL          22.072         -41.642          -0.195   0.249   0.211   0.887
ORES POS    34.739064000  -120.278567000      143627.114   0.622   0.527   2.349
ORES VEL          22.714         -41.587          -6.577   0.207   0.171   0.765
ORID POS    41.127314000    20.794056000      773013.752   0.634   0.512   1.973
ORID VEL          11.744          24.080          -0.120   0.065   0.053   0.205
ORMT POS    34.674904000  -116.815096000     1893331.594   0.408   0.346   1.458
ORMT VEL          -0.212         -21.017           0.248   0.079   0.066   0.272
ORVB POS    39.554627000  -121.500296000      340000.435   0.524   0.414   1.669
ORVB VEL          -4.310         -22.606          -0.339   0.170   0.135   0.548
OS0G POS    57.395302000    11.925523000       45605.878   8.917   5.989  26.005
OS0G VEL          14.810          16.743           1.727   0.362   0.243   1.055
OSHK POS    40.529934000    72.777500000     1014929.238   4.866   3.711  15.905
OSHK VEL           8.602          27.526           0.081   0.411   0.313   1.343
OSJE POS    45.560770000    18.680490000      153857.954   1.815   1.426   5.541
OSJE VEL          15.706          22.883          -1.266   0.088   0.068   0.266
OSN1 POS    37.077565000   127.024039000       51775.003  14.092  11.383  47.546
OSN1 VEL         -12.464          26.390           1.439   0.160   0.131   0.563
OSN2 POS    37.077565000   127.024039000       51767.889  18.636  15.097  62.624
OSN2 VEL         -12.330          26.443           1.026   0.348   0.287   1.209
OUS2 POS   -45.869469000   170.510924000       26088.639   0.699   0.537   2.069
OUS2 VEL          30.899         -32.873          -1.493   0.157   0.118   0.467
OVLS POS    34.327362000  -119.141955000       69196.634   0.581   0.543   2.452
OVLS VEL          17.753         -39.806          -1.213   0.051   0.047   0.215
OXEC POS    16.519969000   -96.054885000      808487.919   3.237   3.610  14.801
OXEC VEL           6.141          -2.026           0.162   0.199   0.221   0.911
OXMT POS    37.499366000  -122.424324000      209080.155   0.797   0.587   3.717
OXMT VEL          20.532         -36.634          -4.108   0.114   0.092   0.505
OXYC POS    34.128814000  -118.207322000      209816.821   0.490   0.423   1.689
OXYC VEL          13.480         -37.406           0.080   0.052   0.044   0.173
OYLR POS    47.474629000  -122.204772000       24636.763   2.041   1.503   5.891
OYLR VEL          -8.166          -9.730          -2.113   0.196   0.143   0.565
OZST POS    34.683373000  -119.353415000     1059194.728   0.369   0.311   1.335
OZST VEL          12.857         -38.565           1.498   0.052   0.044   0.189
P001 POS    31.949376000  -112.801705000      474695.348   0.612   0.574   2.332
P001 VEL          -8.022         -13.276          -0.564   0.117   0.105   0.420
P002 POS    39.521137000  -117.186535000     1741689.605   0.409   0.329   1.306
P002 VEL          -9.494         -16.359          -0.835   0.089   0.071   0.281
P003 POS    32.722543000  -114.004954000       50954.838   0.449   0.396   1.641
P003 VEL          -8.050         -13.700          -0.558   0.097   0.085   0.348
P004 POS    34.784381000  -112.151984000     1791765.446   0.358   0.298   1.189
P004 VEL          -8.295         -14.377          -0.708   0.063   0.052   0.205
P005 POS    39.910170000  -115.278631000     2015651.680   0.563   0.476   2.098
P005 VEL          -9.462         -16.833          -0.992   0.064   0.053   0.235
P006 POS    36.154186000  -114.456915000      365225.304   0.461   0.390   1.542
P006 VEL          -8.573         -14.538           1.113   0.094   0.079   0.311
P007 POS    41.724199000  -114.819716000     1686570.258   0.424   0.335   1.343
P007 VEL          -9.763         -16.813          -0.117   0.091   0.070   0.279
P008 POS    36.142820000  -111.130051000     1522041.022   0.354   0.302   1.219
P008 VEL          -7.858         -13.974          -0.527   0.033   0.028   0.112
P009 POS    38.479929000  -112.222718000     1761510.766   0.377   0.314   1.250
P009 VEL          -8.406         -15.021          -0.358   0.049   0.040   0.161
P010 POS    34.667261000  -113.731346000     1399041.818   0.370   0.313   1.246
P010 VEL          -8.433         -14.171          -0.661   0.041   0.034   0.137
P011 POS    36.149827000  -109.519231000     1728491.611   0.670   0.576   2.315
P011 VEL          -7.281         -14.070          -0.386   0.060   0.050   0.196
P012 POS    38.097432000  -109.333839000     1788485.367   0.344   0.285   1.122
P012 VEL          -7.523         -14.371          -0.469   0.054   0.044   0.172
P013 POS    41.428740000  -117.329998000     1433412.733   0.420   0.326   1.294
P013 VEL          -9.493         -16.376          -0.677   0.092   0.070   0.279
P014 POS    31.972893000  -111.098599000     1067952.473   0.692   0.630   2.611
P014 VEL          -7.259         -13.205          -0.311   0.051   0.045   0.186
P015 POS    34.263810000  -110.009488000     1930195.982   0.633   0.558   2.184
P015 VEL          -7.311         -13.569          -0.078   0.050   0.043   0.169
P016 POS    40.078121000  -112.361406000     1730515.913   0.443   0.356   1.389
P016 VEL          -8.745         -16.410          -0.190   0.047   0.037   0.145
P017 POS    41.275895000  -119.935514000     2390625.086   1.243   0.970   3.836
P017 VEL          -7.401         -17.398           0.096   0.073   0.057   0.223
P018 POS    42.981705000  -117.064562000     1424240.873   0.401   0.307   1.201
P018 VEL          -9.552         -15.906          -0.870   0.043   0.032   0.127
P019 POS    43.300195000  -115.311665000     1682354.867   0.387   0.297   1.164
P019 VEL          -9.957         -15.964          -1.533   0.060   0.045   0.178
P020 POS    47.002207000  -118.565773000      480107.781   0.370   0.268   1.070
P020 VEL          -9.980         -13.333          -0.741   0.031   0.022   0.088
P021 POS    48.674691000  -118.730256000     1163166.451   0.523   0.375   1.592
P021 VEL         -10.296         -13.392          -0.097   0.105   0.075   0.313
P022 POS    45.231784000  -118.013776000      888112.107   0.387   0.286   1.176
P022 VEL          -9.833         -13.945          -0.225   0.062   0.045   0.185
P023 POS    44.898432000  -116.103009000     1521589.047   0.413   0.324   1.343
P023 VEL          -9.882         -14.213          -0.215   0.071   0.054   0.223
P024 POS    47.562201000  -115.842438000     1907615.775   0.424   0.314   1.227
P024 VEL         -10.130         -13.936          -0.233   0.046   0.034   0.132
P025 POS    48.731012000  -116.287515000      695465.130   0.397   0.284   1.142
P025 VEL         -10.254         -13.818           0.674   0.037   0.026   0.107
P026 POS    32.658960000  -107.194875000     1236847.129   0.459   0.417   1.639
P026 VEL          -6.294         -13.016          -0.351   0.030   0.027   0.106
P027 POS    32.801858000  -105.804162000     2896730.305   0.459   0.409   1.668
P027 VEL          -6.131         -13.196          -0.233   0.069   0.061   0.247
P028 POS    36.031684000  -107.908411000     1933106.988   0.597   0.511   1.974
P028 VEL          -6.763         -13.936          -0.621   0.047   0.039   0.153
P029 POS    38.439190000  -107.638046000     2455393.297   0.452   0.374   1.443
P029 VEL          -8.978         -16.224           2.442   0.093   0.075   0.291
P030 POS    41.749814000  -110.512813000     2149773.744   0.453   0.355   1.418
P030 VEL          -8.063         -14.865          -0.469   0.074   0.058   0.229
P031 POS    39.515496000  -107.908674000     1657561.934   0.414   0.337   1.367
P031 VEL          -7.621         -13.794          -2.919   0.087   0.069   0.283
P032 POS    41.741672000  -107.255927000     2167286.461   0.415   0.331   1.300
P032 VEL          -7.166         -14.751          -1.615   0.080   0.062   0.244
P033 POS    43.952898000  -107.387551000     1375883.049   1.469   1.133   4.368
P033 VEL          -7.291         -14.576          -0.317   0.096   0.072   0.284
P034 POS    34.945619000  -106.459269000     1810907.245   0.655   0.578   2.250
P034 VEL          -6.061         -13.342          -0.268   0.052   0.044   0.174
P035 POS    34.601392000  -105.183605000     1780352.691   0.596   0.528   2.038
P035 VEL          -5.539         -13.470           0.068   0.077   0.065   0.255
P036 POS    36.420274000  -105.293656000     2529892.824   0.352   0.299   1.160
P036 VEL          -5.980         -13.932          -0.953   0.055   0.046   0.182
P037 POS    38.421753000  -105.104687000     1616870.632   0.343   0.287   1.128
P037 VEL          -5.980         -14.247          -0.523   0.042   0.034   0.136
P038 POS    34.147254000  -103.407341000     1212981.010   0.357   0.313   1.221
P038 VEL          -5.123         -13.489           1.360   0.055   0.048   0.189
P039 POS    36.448112000  -103.153957000     1493621.881   1.526   1.333   5.206
P039 VEL          -4.975         -14.007           1.359   0.073   0.061   0.239
P040 POS    38.071498000  -102.686982000     1102642.251   0.397   0.331   1.305
P040 VEL          -5.139         -14.403           0.695   0.074   0.060   0.237
P041 POS    39.949491000  -105.194270000     1728830.153   0.386   0.313   1.220
P041 VEL          -6.695         -14.991          -0.416   0.038   0.031   0.119
P042 POS    42.051505000  -104.910598000     1422420.627   0.421   0.335   1.293
P042 VEL          -6.234         -14.889          -1.290   0.038   0.030   0.117
P043 POS    43.881145000  -104.185706000     1490920.572   0.385   0.301   1.175
P043 VEL          -5.958         -15.202          -1.509   0.052   0.039   0.156
P044 POS    40.171790000  -103.222487000     1411024.118   0.341   0.278   1.070
P044 VEL          -5.392         -14.672          -0.808   0.028   0.023   0.088
P045 POS    45.382872000  -112.617193000     1618189.714   0.385   0.287   1.147
P045 VEL          -9.393         -14.588          -0.870   0.052   0.038   0.155
P046 POS    47.029594000  -113.331737000     1290287.185   0.421   0.311   1.257
P046 VEL          -9.694         -14.164          -0.419   0.072   0.053   0.216
P047 POS    48.421334000  -113.219749000     1475548.907   0.390   0.281   1.117
P047 VEL          -9.694         -14.032          -0.411   0.036   0.026   0.104
P048 POS    45.653043000  -111.204214000     1491956.436   0.408   0.306   1.195
P048 VEL          -8.133         -14.572          -1.040   0.054   0.040   0.159
P049 POS    47.349963000  -110.906236000     1186043.351   0.566   0.422   1.663
P049 VEL          -8.827         -14.737          -1.359   0.040   0.029   0.115
P050 POS    48.809476000  -111.248435000     1266867.218   0.383   0.276   1.106
P050 VEL          -8.962         -14.722          -1.403   0.034   0.024   0.098
P051 POS    45.806600000  -108.546149000     1081076.123   0.682   0.516   2.026
P051 VEL          -7.785         -14.903          -1.600   0.060   0.044   0.173
P052 POS    47.374735000  -107.018681000      858600.032   0.393   0.290   1.144
P052 VEL          -7.315         -15.391          -2.370   0.054   0.039   0.153
P053 POS    48.726079000  -107.725423000      814965.089   0.416   0.300   1.192
P053 VEL          -7.999         -15.416          -2.223   0.066   0.047   0.188
P054 POS    45.846348000  -104.441423000     1093083.018   0.379   0.290   1.124
P054 VEL          -6.264         -15.501          -2.201   0.058   0.044   0.172
P055 POS    47.116713000  -104.685127000      667718.127   0.472   0.355   1.392
P055 VEL          -6.570         -15.523          -3.061   0.121   0.089   0.354
P056 POS    36.027437000  -119.062876000      100796.168   0.567   0.469   1.902
P056 VEL          -0.499         -24.060         -28.069   0.233   0.190   0.769
P057 POS    41.756570000  -112.623143000     1382218.246   0.399   0.314   1.234
P057 VEL          -9.347         -16.202           0.186   0.049   0.038   0.149
P058 POS    40.876306000  -124.075372000       21412.165   1.013   0.804   3.867
P058 VEL           4.759         -10.912           0.796   0.227   0.183   0.852
P059 POS    38.928350000  -123.726205000      -11309.241   0.741   0.588   2.345
P059 VEL          23.820         -37.244          -0.776   0.053   0.042   0.166
P060 POS    40.997631000  -122.414888000      430800.032   0.931   0.699   3.200
P060 VEL          -5.108         -18.957           1.736   0.148   0.111   0.490
P061 POS    42.967377000  -124.014018000      162772.451   1.502   1.097   4.730
P061 VEL          -3.053         -11.138           0.326   0.099   0.073   0.313
P062 POS    43.112386000  -121.090717000     1350264.738   0.735   0.559   2.228
P062 VEL          -7.687         -14.834          -0.132   0.099   0.074   0.294
P063 POS    44.922721000  -120.946156000      965380.705   0.383   0.285   1.148
P063 VEL          -8.809         -12.657          -1.533   0.062   0.046   0.184
P064 POS    47.969845000  -123.487707000     1570744.098   1.437   1.064   4.317
P064 VEL          -7.357          -7.052           0.135   0.112   0.083   0.338
P065 POS    46.843958000  -120.933095000     1017123.053   0.507   0.370   1.598
P065 VEL          -9.211         -11.555          -1.044   0.043   0.031   0.134
P066 POS    32.616527000  -116.169795000      822851.264   0.590   0.517   2.117
P066 VEL          17.666         -39.520          -0.911   0.056   0.048   0.194
P067 POS    35.551756000  -121.002968000      106989.267   0.503   0.416   1.729
P067 VEL          25.462         -39.560          -0.872   0.112   0.091   0.372
P068 POS    39.305642000  -117.984792000     1455904.606   0.537   0.424   1.801
P068 VEL          -9.143         -16.896           0.995   0.089   0.070   0.291
P069 POS    39.287939000  -117.604899000     1886385.459   0.417   0.340   1.355
P069 VEL          -9.292         -16.404          -0.677   0.087   0.070   0.277
P070 POS    36.044779000  -104.698003000     1883520.247   0.621   0.542   2.120
P070 VEL          -5.780         -14.073          -0.235   0.084   0.072   0.280
P071 POS    39.346546000  -117.401185000     2085344.478   0.483   0.382   1.567
P071 VEL          -9.662         -16.438           0.473   0.090   0.071   0.291
P072 POS    39.521454000  -116.740900000     2061181.608   0.508   0.409   1.680
P072 VEL          -9.608         -16.361           0.068   0.087   0.068   0.277
P073 POS    39.500523000  -116.424474000     1942593.888   0.459   0.359   1.442
P073 VEL          -9.780         -16.360          -0.009   0.087   0.067   0.266
P074 POS    39.546426000  -116.049601000     1947668.238   0.353   0.290   1.136
P074 VEL          -9.549         -16.415          -0.586   0.032   0.026   0.103
P075 POS    39.374242000  -115.888821000     1881594.021   0.359   0.289   1.144
P075 VEL          -9.625         -16.520          -0.625   0.033   0.026   0.103
P076 POS    39.536061000  -115.512602000     2006028.054   0.542   0.430   1.718
P076 VEL          -9.478         -16.464          -1.078   0.060   0.047   0.189
P077 POS    39.388560000  -115.431828000     2334188.296   0.448   0.357   1.392
P077 VEL          -9.454         -16.715          -0.901   0.053   0.042   0.163
P078 POS    40.433416000  -117.879809000     1444834.472   0.707   0.561   2.234
P078 VEL          -8.970         -17.653           1.312   0.088   0.069   0.276
P079 POS    39.255208000  -114.691661000     2746347.760   0.768   0.625   2.482
P079 VEL          -9.364         -16.238          -0.576   0.098   0.080   0.316
P080 POS    39.119438000  -114.277219000     1972874.485   0.411   0.327   1.331
P080 VEL          -9.174         -16.497          -0.584   0.050   0.039   0.161
P081 POS    39.067306000  -113.871331000     1588129.649   0.354   0.286   1.136
P081 VEL          -9.159         -16.414          -0.171   0.058   0.047   0.187
P082 POS    39.268933000  -113.505212000     1380980.667   0.423   0.334   1.337
P082 VEL          -9.027         -16.435          -0.279   0.035   0.027   0.109
P083 POS    40.320580000  -117.467640000     1642680.723   0.428   0.345   1.384
P083 VEL          -9.713         -16.595           0.104   0.052   0.041   0.165
P084 POS    40.493951000  -113.054007000     1432794.236   0.377   0.300   1.174
P084 VEL          -9.098         -16.717          -0.012   0.046   0.036   0.142
P085 POS    40.495460000  -116.736216000     1661184.183   0.534   0.428   1.765
P085 VEL         -10.031         -16.594           0.734   0.082   0.065   0.265
P086 POS    40.648793000  -112.282076000     1341505.693   1.174   0.939   3.711
P086 VEL          -8.832         -16.017           0.483   0.075   0.060   0.238
P087 POS    40.363204000  -116.279268000     2358378.827   0.528   0.420   1.652
P087 VEL          -9.669         -16.596           0.203   0.088   0.068   0.268
P088 POS    40.771768000  -111.722895000     1920442.514   0.393   0.313   1.214
P088 VEL          -8.536         -14.588           0.017   0.065   0.051   0.200
P089 POS    40.807086000  -111.415293000     1815718.669   6.908   5.305  20.965
P089 VEL          -7.983         -14.551          -0.503   0.357   0.274   1.084
P090 POS    39.572803000  -119.799857000     1503647.872   0.539   0.429   1.732
P090 VEL          -5.800         -20.600          -0.135   0.096   0.076   0.303
P091 POS    36.614323000  -117.531545000     1966844.657   0.526   0.440   1.736
P091 VEL          -6.628         -17.218          -0.333   0.067   0.055   0.217
P092 POS    36.804193000  -117.406806000     2157064.393   0.504   0.418   1.635
P092 VEL          -7.348         -16.672          -0.034   0.085   0.069   0.268
P093 POS    36.606024000  -117.994148000     1339051.362   0.494   0.421   1.755
P093 VEL          -4.459         -19.069           0.194   0.087   0.073   0.297
P094 POS    37.200835000  -117.704198000     1729213.084   0.511   0.424   1.707
P094 VEL          -7.603         -17.070           0.277   0.080   0.065   0.257
P095 POS    39.698430000  -119.536909000     1608786.248   0.476   0.380   1.594
P095 VEL          -6.455         -19.329           0.309   0.070   0.055   0.231
P096 POS    39.795564000  -119.305647000     1243278.571   0.524   0.411   1.750
P096 VEL          -7.118         -18.867           0.270   0.099   0.077   0.328
P097 POS    39.838805000  -118.873865000     1210369.056   0.419   0.341   1.385
P097 VEL          -7.802         -18.820          -1.243   0.052   0.042   0.173
P098 POS    39.888881000  -118.684418000     1286566.537   0.464   0.367   1.479
P098 VEL          -8.158         -18.338          -0.745   0.107   0.084   0.338
P099 POS    39.212319000  -118.159354000     2455661.699   0.501   0.402   1.587
P099 VEL          -8.077         -16.813           0.665   0.084   0.066   0.256
P100 POS    41.856800000  -113.294219000     1883471.452   0.402   0.316   1.394
P100 VEL          -9.396         -17.150          -0.183   0.037   0.029   0.126
P101 POS    41.692272000  -111.236019000     2016107.153   0.394   0.311   1.215
P101 VEL          -8.478         -14.697          -0.471   0.068   0.053   0.208
P102 POS    39.924920000  -115.556011000     2718078.215   0.500   0.401   1.576
P102 VEL          -9.593         -16.658           0.062   0.050   0.039   0.152
P103 POS    39.345139000  -113.042081000     1491373.713   1.066   0.852   3.384
P103 VEL          -8.940         -16.278          -0.346   0.079   0.063   0.251
P104 POS    39.186082000  -112.717124000     1397553.835   0.602   0.478   1.867
P104 VEL          -8.708         -16.029          -0.793   0.047   0.037   0.146
P105 POS    39.387542000  -112.504092000     1431437.403   0.619   0.506   1.994
P105 VEL          -8.793         -16.453          -1.514   0.081   0.066   0.258
P106 POS    39.458956000  -112.262349000     1559525.559   0.381   0.315   1.255
P106 VEL          -8.554         -16.378          -0.141   0.059   0.048   0.190
P107 POS    35.132179000  -107.880023000     1991648.438   0.600   0.526   2.064
P107 VEL          -6.738         -13.754          -0.547   0.058   0.049   0.193
P108 POS    39.588877000  -111.944554000     1683249.949   0.420   0.342   1.359
P108 VEL          -8.160         -15.637           0.001   0.082   0.065   0.262
P109 POS    39.597484000  -111.650836000     1760949.146   0.525   0.444   1.794
P109 VEL          -8.269         -14.922          -0.363   0.080   0.066   0.265
P110 POS    39.715226000  -111.571145000     2266200.446   0.516   0.418   1.614
P110 VEL          -8.228         -14.782          -0.013   0.123   0.099   0.381
P111 POS    41.817319000  -113.012160000     1366222.164   0.390   0.307   1.225
P111 VEL          -9.422         -17.024           0.468   0.063   0.049   0.195
P112 POS    39.816905000  -111.450000000     1930365.401   0.345   0.280   1.109
P112 VEL          -8.207         -14.537          -0.123   0.054   0.043   0.171
P113 POS    40.671303000  -113.278038000     1317625.570   0.651   0.522   2.104
P113 VEL          -9.190         -16.779           0.053   0.052   0.040   0.161
P114 POS    40.633984000  -112.527633000     1352366.353   0.359   0.288   1.142
P114 VEL          -9.003         -16.467           0.196   0.047   0.037   0.146
P115 POS    40.474422000  -112.428001000     1641981.763   0.377   0.291   1.187
P115 VEL          -8.878         -16.585           0.123   0.035   0.027   0.109
P116 POS    40.434023000  -112.014233000     2034732.486   0.363   0.287   1.116
P116 VEL          -8.791         -16.087           0.504   0.061   0.048   0.186
P117 POS    40.435163000  -111.751427000     1628957.031   0.657   0.576   2.516
P117 VEL          -8.693         -15.860           1.266   0.072   0.063   0.274
P118 POS    40.635488000  -111.349872000     2082581.095   0.347   0.277   1.093
P118 VEL          -8.281         -14.600          -0.484   0.054   0.042   0.167
P119 POS    40.731784000  -111.257734000     2045386.014   0.512   0.410   1.680
P119 VEL          -8.182         -14.514          -0.641   0.037   0.029   0.121
P120 POS    35.007455000  -105.626079000     2089648.127   0.598   0.523   2.032
P120 VEL          -5.777         -13.489          -0.066   0.090   0.076   0.301
P121 POS    41.803387000  -112.698294000     1452437.931   0.436   0.343   1.364
P121 VEL          -9.437         -16.469           0.339   0.061   0.047   0.185
P122 POS    41.635362000  -112.331920000     1293189.882   0.432   0.340   1.362
P122 VEL          -9.438         -15.795          -0.169   0.088   0.068   0.274
P123 POS    36.635171000  -105.910850000     2411179.768   0.347   0.293   1.153
P123 VEL          -6.172         -14.101          -0.639   0.046   0.038   0.152
P124 POS    41.557590000  -111.957371000     1772944.921   0.514   0.408   1.691
P124 VEL          -8.839         -15.195          -0.395   0.060   0.046   0.193
P125 POS    41.589026000  -111.898929000     1521383.024   0.706   0.533   2.150
P125 VEL          -9.083         -15.570          -0.324   0.088   0.067   0.268
P126 POS    41.583243000  -111.780544000     1871709.796   0.440   0.371   1.574
P126 VEL          -8.573         -15.285          -1.383   0.100   0.083   0.352
P127 POS    39.499213000  -119.599929000     1523912.540   0.479   0.396   1.671
P127 VEL          -5.920         -19.428           0.034   0.075   0.062   0.260
P128 POS    39.486097000  -119.068645000     1319984.880   0.638   0.512   2.071
P128 VEL          -6.996         -18.496           0.071   0.083   0.066   0.266
P129 POS    39.133892000  -118.449607000     1714111.303   0.466   0.372   1.476
P129 VEL          -7.502         -17.552          -0.704   0.109   0.086   0.341
P130 POS    39.268034000  -118.937763000     1380050.520   0.733   0.594   2.394
P130 VEL          -6.659         -18.823          -1.185   0.085   0.068   0.272
P131 POS    39.454684000  -118.351272000     1825050.719   0.456   0.363   1.466
P131 VEL          -7.965         -17.985          -0.714   0.105   0.083   0.334
P132 POS    38.728842000  -118.004872000     1549680.750   0.562   0.455   1.820
P132 VEL          -8.419         -16.968          -1.179   0.123   0.098   0.392
P133 POS    38.724601000  -118.460216000     1781806.185   0.536   0.430   1.726
P133 VEL          -6.937         -17.601           0.499   0.087   0.069   0.279
P134 POS    38.980875000  -118.930417000     1885967.086   0.601   0.474   1.894
P134 VEL          -5.878         -18.637           0.224   0.087   0.067   0.267
P135 POS    38.704621000  -119.015375000     1692123.711   0.693   0.558   2.240
P135 VEL          -4.918         -19.150           0.095   0.114   0.090   0.366
P136 POS    38.761366000  -119.458531000     1773253.745   0.542   0.450   1.893
P136 VEL          -4.382         -20.235           0.443   0.087   0.071   0.301
P137 POS    40.779794000  -119.476771000     1331762.534   0.440   0.366   1.566
P137 VEL          -7.709         -17.932          -0.842   0.063   0.051   0.220
P138 POS    40.242177000  -119.010169000     1243699.467   0.428   0.368   1.596
P138 VEL          -8.136         -18.361          -0.911   0.052   0.044   0.192
P139 POS    39.908198000  -119.722456000     1522974.525   0.488   0.386   1.571
P139 VEL          -6.344         -19.529          -0.192   0.121   0.095   0.386
P140 POS    38.829234000  -120.693199000     1079212.178   0.527   0.450   1.956
P140 VEL          -3.675         -22.454          -0.513   0.131   0.114   0.499
P141 POS    39.046632000  -120.385588000     2170352.993   0.549   0.442   1.886
P141 VEL          -3.713         -22.582          -1.802   0.070   0.056   0.241
P142 POS    39.123532000  -119.810722000     1784914.728   0.472   0.376   1.568
P142 VEL          -4.163         -21.618          -1.204   0.115   0.091   0.380
P143 POS    38.760166000  -119.764841000     1733573.666   0.423   0.343   1.364
P143 VEL          -3.524         -22.133          -1.553   0.097   0.078   0.309
P144 POS    39.466703000  -120.892990000     1436851.780   0.494   0.412   1.768
P144 VEL          -3.996         -22.313          -1.708   0.065   0.053   0.229
P145 POS    41.357687000  -119.624330000     1755181.245   0.482   0.376   1.493
P145 VEL          -7.754         -17.400          -0.670   0.040   0.031   0.122
P146 POS    39.337463000  -120.537304000     2347279.219   0.366   0.291   1.187
P146 VEL          -4.054         -21.973          -0.636   0.033   0.026   0.105
P147 POS    39.937386000  -120.284418000     2488890.433   0.492   0.388   1.518
P147 VEL          -5.530         -20.658          -0.346   0.149   0.116   0.452
P148 POS    40.418587000  -120.805966000     1584534.187   0.441   0.352   1.414
P148 VEL          -5.757         -19.636          -0.242   0.102   0.081   0.330
P149 POS    39.602129000  -120.104979000     2634671.269   0.527   0.426   1.701
P149 VEL          -5.278         -20.516           1.379   0.121   0.096   0.385
P150 POS    39.292380000  -120.033858000     2619070.940   0.409   0.347   1.440
P150 VEL          -4.315         -22.034          -0.865   0.040   0.033   0.138
P151 POS    40.288901000  -120.077268000     1313038.922   0.527   0.414   1.667
P151 VEL          -6.576         -19.423          -0.882   0.148   0.116   0.466
P154 POS    41.807082000  -123.360053000      319885.901   1.611   1.124   5.051
P154 VEL          -3.897         -14.671           0.505   0.116   0.083   0.370
P155 POS    41.272434000  -123.188790000     1784075.856   0.856   0.671   2.750
P155 VEL          -4.084         -16.146          -0.350   0.074   0.058   0.238
P156 POS    40.024444000  -123.906124000      488976.299   1.454   1.107   5.528
P156 VEL          12.046         -31.744          -1.091   0.086   0.068   0.304
P157 POS    40.247550000  -124.308080000      695808.263   1.200   0.920   3.721
P157 VEL          20.573         -30.867           0.408   0.110   0.085   0.340
P158 POS    40.422492000  -124.107211000      873695.529   0.759   0.597   2.406
P158 VEL          11.066         -17.889           2.465   0.180   0.141   0.579
P159 POS    40.504789000  -124.282784000      608191.642   1.095   0.826   3.402
P159 VEL          14.077         -14.781          -0.507   0.157   0.118   0.484
P160 POS    40.551253000  -124.133274000       94228.422   0.758   0.591   2.367
P160 VEL           8.996         -14.971           1.201   0.169   0.130   0.521
P161 POS    40.637364000  -124.213088000       32400.507   0.928   0.727   3.461
P161 VEL           9.213         -11.827          -0.993   0.199   0.156   0.696
P162 POS    40.691096000  -124.237038000       -6497.399   1.331   0.953   4.333
P162 VEL           8.640         -10.094          -0.853   0.181   0.134   0.555
P163 POS    40.219573000  -124.057295000      425262.715   0.771   0.604   2.492
P163 VEL          12.460         -26.287           1.456   0.053   0.042   0.170
P164 POS    40.119257000  -123.693346000     1148304.205   0.825   0.627   2.952
P164 VEL           3.368         -26.591          -0.204   0.049   0.037   0.171
P165 POS    40.245550000  -123.853269000      545639.905   1.053   0.972   4.047
P165 VEL           6.115         -24.194           1.837   0.228   0.191   0.812
P166 POS    40.435184000  -123.862832000      665280.290   0.858   0.753   3.635
P166 VEL           4.514         -18.423           1.757   0.204   0.167   0.772
P167 POS    40.543705000  -123.880180000     1021144.361   0.777   0.610   2.508
P167 VEL           3.941         -16.560           1.438   0.129   0.101   0.406
P168 POS    40.668638000  -123.881463000     1093474.499   1.079   0.868   3.512
P168 VEL           2.826         -14.072           1.750   0.196   0.155   0.621
P169 POS    40.791145000  -123.967655000      689389.546   0.803   0.624   2.662
P169 VEL           3.654         -12.050           2.175   0.183   0.142   0.567
P170 POS    40.880232000  -123.863284000      918148.842   1.244   0.948   5.875
P170 VEL          -0.065         -14.036           2.226   0.112   0.084   0.372
P171 POS    36.485528000  -121.792526000      572736.594   0.422   0.347   1.384
P171 VEL          24.197         -40.421          -1.059   0.095   0.077   0.305
P172 POS    36.228078000  -121.767253000      312611.017   0.636   0.517   2.272
P172 VEL          24.489         -40.733           0.461   0.112   0.090   0.396
P173 POS    35.945720000  -121.290342000      339235.005   0.367   0.305   1.232
P173 VEL          23.593         -40.172           0.177   0.067   0.055   0.221
P174 POS    36.302155000  -121.050907000      342120.828   0.613   0.504   2.048
P174 VEL          22.779         -39.827          -0.078   0.096   0.078   0.317
P175 POS    36.425906000  -121.134865000      451386.969   0.466   0.386   1.571
P175 VEL          22.862         -39.795           1.241   0.065   0.054   0.221
P176 POS    37.471775000  -122.357147000      433797.637   0.734   0.561   2.611
P176 VEL          19.263         -36.176          -0.718   0.121   0.092   0.408
P177 POS    37.528171000  -122.495059000       71769.517   0.479   0.410   1.648
P177 VEL          22.009         -36.919          -1.243   0.071   0.060   0.239
P178 POS    37.534521000  -122.332371000      129045.294   0.495   0.445   2.097
P178 VEL          17.016         -34.340          -0.665   0.078   0.071   0.328
P179 POS    42.098971000  -123.685574000      402204.514   0.375   0.288   1.163
P179 VEL          -3.312         -13.424          -0.218   0.060   0.045   0.185
P180 POS    36.292836000  -121.403246000      693176.725   0.608   0.501   2.038
P180 VEL          23.590         -39.882          -0.123   0.080   0.065   0.257
P181 POS    37.914547000  -122.376762000       72196.978   0.564   0.453   1.899
P181 VEL          12.569         -30.974          -0.556   0.092   0.073   0.304
P182 POS    38.495018000  -123.181252000      396770.412   0.879   0.696   2.943
P182 VEL          20.586         -33.760          -1.154   0.084   0.066   0.275
P183 POS    38.313666000  -123.068894000       10378.325   0.754   0.606   2.459
P183 VEL          21.624         -34.549          -1.220   0.082   0.065   0.261
P184 POS    39.117168000  -123.708945000      108933.426   0.858   0.674   2.822
P184 VEL          18.687         -35.775          -1.089   0.039   0.030   0.127
P185 POS    39.261306000  -123.749343000      146337.056   0.743   0.593   2.397
P185 VEL          17.264         -35.180          -1.379   0.066   0.053   0.209
P186 POS    39.150181000  -123.518159000      372800.992   0.930   0.666   3.516
P186 VEL          14.401         -33.440          -1.490   0.112   0.080   0.411
P187 POS    39.352479000  -123.602549000      164006.911   1.070   1.124   4.527
P187 VEL          12.192         -34.649           0.225   0.127   0.111   0.485
P188 POS    38.667859000  -123.229570000      208850.704   1.105   0.848   5.232
P188 VEL          18.097         -32.432          -1.130   0.065   0.049   0.313
P189 POS    38.987451000  -123.348436000      176937.966   0.771   0.624   2.616
P189 VEL          14.885         -32.703           0.058   0.053   0.043   0.177
P190 POS    39.241956000  -123.204054000      202818.144   0.794   0.632   2.589
P190 VEL           6.201         -29.552           0.831   0.124   0.097   0.390
P191 POS    42.275355000  -123.632266000      371392.240   0.526   0.407   1.674
P191 VEL          -3.813         -13.748          -0.624   0.138   0.106   0.435
P192 POS    39.319728000  -123.105195000      259716.539   0.954   0.777   3.194
P192 VEL           3.170         -27.770           0.294   0.108   0.085   0.351
P193 POS    38.122940000  -122.908148000       66574.974   0.771   0.617   2.496
P193 VEL          21.088         -35.050          -0.845   0.107   0.084   0.343
P194 POS    38.185718000  -122.816264000      235105.554   0.412   0.332   1.358
P194 VEL          17.346         -32.341          -2.231   0.089   0.071   0.290
P195 POS    38.664667000  -122.959314000      146812.078   0.936   0.696   4.448
P195 VEL          14.505         -29.926           2.203   0.172   0.129   0.773
P196 POS    38.298146000  -122.742648000       90507.047   0.846   0.678   2.714
P196 VEL          14.422         -29.829          -1.448   0.096   0.078   0.307
P197 POS    38.428563000  -122.767392000          -0.056   0.506   0.401   1.689
P197 VEL          14.592         -29.536          -1.515   0.093   0.074   0.305
P198 POS    38.259876000  -122.607456000       -4638.689   0.458   0.366   1.512
P198 VEL          12.520         -29.616          -1.570   0.069   0.055   0.226
P199 POS    38.263693000  -122.503444000       55623.177   0.506   0.405   1.661
P199 VEL           9.201         -27.265          -3.683   0.133   0.106   0.432
P200 POS    38.239832000  -122.451708000      -25138.281   0.534   0.429   1.763
P200 VEL           9.150         -27.618          -2.663   0.157   0.125   0.509
P201 POS    38.559807000  -122.658440000      349332.489   0.819   0.645   2.621
P201 VEL           7.088         -25.227          -0.733   0.119   0.093   0.372
P202 POS    38.423582000  -122.496006000      584075.510   0.489   0.414   1.754
P202 VEL           7.075         -26.750          -1.805   0.126   0.107   0.451
P203 POS    38.866113000  -122.917011000      926686.732   0.491   0.392   1.551
P203 VEL           5.298         -27.020          -0.414   0.148   0.118   0.462
P204 POS    38.666501000  -122.710539000      276633.068   0.409   0.332   1.337
P204 VEL           7.316         -25.023          -2.741   0.091   0.074   0.297
P205 POS    39.398124000  -122.963070000      771066.366   0.915   0.754   3.266
P205 VEL           1.963         -27.374          -0.617   0.125   0.102   0.475
P206 POS    38.777817000  -122.575799000      283578.776   0.797   0.605   2.576
P206 VEL           3.941         -24.128          -1.480   0.087   0.066   0.279
P207 POS    39.260044000  -122.718573000     1826580.390   0.833   0.660   2.623
P207 VEL          -3.750         -24.388          -1.513   0.116   0.091   0.365
P208 POS    39.109301000  -122.303874000       74289.611   0.766   0.618   2.536
P208 VEL          -4.463         -22.576          -0.038   0.077   0.062   0.251
P209 POS    37.069258000  -122.126722000      577134.938   0.666   0.551   2.268
P209 VEL          21.945         -38.612           0.250   0.089   0.074   0.303
P210 POS    36.816140000  -121.731850000        3029.433   0.366   0.301   1.205
P210 VEL          21.249         -39.564          -0.446   0.041   0.033   0.132
P211 POS    36.879179000  -121.698045000       60533.894   0.479   0.368   1.769
P211 VEL          20.307         -38.837          -0.473   0.108   0.082   0.389
P212 POS    36.962013000  -121.862741000       36577.206   0.423   0.367   1.516
P212 VEL          20.850         -38.237          -0.258   0.074   0.064   0.267
P213 POS    37.201715000  -121.990843000      167085.458   0.435   0.369   1.575
P213 VEL          16.866         -33.880          -0.905   0.053   0.044   0.192
P214 POS    37.001023000  -121.796576000       73259.869   0.547   0.485   2.736
P214 VEL          18.649         -36.585           0.030   0.086   0.078   0.481
P215 POS    37.048787000  -121.762957000      708587.462   0.917   0.797   3.779
P215 VEL          15.441         -34.184          -1.708   0.154   0.126   0.564
P216 POS    37.002428000  -121.726214000      336910.410   0.539   0.422   2.087
P216 VEL          16.196         -35.107           0.084   0.091   0.072   0.340
P217 POS    37.104499000  -121.650639000       72288.304   0.468   0.402   1.746
P217 VEL          11.696         -32.142           0.264   0.115   0.098   0.426
P218 POS    37.203516000  -121.713967000       82696.134   0.789   0.649   2.683
P218 VEL          11.270         -32.570          -0.465   0.100   0.081   0.337
P219 POS    37.342493000  -122.284828000      300870.885   0.518   0.422   1.747
P219 VEL          20.107         -36.384          -0.998   0.125   0.102   0.419
P220 POS    37.329890000  -122.214291000      705247.335   0.367   0.300   1.195
P220 VEL          18.774         -35.595          -0.610   0.054   0.043   0.173
P221 POS    37.336954000  -122.099056000      155292.642   0.641   0.511   2.401
P221 VEL          16.198         -33.328          -0.036   0.049   0.038   0.165
P222 POS    37.539241000  -122.083270000       53497.134   0.490   0.403   1.689
P222 VEL          12.463         -32.092          -0.395   0.074   0.059   0.237
P223 POS    37.722055000  -122.099785000      139935.355   0.627   0.510   2.096
P223 VEL           7.336         -27.732          -1.470   0.111   0.089   0.354
P224 POS    37.863897000  -122.219066000      407352.683   0.795   0.630   3.255
P224 VEL           7.324         -27.104          -0.143   0.083   0.065   0.269
P225 POS    37.713867000  -122.058334000      117150.662   0.480   0.400   1.752
P225 VEL           6.298         -27.922          -0.644   0.112   0.092   0.390
P226 POS    37.336777000  -121.825592000        5063.156   0.646   0.524   2.142
P226 VEL          12.840         -30.870           1.385   0.208   0.168   0.677
P227 POS    37.532975000  -121.789602000      707430.325   0.624   0.507   2.073
P227 VEL           1.952         -24.043           0.485   0.072   0.058   0.232
P228 POS    37.601836000  -121.686941000      399018.576   0.424   0.350   1.435
P228 VEL          -0.086         -23.981          -0.748   0.093   0.076   0.310
P229 POS    37.749436000  -121.977962000      289317.436   0.747   0.610   2.485
P229 VEL           4.095         -26.259           0.066   0.076   0.061   0.245
P230 POS    37.818964000  -121.786404000      647988.572   0.765   0.628   2.657
P230 VEL          -2.286         -22.952           0.552   0.081   0.066   0.270
P231 POS    36.621680000  -121.905418000      -26351.205   0.461   0.376   1.544
P231 VEL          23.250         -40.333          -0.501   0.079   0.064   0.258
P232 POS    36.724023000  -121.579049000      105343.684   0.607   0.498   2.019
P232 VEL          22.532         -39.556           0.616   0.085   0.069   0.277
P233 POS    36.800428000  -121.420290000      196810.409   0.486   0.398   1.594
P233 VEL          14.551         -29.838          -2.157   0.118   0.096   0.382
P234 POS    36.858529000  -121.591233000       92581.020   0.442   0.361   1.477
P234 VEL          20.308         -38.838           0.009   0.108   0.088   0.357
P235 POS    36.814275000  -121.541549000      361693.888   0.518   0.428   1.728
P235 VEL          21.953         -39.061          -1.421   0.147   0.121   0.488
P236 POS    36.903547000  -121.554467000       56167.168   1.004   0.839   3.348
P236 VEL          13.546         -33.595           2.065   0.133   0.109   0.435
P237 POS    36.637027000  -121.386837000      711565.791   0.470   0.389   1.676
P237 VEL          22.671         -39.737           1.082   0.086   0.070   0.307
P238 POS    36.849081000  -121.452774000       44902.908   1.433   1.182   4.777
P238 VEL          13.129         -29.207          -0.117   0.174   0.141   0.571
P239 POS    36.962464000  -121.547793000       18499.987   0.555   0.454   1.859
P239 VEL          11.401         -32.683          -0.103   0.099   0.081   0.327
P240 POS    37.007808000  -121.542039000       25737.246   0.681   0.540   2.212
P240 VEL          11.044         -31.956          -0.163   0.054   0.043   0.176
P241 POS    37.213011000  -121.574265000      834223.367   0.445   0.365   1.460
P241 VEL           1.124         -25.952          -0.940   0.115   0.094   0.374
P242 POS    36.953933000  -121.463189000       14687.181   0.400   0.330   1.357
P242 VEL          10.877         -31.284          -4.402   0.068   0.056   0.231
P243 POS    36.918189000  -121.335157000      220764.650   0.523   0.429   1.729
P243 VEL          -0.485         -24.897           1.206   0.192   0.156   0.621
P244 POS    37.010823000  -121.354522000       58715.111   0.824   0.673   2.833
P244 VEL          -1.625         -24.700           0.642   0.123   0.099   0.416
P245 POS    37.713116000  -119.706126000     1579839.076   0.528   0.423   1.770
P245 VEL          -2.129         -22.413           2.433   0.128   0.103   0.424
P247 POS    36.559521000  -121.188440000      569085.092   0.460   0.379   1.527
P247 VEL          22.898         -39.606           0.155   0.105   0.085   0.343
P248 POS    37.975608000  -121.868702000      229806.723   0.466   0.378   1.537
P248 VEL          -1.558         -23.268           0.380   0.094   0.075   0.303
P249 POS    36.611645000  -121.064416000     1155755.100   0.606   0.500   1.995
P249 VEL           0.309         -21.065           1.769   0.112   0.091   0.358
P250 POS    36.950035000  -121.268443000      584689.751   0.510   0.417   1.699
P250 VEL          -1.089         -24.345          -0.818   0.142   0.116   0.469
P251 POS    36.811450000  -121.347955000      128263.112   0.957   0.785   3.133
P251 VEL           2.436         -24.399           2.967   0.136   0.110   0.441
P252 POS    37.169555000  -121.057734000       40159.912   0.904   0.743   3.209
P252 VEL          -2.530         -22.807           2.491   0.132   0.107   0.438
P253 POS    37.478450000  -121.653015000     1065063.085   0.518   0.425   1.899
P253 VEL           0.149         -24.189           1.426   0.135   0.110   0.487
P254 POS    37.489632000  -121.469200000     1076186.973   0.650   0.526   2.128
P254 VEL          -1.934         -23.006          -0.658   0.107   0.085   0.340
P255 POS    37.581885000  -121.324858000       73521.866   0.799   0.647   2.745
P255 VEL          -1.950         -22.579           1.630   0.133   0.106   0.430
P256 POS    37.931964000  -121.604844000      -30714.465   0.412   0.331   1.331
P256 VEL          -2.872         -23.062          -0.957   0.071   0.057   0.229
P257 POS    37.755290000  -121.464040000      -24704.241   0.793   0.646   2.577
P257 VEL          -2.157         -23.213          -1.288   0.082   0.066   0.267
P258 POS    37.385389000  -121.283277000      390810.262   0.437   0.349   1.475
P258 VEL          -2.825         -22.788          -0.612   0.102   0.081   0.342
P259 POS    37.433019000  -121.100585000        3813.087   0.795   0.647   2.620
P259 VEL          -2.967         -22.287          -1.967   0.099   0.079   0.323
P260 POS    37.711220000  -121.083957000       -9016.729  14.771  11.886  47.618
P260 VEL          -3.584         -22.964           0.088   0.768   0.617   2.474
P261 POS    38.152960000  -122.217544000      118142.930   0.742   0.596   2.397
P261 VEL           2.398         -23.974          -1.120   0.101   0.081   0.321
P262 POS    38.025149000  -122.096149000       -8577.857   0.800   0.644   2.688
P262 VEL           3.818         -24.788          -0.088   0.146   0.114   0.479
P263 POS    38.577694000  -122.429181000      554373.350   0.763   0.642   2.623
P263 VEL           3.396         -24.700          -1.293   0.078   0.065   0.265
P264 POS    38.444214000  -122.195335000      231034.657   0.822   0.629   2.672
P264 VEL          -0.478         -23.633           1.372   0.181   0.137   0.589
P265 POS    38.530185000  -121.954200000        7990.851   0.473   0.382   1.587
P265 VEL          -3.005         -22.906          -2.340   0.116   0.093   0.383
P266 POS    38.183968000  -121.843531000       22433.161   0.436   0.338   1.404
P266 VEL          -2.780         -22.825          -1.400   0.100   0.077   0.318
P267 POS    38.380335000  -121.823239000      -17547.295   0.364   0.293   1.168
P267 VEL          -3.161         -22.165          -3.139   0.042   0.033   0.131
P268 POS    38.473526000  -121.646416000      -23985.536   0.379   0.306   1.224
P268 VEL          -3.698         -23.787          -2.770   0.063   0.051   0.201
P269 POS    38.999525000  -122.354558000      298214.353   0.918   0.811   3.465
P269 VEL          -3.483         -20.957          -1.490   0.132   0.117   0.500
P270 POS    39.243769000  -122.055218000      -12405.445   0.525   0.417   1.672
P270 VEL          -4.849         -22.475          -1.257   0.088   0.069   0.276
P271 POS    38.657350000  -121.714555000      -18491.754   0.649   0.518   2.117
P271 VEL          -3.984         -23.393          -4.118   0.203   0.159   0.650
P272 POS    39.145481000  -121.943067000      -12098.319   0.624   0.492   2.020
P272 VEL          -5.537         -21.699          -2.028   0.084   0.065   0.268
P273 POS    38.115812000  -121.388083000      -26492.784   1.193   0.935   3.857
P273 VEL          -2.896         -23.282          -2.702   0.129   0.101   0.413
P274 POS    38.283122000  -121.460517000      -27894.235   0.789   0.639   2.651
P274 VEL          -3.465         -23.704          -2.204   0.213   0.170   0.714
P275 POS    38.321528000  -121.214591000       -5306.036   0.518   0.418   1.699
P275 VEL          -3.600         -23.000          -1.906   0.157   0.126   0.500
P276 POS    38.645307000  -121.095170000      207258.479   0.431   0.347   1.386
P276 VEL          -3.550         -22.987          -1.857   0.100   0.079   0.315
P277 POS    37.192376000  -122.366891000      115283.749   0.400   0.330   1.313
P277 VEL          23.932         -39.034          -1.490   0.087   0.071   0.281
P278 POS    35.711255000  -121.060762000      465895.122   0.471   0.393   1.569
P278 VEL          22.589         -40.384           1.472   0.086   0.071   0.280
P279 POS    35.790650000  -121.062024000      469925.711   0.417   0.344   1.393
P279 VEL          22.735         -39.663          -0.249   0.096   0.079   0.314
P280 POS    35.544057000  -120.347613000      476430.312   0.470   0.392   1.607
P280 VEL          19.019         -36.554           0.066   0.099   0.082   0.334
P281 POS    35.841061000  -120.389466000      383831.479   0.647   0.548   2.351
P281 VEL          16.342         -32.364           1.108   0.199   0.166   0.693
P282 POS    35.837810000  -120.345219000      394701.824   0.532   0.435   1.861
P282 VEL           8.423         -26.708           2.298   0.088   0.072   0.294
P283 POS    35.806670000  -120.285261000      434218.603   0.428   0.355   1.483
P283 VEL           8.222         -26.961           0.809   0.101   0.083   0.349
P284 POS    35.933263000  -120.906852000      512218.679   0.366   0.303   1.218
P284 VEL          21.104         -38.557          -0.494   0.061   0.049   0.198
P285 POS    36.417180000  -120.981486000      805762.152   0.477   0.393   1.584
P285 VEL           2.221         -23.320           3.040   0.134   0.109   0.442
P286 POS    36.515909000  -120.853061000      538839.356   0.527   0.428   1.772
P286 VEL           0.084         -22.067           0.561   0.110   0.089   0.368
P287 POS    36.024838000  -120.697839000      609752.086   0.495   0.403   1.655
P287 VEL          21.432         -38.845           0.111   0.114   0.091   0.372
P288 POS    36.140210000  -120.878909000      397716.368   0.519   0.433   1.748
P288 VEL          21.895         -39.841           0.457   0.064   0.053   0.214
P289 POS    36.106845000  -120.748823000      540657.006   0.636   0.526   2.104
P289 VEL          21.757         -39.619           0.121   0.065   0.054   0.213
P290 POS    36.178939000  -120.728257000      987770.177   0.481   0.399   1.612
P290 VEL           0.165         -21.215           1.559   0.105   0.086   0.340
P291 POS    35.922780000  -120.644778000      661363.357   0.540   0.450   1.824
P291 VEL          21.149         -37.360           0.506   0.151   0.123   0.497
P292 POS    36.007465000  -120.475280000     1018624.839   1.302   1.144   5.018
P292 VEL           4.959         -21.628           1.065   0.174   0.147   0.642
P293 POS    36.089364000  -120.542998000      538874.793   0.530   0.441   1.777
P293 VEL           2.878         -21.772           1.803   0.050   0.041   0.162
P294 POS    36.123236000  -120.439887000      509417.808   0.441   0.366   1.464
P294 VEL           2.602         -21.045           2.357   0.087   0.071   0.280
P295 POS    35.697080000  -120.842390000      583490.612   0.499   0.426   1.747
P295 VEL          21.586         -38.940           0.803   0.095   0.079   0.324
P296 POS    36.051655000  -120.363566000      265341.884   0.619   0.528   2.177
P296 VEL           3.410         -21.202           1.205   0.110   0.091   0.363
P297 POS    35.974089000  -120.551865000      629307.696   1.361   1.161   4.766
P297 VEL          20.035         -35.823           0.972   0.186   0.158   0.645
P298 POS    36.015842000  -120.294063000      323262.983   0.469   0.391   1.596
P298 VEL           3.116         -21.481           1.337   0.116   0.095   0.382
P299 POS    36.256819000  -120.710202000      809412.592   1.026   0.925   3.910
P299 VEL           2.632         -20.501           3.152   0.136   0.123   0.521
P300 POS    36.304427000  -120.276985000      137284.447   0.609   0.501   2.079
P300 VEL          -0.551         -22.372          -0.263   0.254   0.206   0.855
P301 POS    36.806291000  -120.743057000       89233.533   0.885   0.718   2.882
P301 VEL          -1.926         -21.394           1.710   0.124   0.099   0.400
P302 POS    36.634727000  -120.618580000      122635.208   0.590   0.485   1.984
P302 VEL          -1.586         -21.728           0.205   0.215   0.174   0.708
P303 POS    37.054383000  -120.705300000       -2422.543   0.528   0.435   1.772
P303 VEL          -1.012         -22.969         -32.486   0.191   0.157   0.637
P304 POS    36.739004000  -120.356603000       16848.927   0.642   0.529   2.136
P304 VEL          -0.367         -22.711         -11.626   0.347   0.285   1.127
P305 POS    37.352214000  -120.196763000       96065.650   0.515   0.418   1.735
P305 VEL          -2.517         -22.625           1.895   0.162   0.130   0.537
P306 POS    37.795167000  -120.644463000       82518.561   0.517   0.427   1.722
P306 VEL          -2.745         -23.252           0.907   0.181   0.150   0.602
P307 POS    36.947270000  -120.057925000       48647.036   2.845   2.261   9.791
P307 VEL           0.244         -25.625         -46.496   0.357   0.289   1.224
P308 POS    37.901150000  -119.840203000     1501862.149   0.542   0.472   2.065
P308 VEL          -2.381         -22.777           0.580   0.183   0.155   0.678
P309 POS    38.089990000  -120.951242000       41396.753   0.496   0.403   1.677
P309 VEL          -2.602         -23.983           1.221   0.125   0.100   0.408
P310 POS    38.735607000  -120.334342000     1791310.484   0.536   0.436   1.776
P310 VEL          -3.334         -22.139           1.604   0.136   0.115   0.475
P311 POS    37.177562000  -118.519805000     3698645.596   0.692   0.574   2.279
P311 VEL          -2.376         -20.532          -0.513   0.101   0.081   0.319
P312 POS    39.529180000  -123.698382000      254873.523   1.130   0.881   5.318
P312 VEL          12.683         -35.045          -2.946   0.119   0.095   0.507
P313 POS    39.554290000  -123.564552000      651747.792   4.417   3.056  20.065
P313 VEL           9.872         -34.164          -1.552   0.093   0.071   0.314
P314 POS    39.685665000  -123.581856000     1251918.250   0.751   0.590   2.377
P314 VEL           7.510         -34.532          -1.216   0.041   0.032   0.125
P315 POS    39.863584000  -123.716904000      257938.471   1.361   1.068   4.739
P315 VEL           8.416         -33.649          -0.258   0.060   0.049   0.209
P316 POS    41.559133000  -124.086147000      234959.109   0.698   0.513   2.542
P316 VEL          -2.188         -13.245          -0.781   0.151   0.116   0.535
P317 POS    39.905670000  -123.551857000     1118648.353   0.957   0.725   4.032
P317 VEL           2.193         -29.644          -1.014   0.061   0.047   0.240
P318 POS    39.452370000  -123.371860000      594931.037   0.746   0.593   2.381
P318 VEL           3.248         -30.324          -2.321   0.102   0.079   0.323
P319 POS    39.707097000  -123.295085000      513045.898   0.853   0.688   2.886
P319 VEL          -1.538         -30.177           0.398   0.137   0.109   0.451
P320 POS    39.492827000  -123.186791000      392424.447   0.886   0.651   2.995
P320 VEL           2.572         -29.687          -0.641   0.088   0.064   0.294
P321 POS    39.897221000  -123.394953000     1133648.782   0.850   0.735   3.385
P321 VEL           3.819         -27.184          -1.319   0.065   0.060   0.277
P322 POS    39.962143000  -123.182486000     1433917.918   0.893   0.694   2.827
P322 VEL          -4.005         -23.647          -0.520   0.121   0.093   0.378
P324 POS    40.256838000  -123.655742000      509338.888   0.910   0.713   2.882
P324 VEL           1.908         -22.835          -0.463   0.054   0.042   0.168
P325 POS    41.151670000  -123.882610000      914579.731   0.758   0.588   2.345
P325 VEL          -2.158         -13.076           1.948   0.128   0.098   0.394
P326 POS    40.575313000  -123.698934000     1261687.673   1.159   0.905   3.839
P326 VEL          -2.402         -18.651           1.833   0.220   0.171   0.734
P327 POS    40.478860000  -123.573068000      710060.336   0.940   0.736   3.116
P327 VEL          -3.398         -19.491           0.340   0.125   0.096   0.401
P329 POS    40.082214000  -123.452051000     1034610.759   0.747   0.585   2.331
P329 VEL           0.570         -26.052          -1.096   0.144   0.111   0.442
P330 POS    40.324068000  -123.135586000     1653001.782   0.441   0.343   1.364
P330 VEL          -4.157         -21.383          -1.092   0.105   0.080   0.320
P331 POS    40.732914000  -123.324147000     1541976.259   0.828   0.648   2.570
P331 VEL          -3.950         -18.051          -0.998   0.122   0.093   0.373
P332 POS    40.546650000  -123.174508000      684480.694   0.890   0.690   2.824
P332 VEL          -4.243         -19.896          -1.182   0.122   0.093   0.379
P333 POS    39.621380000  -122.975759000     2008829.013   0.846   0.682   2.794
P333 VEL          -3.571         -23.983          -1.344   0.122   0.099   0.419
P334 POS    39.493591000  -122.735876000     1936228.452   0.796   0.632   2.528
P334 VEL          -4.002         -23.286          -0.609   0.084   0.066   0.264
P335 POS    39.726189000  -122.873642000     2229477.945   0.935   0.732   2.944
P335 VEL          -4.231         -23.242          -0.592   0.047   0.037   0.149
P336 POS    39.528079000  -122.430488000      286716.966   0.413   0.327   1.295
P336 VEL          -4.929         -22.218          -0.310   0.071   0.056   0.221
P337 POS    40.296188000  -122.868809000     1193321.666   0.542   0.431   1.755
P337 VEL          -4.475         -20.836          -0.893   0.148   0.118   0.494
P338 POS    40.747552000  -122.923033000      672204.513   0.779   0.609   2.512
P338 VEL          -4.784         -19.187           0.119   0.076   0.059   0.242
P339 POS    40.034110000  -122.668254000      979560.171   0.425   0.335   1.351
P339 VEL          -4.751         -21.728          -0.893   0.095   0.075   0.300
P340 POS    39.409338000  -123.049828000      864692.706   1.608   1.286   7.718
P340 VEL          -4.568         -23.718          -2.231   0.208   0.165   0.993
P341 POS    40.650655000  -122.606905000      406824.748   0.883   0.683   2.923
P341 VEL          -5.120         -20.195           1.427   0.158   0.119   0.511
P343 POS    40.887128000  -123.334214000     1617466.686   1.111   0.853   3.394
P343 VEL          -3.824         -17.471          -0.896   0.117   0.090   0.356
P344 POS    39.929122000  -122.027976000       49744.951   0.473   0.376   1.511
P344 VEL          -4.977         -22.230          -0.163   0.082   0.064   0.257
P345 POS    40.271234000  -122.270811000      134059.238   0.514   0.413   1.781
P345 VEL          -5.200         -21.418           0.259   0.078   0.061   0.255
P346 POS    39.794709000  -120.867468000     2037330.244   0.504   0.390   1.576
P346 VEL          -4.492         -22.286          -1.722   0.115   0.088   0.357
P347 POS    41.183342000  -120.948466000     1268806.044   0.547   0.418   1.713
P347 VEL          -6.856         -18.489          -1.107   0.132   0.100   0.406
P348 POS    40.905545000  -121.828007000     1668055.323   0.383   0.298   1.190
P348 VEL          -6.164         -19.473          -0.550   0.051   0.040   0.158
P349 POS    40.731085000  -122.319355000      275381.364   0.554   0.465   2.029
P349 VEL          -5.758         -19.593           2.238   0.158   0.132   0.576
P350 POS    43.532755000  -114.862843000     2388346.979   0.409   0.323   1.344
P350 VEL         -10.032         -16.332          -0.641   0.041   0.032   0.133
P351 POS    43.874413000  -114.719166000     2692595.314   0.471   0.356   1.417
P351 VEL          -9.819         -16.121          -0.560   0.046   0.034   0.136
P352 POS    43.849057000  -114.096079000     2474672.292   0.871   0.683   2.727
P352 VEL         -10.150         -16.197           0.404   0.130   0.100   0.400
P353 POS    44.054537000  -113.978805000     2041006.792   0.483   0.362   1.442
P353 VEL          -9.837         -16.064          -0.252   0.061   0.045   0.179
P354 POS    44.108510000  -113.978944000     2000288.823   0.462   0.353   1.404
P354 VEL          -9.721         -15.851          -0.169   0.049   0.037   0.146
P355 POS    44.217920000  -113.722091000     2329217.123   0.505   0.389   1.591
P355 VEL          -9.452         -15.297          -0.281   0.071   0.054   0.215
P356 POS    43.816636000  -110.489115000     2227725.691   0.451   0.345   1.505
P356 VEL          -9.092         -15.726          -0.413   0.081   0.060   0.278
P357 POS    44.227104000  -113.581895000     2295345.567   0.512   0.393   1.597
P357 VEL          -9.385         -15.570           0.427   0.084   0.064   0.257
P358 POS    44.401896000  -113.240668000     2419377.273   0.411   0.316   1.225
P358 VEL          -9.325         -14.960          -0.456   0.070   0.053   0.204
P359 POS    43.482489000  -111.529504000     2116441.536   0.411   0.310   1.212
P359 VEL         -10.327         -16.549          -0.451   0.071   0.054   0.208
P360 POS    44.317850000  -111.450681000     1857836.960   0.709   0.543   2.106
P360 VEL         -10.800         -16.721          -0.999   0.074   0.055   0.213
P361 POS    44.560346000  -111.439693000     2930932.680   0.514   0.395   1.529
P361 VEL         -10.997         -17.089           1.782   0.117   0.089   0.345
P362 POS    42.209103000  -124.225791000     1012415.470   0.433   0.340   1.362
P362 VEL          -2.094         -10.837           1.268   0.059   0.046   0.185
P363 POS    42.860063000  -124.054051000       70394.251   1.346   1.040   4.331
P363 VEL          -3.065         -11.209           0.363   0.098   0.075   0.314
P364 POS    43.090328000  -124.409292000        6460.067   0.743   0.569   2.293
P364 VEL          -0.563          -7.418           2.125   0.109   0.082   0.330
P365 POS    43.395518000  -124.253484000       27102.006   0.380   0.286   1.125
P365 VEL          -2.157          -8.635           0.480   0.036   0.027   0.106
P366 POS    43.614310000  -123.979596000      529090.797   0.739   0.551   2.271
P366 VEL          -2.631          -8.709          -0.891   0.136   0.101   0.420
P367 POS    44.585246000  -124.061572000       22916.498   0.377   0.280   1.101
P367 VEL          -3.023          -5.619          -0.597   0.064   0.048   0.187
P368 POS    42.503524000  -123.383423000      319445.965   0.398   0.305   1.214
P368 VEL          -4.209         -13.946           0.029   0.035   0.026   0.105
P369 POS    43.140104000  -123.429463000      190034.866   0.825   0.621   2.797
P369 VEL          -4.556         -12.406           0.064   0.090   0.067   0.301
P370 POS    42.190986000  -122.656375000      555042.297   0.370   0.284   1.144
P370 VEL          -5.342         -15.045          -0.514   0.051   0.039   0.156
P371 POS    43.363273000  -123.057902000     1198060.274   0.363   0.278   1.116
P371 VEL          -5.341         -12.449          -0.152   0.055   0.042   0.172
P372 POS    45.428136000  -117.251661000     1208307.668   0.403   0.300   1.221
P372 VEL          -9.859         -13.864          -0.327   0.038   0.028   0.113
P373 POS    43.622518000  -123.333277000      169919.468   0.394   0.299   1.204
P373 VEL          -5.064         -11.515          -0.274   0.069   0.052   0.209
P374 POS    44.381925000  -123.590642000       73219.531   0.505   0.368   1.559
P374 VEL          -4.275          -8.794           0.212   0.091   0.066   0.280
P375 POS    44.689254000  -123.426989000       99220.260   0.444   0.331   1.331
P375 VEL          -4.591          -8.431           0.824   0.075   0.056   0.222
P376 POS    44.941202000  -123.102269000      180867.596   0.364   0.268   1.091
P376 VEL          -5.304          -9.160          -0.226   0.051   0.037   0.152
P377 POS    44.052118000  -122.887061000      142399.654   0.397   0.291   1.199
P377 VEL          -6.235         -10.858          -0.380   0.063   0.046   0.189
P378 POS    44.534981000  -122.930884000       83122.957   0.410   0.304   1.214
P378 VEL          -6.023          -9.842          -0.083   0.067   0.050   0.198
P379 POS    44.496504000  -122.577046000     1221753.122   1.856   1.353   5.381
P379 VEL          -6.617         -10.520          -0.765   0.118   0.087   0.343
P380 POS    42.259669000  -121.779701000     1390811.436   1.307   1.010   3.976
P380 VEL          -6.797         -15.648          -0.634   0.072   0.055   0.216
P381 POS    43.001775000  -119.951807000     1567450.642   0.732   0.552   2.214
P381 VEL          -8.471         -14.775          -0.650   0.062   0.046   0.182
P382 POS    43.177056000  -121.769577000     1453226.682   0.464   0.392   1.960
P382 VEL          -7.149         -14.161          -1.184   0.072   0.061   0.293
P383 POS    44.342183000  -122.217223000     1295572.496   0.379   0.284   1.109
P383 VEL          -6.983         -11.482          -1.018   0.036   0.027   0.106
P384 POS    44.841130000  -122.482821000     1182565.957   0.610   0.456   1.803
P384 VEL          -6.100         -10.495          -0.471   0.054   0.040   0.159
P385 POS    44.434847000  -121.945837000     1120808.837   0.587   0.428   1.814
P385 VEL          -7.259         -11.542          -1.729   0.053   0.038   0.160
P386 POS    44.402826000  -118.967820000     1103502.663   0.439   0.326   1.305
P386 VEL          -9.540         -14.259           0.074   0.074   0.055   0.219
P387 POS    44.296755000  -121.574480000      962592.498   0.453   0.338   1.368
P387 VEL          -7.889         -12.250          -1.440   0.078   0.059   0.236
P388 POS    42.468778000  -120.377614000     1405737.053   0.362   0.275   1.112
P388 VEL          -7.865         -16.037          -0.504   0.056   0.042   0.170
P389 POS    43.811991000  -120.603364000     1397431.774   0.729   0.553   2.197
P389 VEL          -8.508         -13.892          -0.098   0.104   0.077   0.308
P390 POS    43.034006000  -118.928493000     1554838.956   0.732   0.565   2.272
P390 VEL          -8.885         -15.466          -0.195   0.041   0.032   0.127
P391 POS    42.254628000  -118.412477000     1834230.925   0.388   0.298   1.170
P391 VEL          -9.053         -16.048          -0.472   0.039   0.030   0.118
P392 POS    43.446757000  -119.001004000     1315506.431   0.745   0.572   2.300
P392 VEL          -9.753         -15.306          -0.994   0.093   0.069   0.275
P393 POS    43.234494000  -117.892042000     1238299.265   0.652   0.497   1.951
P393 VEL          -9.590         -15.451          -0.416   0.043   0.032   0.127
P394 POS    44.834879000  -117.799641000     1010693.637   0.400   0.297   1.174
P394 VEL          -9.850         -14.106          -0.156   0.069   0.051   0.199
P395 POS    45.022279000  -123.857529000       53041.071   0.527   0.346   1.653
P395 VEL          -3.364          -5.851           0.012   0.098   0.064   0.308
P396 POS    45.309513000  -123.822897000       54563.842   0.526   0.349   1.607
P396 VEL          -3.337          -6.118           0.265   0.092   0.064   0.300
P397 POS    46.421618000  -123.799162000      566315.406   0.422   0.293   1.290
P397 VEL          -4.434          -5.417           0.603   0.068   0.048   0.206
P398 POS    46.925784000  -123.916146000       23541.351   1.415   1.166   5.688
P398 VEL          -3.778          -3.157           0.710   0.049   0.036   0.149
P399 POS    47.433919000  -123.612962000      919442.871   0.441   0.326   1.290
P399 VEL          -6.160          -5.078           1.602   0.087   0.064   0.251
P400 POS    47.513348000  -123.812452000       65016.519   1.506   1.819   7.684
P400 VEL          -5.729          -4.003           0.903   0.083   0.097   0.393
P401 POS    47.937187000  -124.557019000       36225.963   0.444   0.317   1.276
P401 VEL          -2.805           1.481           0.978   0.091   0.064   0.258
P402 POS    47.766221000  -124.305898000       23756.661   0.492   0.345   1.421
P402 VEL          -3.027           0.245           2.015   0.110   0.078   0.317
P403 POS    48.062321000  -124.140876000      284731.302   1.607   1.223   5.727
P403 VEL          -5.119          -3.801           2.790   0.063   0.045   0.199
P404 POS    45.158533000  -123.390330000       79033.796   0.376   0.284   1.152
P404 VEL          -4.745          -8.215          -0.331   0.053   0.039   0.158
P405 POS    45.629326000  -123.643759000      955655.860   0.446   0.327   1.280
P405 VEL          -4.264          -6.729          -0.664   0.070   0.051   0.201
P406 POS    45.190371000  -123.152259000       27278.750   0.390   0.288   1.156
P406 VEL          -5.328          -8.802          -0.303   0.062   0.045   0.181
P407 POS    45.954649000  -123.931007000      -13100.015   0.819   0.726   3.814
P407 VEL          -3.811          -2.258           0.913   0.121   0.093   0.413
P408 POS    46.200501000  -123.376589000       35275.675   0.380   0.284   1.146
P408 VEL          -5.364          -7.583          -0.693   0.053   0.039   0.157
P409 POS    45.851293000  -123.239480000      177291.534   0.496   0.366   1.506
P409 VEL          -5.215          -7.984          -0.335   0.040   0.029   0.119
P410 POS    46.111141000  -123.078608000      173113.860   0.416   0.318   1.255
P410 VEL          -5.632          -8.121          -1.095   0.069   0.052   0.206
P411 POS    45.537992000  -123.157419000       83391.676   0.650   0.468   2.040
P411 VEL          -5.583          -8.440          -0.350   0.091   0.065   0.285
P412 POS    45.221105000  -122.589104000       53196.280   0.568   0.417   1.679
P412 VEL          -6.192          -9.811          -0.893   0.043   0.031   0.125
P413 POS    48.426510000  -120.149587000      501257.679   0.425   0.304   1.232
P413 VEL         -10.002         -12.243          -0.552   0.042   0.030   0.121
P414 POS    45.834867000  -122.692840000       63833.342   0.376   0.277   1.109
P414 VEL          -6.287          -9.112          -1.115   0.034   0.025   0.099
P415 POS    46.655990000  -123.729867000      -15402.275   0.467   0.346   1.470
P415 VEL          -4.430          -5.477          -0.497   0.093   0.067   0.279
P416 POS    47.039941000  -121.596931000     1576511.198   0.518   0.370   1.515
P416 VEL          -8.466         -10.818          -0.737   0.051   0.036   0.149
P417 POS    46.574737000  -123.297932000      102471.563   0.407   0.287   1.202
P417 VEL          -5.727          -7.833          -0.831   0.034   0.024   0.101
P418 POS    47.236644000  -123.407815000      115149.312   0.384   0.287   1.145
P418 VEL          -6.245          -6.630           0.005   0.060   0.044   0.176
P419 POS    47.409298000  -123.366528000      935981.297   0.438   0.317   1.248
P419 VEL          -6.643          -6.559           0.528   0.094   0.067   0.264
P420 POS    46.588601000  -122.866334000       74091.694   0.424   0.310   1.221
P420 VEL          -6.483          -8.976          -1.237   0.045   0.033   0.129
P421 POS    46.531855000  -122.429232000      220564.408   0.480   0.347   1.491
P421 VEL          -6.874          -9.561          -1.029   0.057   0.041   0.177
P422 POS    46.797864000  -116.979687000      843715.148   0.397   0.293   1.189
P422 VEL         -10.119         -13.664          -0.458   0.037   0.027   0.109
P423 POS    47.287902000  -122.941212000       39957.350   0.557   0.398   1.823
P423 VEL          -6.832          -8.427          -0.490   0.099   0.074   0.339
P424 POS    47.823183000  -122.874715000       -1578.361   0.440   0.316   1.271
P424 VEL          -7.949          -8.018           0.010   0.051   0.037   0.148
P425 POS    46.452693000  -122.845401000       64250.851   0.415   0.313   1.262
P425 VEL          -6.249          -8.688          -1.352   0.044   0.033   0.133
P426 POS    47.802723000  -122.514588000        3303.492   1.109   0.820   4.573
P426 VEL          -8.342          -8.854          -1.445   0.055   0.038   0.183
P427 POS    45.430178000  -122.340634000      149181.119   0.416   0.312   1.255
P427 VEL          -6.709         -10.095          -1.642   0.066   0.049   0.198
P429 POS    45.676127000  -121.877363000       25537.877   0.489   0.351   1.505
P429 VEL          -7.301         -10.920          -1.724   0.072   0.052   0.219
P430 POS    47.003843000  -123.436224000       -4411.672   1.071   0.774   3.157
P430 VEL          -5.987          -6.794          -0.652   0.072   0.051   0.210
P431 POS    46.572080000  -121.988455000     1422698.869   0.408   0.295   1.171
P431 VEL          -7.324         -10.147          -1.088   0.042   0.030   0.118
P432 POS    46.622854000  -121.683233000      318865.006   0.461   0.320   1.472
P432 VEL          -8.324         -10.857          -1.357   0.080   0.056   0.245
P433 POS    44.532521000  -119.872015000     1158669.752   0.555   0.410   1.702
P433 VEL          -9.088         -13.890          -0.795   0.047   0.035   0.145
P434 POS    47.740201000  -121.075612000     1698026.786   0.402   0.301   1.187
P434 VEL          -9.502         -11.467          -0.503   0.040   0.029   0.115
P435 POS    48.059548000  -123.503280000      287335.175   0.611   0.368   1.936
P435 VEL          -7.380          -6.680           0.163   0.064   0.038   0.200
P436 POS    48.045301000  -123.134350000      190893.623   0.465   0.331   1.561
P436 VEL          -7.910          -7.931           0.251   0.065   0.046   0.212
P437 POS    48.001808000  -122.459160000       12455.031   0.423   0.312   1.278
P437 VEL          -8.695          -9.189          -0.839   0.074   0.054   0.220
P438 POS    48.419146000  -122.670265000       -9909.780   0.563   0.399   1.613
P438 VEL          -8.959          -9.191          -0.755   0.078   0.055   0.220
P439 POS    48.708191000  -122.909306000      -13864.907   0.398   0.285   1.153
P439 VEL          -8.840          -8.978          -0.055   0.054   0.038   0.155
P440 POS    48.856192000  -122.493344000        6353.206   0.439   0.313   1.290
P440 VEL          -9.282          -9.956          -0.512   0.049   0.034   0.146
P441 POS    48.915977000  -122.139645000      115204.107   0.494   0.374   1.582
P441 VEL          -9.684         -10.614           0.194   0.052   0.039   0.164
P442 POS    48.260478000  -121.615553000      146883.057   1.159   0.890   3.458
P442 VEL          -9.609         -10.908          -0.484   0.110   0.083   0.326
P443 POS    48.509646000  -121.285560000     1062116.966   0.641   0.459   1.882
P443 VEL          -9.819         -11.364           0.122   0.091   0.063   0.257
P444 POS    48.730218000  -121.067551000      493874.979   1.128   0.837   3.321
P444 VEL          -9.891         -11.635          -0.211   0.082   0.062   0.240
P445 POS    45.590122000  -120.672249000      436052.669   0.445   0.324   1.323
P445 VEL          -8.815         -12.394          -1.602   0.061   0.044   0.180
P446 POS    46.115661000  -122.892790000      -16466.249   0.396   0.288   1.163
P446 VEL          -6.185          -8.797          -1.151   0.066   0.047   0.191
P447 POS    45.452820000  -119.690128000      471223.022   0.439   0.322   1.292
P447 VEL          -9.817         -13.303          -1.142   0.095   0.069   0.276
P448 POS    45.910577000  -120.005203000      261406.768   0.401   0.294   1.200
P448 VEL          -9.733         -12.497          -2.411   0.051   0.037   0.150
P449 POS    46.259791000  -119.631000000      208417.569   0.411   0.304   1.257
P449 VEL          -9.576         -12.805          -1.543   0.035   0.026   0.105
P450 POS    45.953333000  -119.544197000      163659.180   0.465   0.338   1.352
P450 VEL          -9.331         -12.999          -1.414   0.038   0.027   0.109
P451 POS    46.792785000  -119.041365000      351428.654   0.382   0.275   1.113
P451 VEL          -9.841         -13.034          -1.014   0.032   0.023   0.093
P452 POS    47.403547000  -119.487286000      323038.115   0.869   0.647   2.956
P452 VEL         -10.066         -12.811          -0.441   0.084   0.061   0.270
P453 POS    47.759131000  -118.745460000      644219.928   1.204   0.866   3.498
P453 VEL         -10.146         -13.182          -0.610   0.041   0.029   0.119
P454 POS    47.953814000  -118.992582000      478939.674   0.418   0.305   1.197
P454 VEL         -10.187         -12.962          -0.615   0.047   0.034   0.134
P455 POS    44.485567000  -112.728552000     2593921.589   0.436   0.330   1.342
P455 VEL          -9.641         -15.470          -0.777   0.039   0.029   0.118
P456 POS    44.863486000  -111.225111000     2956332.674   0.382   0.289   1.114
P456 VEL          -7.391         -14.084           1.947   0.062   0.046   0.178
P457 POS    45.041226000  -111.272637000     2261939.548   1.390   1.049   4.080
P457 VEL          -7.183         -14.690           1.448   0.107   0.080   0.312
P458 POS    44.765686000  -111.301514000     2393912.810   0.403   0.305   1.195
P458 VEL          -9.865         -15.286           2.199   0.077   0.057   0.226
P459 POS    43.748327000  -110.745814000     2135658.859   0.504   0.488   2.492
P459 VEL          -9.804         -15.650          -0.916   0.084   0.083   0.421
P460 POS    45.139985000  -111.028598000     2197823.271   0.381   0.289   1.149
P460 VEL          -7.602         -14.299           0.260   0.049   0.037   0.146
P461 POS    45.354249000  -110.758687000     1544073.117   0.448   0.334   1.306
P461 VEL          -8.075         -14.375          -1.265   0.106   0.077   0.306
P462 POS    36.071315000  -116.628711000     1334385.016   0.590   0.489   2.182
P462 VEL          -7.708         -15.009          -0.547   0.095   0.077   0.339
P463 POS    36.022464000  -117.164676000     1326994.971   0.487   0.421   1.747
P463 VEL          -5.777         -16.908          -0.215   0.087   0.074   0.303
P464 POS    36.159044000  -117.410004000      911534.418   0.623   0.523   2.214
P464 VEL          -5.045         -17.974          -0.127   0.081   0.067   0.283
P465 POS    36.466833000  -118.132437000     2901539.248   0.583   0.473   1.908
P465 VEL          -1.273         -21.390          -0.163   0.173   0.138   0.551
P466 POS    36.531248000  -117.789465000     2754578.299   0.535   0.440   1.742
P466 VEL          -5.395         -18.375           0.560   0.161   0.130   0.516
P467 POS    36.570201000  -118.090627000     1380117.274   0.440   0.394   1.714
P467 VEL          -2.806         -19.919           0.408   0.079   0.068   0.295
P468 POS    36.975681000  -118.118367000     2853306.139   0.560   0.460   1.813
P468 VEL          -4.774         -18.739           1.153   0.124   0.100   0.390
P469 POS    37.231424000  -117.935813000     1794828.946   0.527   0.448   1.856
P469 VEL          -6.738         -17.775           0.563   0.086   0.071   0.278
P470 POS    34.462405000  -117.393894000      991384.491   0.407   0.354   1.442
P470 VEL           4.771         -24.941           0.772   0.083   0.071   0.289
P471 POS    33.562127000  -117.540872000      174743.554   0.600   0.519   2.130
P471 VEL          17.175         -37.152          -0.549   0.123   0.105   0.419
P472 POS    32.889211000  -117.104702000      137818.157   0.608   0.533   2.109
P472 VEL          17.665         -39.761          -1.470   0.078   0.067   0.265
P473 POS    32.733778000  -116.949522000      188533.201   0.586   0.513   2.026
P473 VEL          17.933         -39.959          -1.851   0.102   0.087   0.341
P474 POS    33.355195000  -117.248699000      182893.121   0.363   0.316   1.266
P474 VEL          16.725         -37.982          -1.034   0.072   0.061   0.244
P475 POS    32.666398000  -117.243942000      -25075.536   0.603   0.543   2.270
P475 VEL          19.146         -40.809          -0.789   0.109   0.098   0.404
P476 POS    33.439651000  -117.189683000      309735.206   0.618   0.536   2.122
P476 VEL          16.082         -37.375          -0.750   0.078   0.066   0.260
P477 POS    33.502803000  -117.113378000      334432.197   0.534   0.469   1.887
P477 VEL          15.702         -35.797          -4.404   0.132   0.112   0.447
P478 POS    33.235717000  -117.071597000      371551.081   0.376   0.334   1.359
P478 VEL          16.620         -38.406          -1.438   0.077   0.068   0.275
P479 POS    33.493319000  -116.782936000     1093815.589   0.426   0.368   1.458
P479 VEL          13.411         -34.526          -1.036   0.100   0.086   0.338
P480 POS    32.975998000  -116.348542000      436017.323   0.417   0.363   1.489
P480 VEL          15.445         -38.377          -0.721   0.059   0.051   0.208
P481 POS    32.822241000  -116.010798000      610892.646   0.459   0.405   1.645
P481 VEL          14.164         -36.960           0.859   0.109   0.094   0.378
P482 POS    33.240181000  -116.671419000      878692.860   0.792   0.694   2.971
P482 VEL          14.897         -37.240          -0.546   0.136   0.117   0.482
P483 POS    33.059166000  -116.569332000     1375529.810   0.579   0.507   2.034
P483 VEL          16.398         -38.324          -1.080   0.074   0.064   0.253
P484 POS    33.375594000  -116.620844000     1382465.174   0.475   0.413   1.706
P484 VEL          12.774         -35.219          -0.938   0.115   0.099   0.405
P485 POS    33.210213000  -116.409045000      372132.200   0.405   0.351   1.535
P485 VEL          13.099         -36.276          -0.493   0.083   0.071   0.306
P486 POS    33.260193000  -116.322292000      126237.185   0.379   0.330   1.350
P486 VEL          11.446         -34.234          -2.780   0.076   0.065   0.261
P487 POS    33.213532000  -116.183078000       90235.171   0.581   0.509   2.043
P487 VEL          10.659         -33.527           0.521   0.060   0.051   0.207
P488 POS    33.201016000  -116.078815000       61722.188   0.394   0.343   1.375
P488 VEL           7.963         -31.413           0.313   0.088   0.075   0.300
P489 POS    33.296213000  -116.111613000      290305.698   0.454   0.396   1.639
P489 VEL           4.800         -28.770           0.425   0.119   0.103   0.422
P490 POS    33.523463000  -116.425910000     2622414.696   0.476   0.419   1.807
P490 VEL           8.273         -29.281          -0.388   0.069   0.060   0.254
P491 POS    33.574679000  -116.226829000        4244.570   0.412   0.344   1.452
P491 VEL           4.913         -26.545           0.073   0.091   0.075   0.316
P492 POS    32.887049000  -115.969457000       68839.728   0.401   0.349   1.406
P492 VEL          13.231         -35.587           0.601   0.086   0.074   0.296
P493 POS    32.954704000  -115.824896000      197494.047   0.442   0.386   1.531
P493 VEL          10.676         -32.864           1.048   0.118   0.102   0.403
P494 POS    32.759655000  -115.732072000      -44278.314   0.455   0.398   1.657
P494 VEL          13.139         -33.411           1.594   0.069   0.060   0.247
P495 POS    33.044961000  -115.628397000      -84077.067   0.497   0.434   1.735
P495 VEL           5.022         -21.852          -5.812   0.159   0.137   0.548
P496 POS    32.750626000  -115.595958000      -40065.959   0.529   0.471   1.963
P496 VEL          13.068         -32.128           3.160   0.188   0.171   0.717
P497 POS    32.834736000  -115.577035000      -51001.897   0.467   0.414   1.689
P497 VEL          10.274         -27.092           1.307   0.076   0.067   0.269
P498 POS    32.898431000  -115.569570000      -58048.728   0.585   0.517   2.081
P498 VEL           8.761         -25.200           0.347   0.103   0.091   0.370
P499 POS    32.979605000  -115.487915000      -74251.164   0.615   0.557   2.321
P499 VEL          -5.077         -17.806          -5.159   0.170   0.151   0.628
P500 POS    32.690046000  -115.299934000      -20620.800   0.408   0.358   1.416
P500 VEL          -3.503         -17.164          -2.760   0.103   0.089   0.351
P501 POS    32.875755000  -115.397915000      -55702.239   0.691   0.614   2.469
P501 VEL          -5.193         -15.198          -0.911   0.089   0.078   0.318
P502 POS    32.982450000  -115.421914000      -66085.404   0.704   0.623   2.500
P502 VEL          -6.847         -15.453          -1.658   0.075   0.065   0.266
P503 POS    32.948916000  -115.720186000        6128.851   0.530   0.467   1.879
P503 VEL          10.296         -29.167           1.794   0.183   0.160   0.643
P504 POS    33.516409000  -115.765851000       84003.214   0.567   0.496   2.082
P504 VEL          -4.829         -19.742          -0.138   0.063   0.054   0.231
P505 POS    33.423873000  -115.687003000      -57804.919   0.433   0.382   1.582
P505 VEL          -6.409         -17.115          -0.864   0.095   0.082   0.339
P506 POS    33.081429000  -115.510201000      -83456.239   0.823   0.738   2.974
P506 VEL          -7.011         -17.111          -3.473   0.168   0.150   0.596
P507 POS    33.199974000  -115.612409000      -78629.598   0.494   0.433   1.767
P507 VEL         -13.115         -20.612         -13.006   0.092   0.078   0.318
P508 POS    33.247779000  -115.428708000       10688.810   0.495   0.429   1.740
P508 VEL          -7.646         -15.842          -0.689   0.108   0.092   0.371
P509 POS    32.890662000  -115.293920000      -29655.771   0.403   0.354   1.402
P509 VEL          -7.036         -13.824          -2.882   0.092   0.079   0.312
P510 POS    33.143573000  -115.343335000        1510.824   0.417   0.364   1.478
P510 VEL          -7.810         -14.960          -0.847   0.104   0.089   0.367
P511 POS    33.886934000  -115.296104000      273329.612   0.396   0.353   1.438
P511 VEL          -8.264         -15.348          -0.460   0.050   0.044   0.178
P512 POS    37.562635000  -119.694451000     1344709.177   0.466   0.403   1.652
P512 VEL          -1.859         -22.563          -1.826   0.117   0.101   0.412
P513 POS    34.907266000  -120.650180000      284565.969   0.585   0.492   1.970
P513 VEL          23.632         -41.570           0.379   0.078   0.065   0.259
P514 POS    35.010718000  -120.409757000      140912.187   0.477   0.405   1.648
P514 VEL          22.163         -41.083           0.585   0.103   0.087   0.350
P515 POS    34.870557000  -120.239858000      290624.523   0.479   0.406   1.637
P515 VEL          20.738         -41.432           0.639   0.037   0.032   0.129
P516 POS    35.106204000  -120.383399000      262974.485   0.784   0.660   2.764
P516 VEL          21.518         -39.738           0.274   0.061   0.052   0.221
P517 POS    34.376367000  -118.177579000     1959170.035   0.463   0.393   1.586
P517 VEL          11.161         -34.645          -0.068   0.117   0.098   0.397
P518 POS    35.020036000  -120.075314000     1101785.618   0.425   0.357   1.419
P518 VEL          18.471         -39.425           0.303   0.113   0.093   0.369
P519 POS    34.507814000  -119.792445000      810910.533   0.392   0.343   1.373
P519 VEL          19.001         -42.053          -0.189   0.052   0.045   0.179
P520 POS    34.630486000  -119.616413000     1250835.609   0.537   0.456   1.828
P520 VEL          16.133         -41.357           0.540   0.092   0.077   0.303
P521 POS    34.888570000  -119.815363000     1709078.807   0.430   0.361   1.438
P521 VEL          17.257         -39.582           0.595   0.103   0.085   0.337
P522 POS    35.086613000  -119.536068000      991097.754   0.487   0.408   1.625
P522 VEL           8.344         -31.307          -0.476   0.147   0.123   0.487
P523 POS    35.304453000  -120.860280000       41366.757   0.519   0.419   1.805
P523 VEL          24.182         -40.281           0.373   0.122   0.098   0.421
P525 POS    35.425771000  -120.808149000      271367.885   0.353   0.296   1.184
P525 VEL          23.748         -39.529           0.319   0.053   0.044   0.175
P526 POS    35.635978000  -120.869745000      416841.654   0.467   0.396   1.699
P526 VEL          21.988         -39.854           1.180   0.073   0.061   0.260
P527 POS    35.754147000  -120.604761000      347922.941   0.497   0.413   1.688
P527 VEL          20.277         -37.736          -0.684   0.112   0.092   0.376
P528 POS    35.327814000  -120.545456000      367353.150   0.618   0.516   2.101
P528 VEL          22.006         -38.772          -0.247   0.100   0.082   0.331
P529 POS    35.440454000  -120.353835000      437335.447   0.410   0.343   1.376
P529 VEL          19.192         -37.416          -0.205   0.096   0.079   0.318
P530 POS    35.624804000  -120.480441000      388355.648   0.431   0.356   1.442
P530 VEL          20.285         -37.053          -0.915   0.098   0.080   0.323
P531 POS    35.792693000  -120.536607000      440129.068   0.498   0.413   1.688
P531 VEL          20.330         -36.667           0.228   0.129   0.105   0.430
P532 POS    35.633814000  -120.267033000      533256.191   0.474   0.405   1.671
P532 VEL          15.725         -33.723           1.183   0.094   0.078   0.319
P533 POS    35.747932000  -120.370960000      603204.858   0.491   0.413   1.668
P533 VEL          16.928         -34.123           1.477   0.069   0.057   0.228
P534 POS    37.061234000  -122.237618000      204245.761   0.623   0.508   2.044
P534 VEL          23.131         -39.185          -0.125   0.087   0.070   0.284
P535 POS    35.235130000  -120.101429000      571570.534   0.571   0.499   2.124
P535 VEL          17.766         -37.299           1.112   0.060   0.052   0.217
P536 POS    35.279770000  -120.025027000      665377.711   0.502   0.417   1.740
P536 VEL          16.165         -35.945           0.783   0.109   0.089   0.371
P537 POS    35.316798000  -119.935347000      581823.288   0.607   0.507   2.077
P537 VEL          13.642         -33.772           1.000   0.104   0.086   0.350
P538 POS    35.534175000  -120.112506000      641197.755   0.479   0.398   1.627
P538 VEL          12.797         -33.115           1.759   0.126   0.104   0.432
P539 POS    35.702675000  -120.182056000      601111.618   0.478   0.400   1.611
P539 VEL           8.722         -27.674           1.202   0.085   0.069   0.278
P540 POS    35.801280000  -120.130641000      393725.151   0.667   0.575   2.393
P540 VEL           4.916         -24.382           0.463   0.095   0.080   0.326
P541 POS    35.686732000  -120.000683000      209209.573   0.484   0.408   1.658
P541 VEL           4.898         -25.088           1.167   0.099   0.082   0.332
P542 POS    35.688912000  -120.292606000      587968.203   0.943   0.784   3.161
P542 VEL          15.510         -33.440           0.552   0.132   0.107   0.431
P543 POS    35.318993000  -119.713227000      544056.285   0.498   0.420   1.812
P543 VEL           7.475         -28.052           2.422   0.108   0.089   0.389
P544 POS    35.731268000  -119.738039000       33535.416   0.426   0.354   1.431
P544 VEL           1.389         -22.666          -6.079   0.096   0.079   0.317
P545 POS    35.499842000  -119.535812000       50580.052   0.980   0.826   3.393
P545 VEL           1.690         -24.142         -10.608   0.210   0.176   0.705
P546 POS    35.927904000  -120.154889000      635271.346   0.889   0.735   2.902
P546 VEL           3.654         -21.935           1.371   0.102   0.083   0.332
P547 POS    35.934704000  -119.909365000       45873.791   0.922   0.775   3.076
P547 VEL           2.259         -21.481           0.603   0.108   0.089   0.356
P548 POS    34.466808000  -119.503952000     1134844.553   0.490   0.418   1.672
P548 VEL          16.024         -41.036           0.575   0.082   0.069   0.269
P549 POS    34.599602000  -119.326346000     1250303.928   0.905   0.748   3.038
P549 VEL          13.131         -39.418           1.626   0.066   0.055   0.223
P550 POS    34.660085000  -119.114627000     1526140.844   0.386   0.333   1.365
P550 VEL          11.056         -36.847           1.651   0.061   0.052   0.209
P551 POS    34.856200000  -119.154576000     1550305.637   0.665   0.483   3.370
P551 VEL           9.569         -32.654           0.129   0.146   0.103   0.724
P552 POS    35.686727000  -120.244967000      581676.717   0.906   0.757   3.048
P552 VEL          14.142         -32.549           0.743   0.124   0.102   0.411
P553 POS    34.835095000  -118.878974000     1335858.535   0.439   0.375   1.503
P553 VEL           7.254         -30.362           1.943   0.050   0.042   0.165
P554 POS    34.792298000  -118.848034000     1170145.535   0.467   0.389   1.640
P554 VEL           7.587         -32.705           1.248   0.078   0.064   0.266
P555 POS    34.694992000  -118.669429000     1095987.450   0.631   0.532   2.360
P555 VEL           9.979         -31.718           1.062   0.118   0.097   0.424
P556 POS    34.771110000  -118.545459000      852606.852   0.705   0.598   2.447
P556 VEL           8.242         -28.256          -1.499   0.061   0.051   0.205
P557 POS    34.944385000  -118.655592000     1818225.147   0.354   0.300   1.297
P557 VEL           4.300         -25.819           1.314   0.050   0.042   0.176
P558 POS    35.138606000  -118.611659000     1411454.496   0.555   0.468   1.869
P558 VEL           2.479         -24.433           0.349   0.108   0.089   0.357
P559 POS    34.838910000  -118.617603000      927714.440   2.240   1.842   7.670
P559 VEL           6.009         -26.490           0.821   0.135   0.112   0.464
P560 POS    34.821812000  -118.540872000      838293.583   0.566   0.488   1.992
P560 VEL           6.169         -26.364           0.433   0.052   0.044   0.182
P561 POS    34.618461000  -118.399061000      974415.648   0.720   0.839   4.562
P561 VEL           9.812         -30.995           0.821   0.149   0.172   0.920
P562 POS    34.982134000  -118.188749000     1241058.437   0.803   0.674   2.645
P562 VEL           4.032         -22.142          -0.171   0.053   0.045   0.176
P563 POS    35.418669000  -119.421170000       56507.463   0.745   0.633   2.619
P563 VEL           2.066         -22.576          -8.604   0.209   0.173   0.704
P564 POS    35.622911000  -119.349394000       60450.182   0.674   0.562   2.303
P564 VEL           0.313         -23.919         -18.170   0.312   0.259   1.057
P565 POS    35.743894000  -119.236658000       62611.137   0.619   0.519   2.117
P565 VEL           0.644         -24.787          -7.046   0.259   0.217   0.875
P566 POS    36.324454000  -119.229292000       77934.729   0.634   0.534   2.201
P566 VEL          -1.679         -23.224         -11.280   0.090   0.073   0.297
P567 POS    35.420946000  -118.753581000      706334.710   0.611   0.517   2.121
P567 VEL           0.458         -23.579           1.439   0.147   0.123   0.499
P568 POS    35.254307000  -118.126517000     1301211.644   0.409   0.344   1.378
P568 VEL           1.319         -21.943          -0.005   0.082   0.068   0.270
P569 POS    35.377969000  -118.123771000     1275725.308   0.480   0.411   1.654
P569 VEL           0.788         -21.783           0.130   0.062   0.052   0.205
P570 POS    35.667348000  -118.260043000      810863.975   0.469   0.407   1.680
P570 VEL          -0.285         -21.555           1.188   0.077   0.066   0.265
P571 POS    36.231366000  -118.766720000      914204.788   0.522   0.444   1.826
P571 VEL          -0.730         -21.643           2.385   0.180   0.151   0.617
P572 POS    36.585516000  -118.954600000     1167326.745   0.513   0.423   1.683
P572 VEL          -1.300         -21.767           1.717   0.188   0.154   0.608
P573 POS    36.093094000  -118.260503000     2441369.988   0.509   0.433   1.738
P573 VEL          -1.252         -21.304           1.383   0.106   0.088   0.349
P574 POS    34.286771000  -117.633891000     2873776.542   0.434   0.376   1.493
P574 VEL           8.650         -31.918           0.741   0.078   0.067   0.273
P575 POS    34.215514000  -117.542167000     1928406.262   0.757   0.650   2.648
P575 VEL          11.145         -32.532           0.231   0.185   0.156   0.628
P576 POS    35.669665000  -120.970007000      324413.498   0.866   0.734   3.991
P576 VEL          21.432         -40.029           0.905   0.090   0.075   0.402
P577 POS    34.304606000  -117.318919000      999543.310   0.462   0.408   1.721
P577 VEL           5.334         -26.784           1.078   0.051   0.044   0.174
P578 POS    35.694333000  -120.239037000      536289.140   0.552   0.459   1.920
P578 VEL          12.095         -30.683           1.074   0.146   0.119   0.496
P579 POS    35.038763000  -118.005769000      834204.082   0.442   0.377   1.529
P579 VEL           3.505         -21.092          -0.441   0.054   0.046   0.179
P580 POS    35.620947000  -117.192228000     1669605.854   0.631   0.532   2.113
P580 VEL          -2.672         -18.401          -0.692   0.089   0.073   0.288
P581 POS    34.509740000  -117.729006000      972791.564   0.434   0.371   1.495
P581 VEL           6.163         -26.488           0.437   0.051   0.043   0.171
P582 POS    34.634259000  -117.548864000      848023.552   0.437   0.368   1.479
P582 VEL           3.980         -23.586           0.016   0.102   0.085   0.341
P583 POS    34.987004000  -117.543397000      730750.772   0.353   0.302   1.217
P583 VEL           2.186         -20.480          -0.561   0.050   0.042   0.170
P584 POS    33.892604000  -116.951646000      738744.862   0.460   0.399   1.581
P584 VEL           8.960         -28.481           1.047   0.085   0.072   0.280
P585 POS    34.019348000  -116.545751000      958146.664   0.467   0.405   1.610
P585 VEL           3.914         -22.591           1.133   0.084   0.071   0.282
P586 POS    34.534844000  -117.280525000      809397.631   0.474   0.445   1.972
P586 VEL           3.632         -23.639           0.295   0.087   0.080   0.349
P587 POS    34.332235000  -118.031344000     1600766.520   0.453   0.385   1.564
P587 VEL          11.009         -34.522           0.100   0.103   0.087   0.349
P588 POS    34.785438000  -117.267604000      709764.848   1.088   0.873   3.654
P588 VEL           2.237         -21.500          -0.966   0.149   0.119   0.503
P589 POS    34.620667000  -117.110194000     1148053.232   0.421   0.361   1.464
P589 VEL           2.150         -22.352           0.207   0.080   0.067   0.266
P590 POS    35.116778000  -117.364754000      678519.011   0.705   0.598   2.382
P590 VEL           1.022         -19.335          -0.562   0.120   0.100   0.403
P591 POS    35.152425000  -118.016479000      708818.390   0.441   0.375   1.521
P591 VEL           2.769         -20.655          -0.552   0.051   0.043   0.168
P592 POS    35.238552000  -117.303233000     1049316.559   0.483   0.411   1.650
P592 VEL           0.396         -18.701          -1.555   0.126   0.107   0.423
P593 POS    35.387870000  -117.205063000     1375761.889   0.437   0.369   1.472
P593 VEL          -1.150         -17.758          -0.643   0.088   0.073   0.284
P594 POS    35.896709000  -117.390135000      937410.185   0.532   0.451   1.983
P594 VEL          -3.931         -18.715          -0.173   0.083   0.068   0.302
P595 POS    35.697557000  -117.402832000      644457.621   1.158   0.968   3.876
P595 VEL          -2.563         -19.042          -0.432   0.069   0.057   0.225
P596 POS    35.998176000  -116.889525000      430467.251   0.659   0.580   2.352
P596 VEL          -6.591         -16.589          -0.787   0.070   0.060   0.242
P597 POS    35.710599000  -116.888399000     1194144.347   0.437   0.367   1.466
P597 VEL          -5.146         -16.941          -0.651   0.082   0.067   0.265
P598 POS    34.192462000  -116.710271000     2746471.788   0.383   0.332   1.339
P598 VEL           3.735         -22.499           0.828   0.078   0.066   0.265
P599 POS    34.217171000  -116.537468000     1323895.735   0.587   0.510   2.039
P599 VEL           2.107         -20.018           1.730   0.089   0.076   0.300
P600 POS    33.865846000  -116.211880000      792069.150   0.609   0.527   2.079
P600 VEL           0.161         -21.044          -0.270   0.058   0.049   0.196
P601 POS    33.959296000  -116.080232000     1242627.713   0.591   0.515   2.066
P601 VEL          -3.229         -18.522           0.017   0.059   0.051   0.202
P602 POS    35.729166000  -120.227898000      648237.768   0.500   0.422   1.731
P602 VEL           8.988         -28.039           1.573   0.123   0.102   0.415
P603 POS    34.716905000  -116.029506000      624700.157   0.434   0.374   1.495
P603 VEL          -8.073         -15.612          -0.240   0.113   0.097   0.388
P604 POS    34.936827000  -116.671457000      588422.624   0.790   0.674   2.689
P604 VEL          -3.962         -18.210          -0.127   0.083   0.069   0.278
P605 POS    34.341129000  -117.936672000     2419724.055   0.525   0.443   1.953
P605 VEL          10.245         -33.537           0.958   0.079   0.065   0.277
P606 POS    34.462064000  -116.879628000      863357.907   0.390   0.333   1.328
P606 VEL           1.922         -22.528           0.420   0.076   0.064   0.254
P607 POS    33.741039000  -115.820656000      958710.263   0.495   0.436   1.829
P607 VEL          -5.693         -17.885          -0.553   0.095   0.082   0.336
P608 POS    33.994082000  -115.686606000      632295.982   0.532   0.460   1.824
P608 VEL          -7.361         -16.048          -0.430   0.061   0.052   0.207
P609 POS    34.062687000  -116.892822000     2721223.649   0.737   0.632   2.825
P609 VEL           5.380         -25.284           0.041   0.257   0.219   0.995
P610 POS    34.425746000  -115.763728000      343838.080   0.653   0.617   2.973
P610 VEL          -7.902         -14.537          -0.875   0.094   0.088   0.422
P611 POS    35.204772000  -115.649814000     1333016.659   0.421   0.360   1.460
P611 VEL          -8.957         -15.226          -0.175   0.088   0.074   0.299
P612 POS    34.187383000  -117.315523000      531710.287   0.445   0.383   1.563
P612 VEL           7.747         -29.425           0.557   0.083   0.070   0.283
P613 POS    34.196190000  -117.049967000     2355160.466   0.686   0.667   3.019
P613 VEL           7.872         -24.016          -0.317   0.232   0.226   1.005
P614 POS    34.731793000  -115.250265000      490983.176   0.567   0.472   2.439
P614 VEL          -9.205         -14.869           0.238   0.132   0.110   0.559
P615 POS    35.204608000  -116.762913000      995130.704   0.430   0.366   1.450
P615 VEL          -3.694         -17.372          -0.172   0.084   0.070   0.277
P616 POS    35.424564000  -117.893337000     1071185.288   0.469   0.398   1.580
P616 VEL           0.403         -20.584           0.244   0.086   0.071   0.284
P617 POS    35.320642000  -116.571648000      887671.245   0.433   0.365   1.448
P617 VEL          -6.047         -16.345          -0.070   0.087   0.072   0.284
P618 POS    35.141888000  -116.103935000      263361.546   1.667   1.478   6.112
P618 VEL          -8.433         -15.795           0.301   0.081   0.071   0.287
P619 POS    35.525947000  -116.121806000      388929.586   0.619   0.525   2.157
P619 VEL          -8.349         -14.939           0.123   0.146   0.121   0.490
P620 POS    35.785363000  -116.144923000      668706.496   0.683   0.579   2.301
P620 VEL          -8.472         -15.317          -0.151   0.093   0.077   0.302
P621 POS    35.472759000  -115.543953000     1420495.563   0.497   0.404   1.723
P621 VEL          -8.693         -14.802          -0.922   0.119   0.097   0.397
P622 POS    35.162990000  -115.365867000     1524456.954   0.447   0.380   1.561
P622 VEL          -9.109         -15.088          -0.319   0.082   0.068   0.284
P623 POS    34.188932000  -114.599408000      267743.429   0.373   0.322   1.297
P623 VEL          -8.763         -14.710          -0.770   0.068   0.057   0.230
P625 POS    34.844442000  -114.965146000      606768.599   0.416   0.357   1.440
P625 VEL          -8.862         -14.729          -0.753   0.089   0.075   0.302
P626 POS    35.291118000  -115.238280000     1442755.023   0.509   0.426   1.715
P626 VEL          -8.910         -14.936          -0.275   0.084   0.070   0.276
P627 POS    37.973100000  -118.378528000     2342135.268   0.456   0.368   1.469
P627 VEL          -5.221         -17.148          -1.286   0.116   0.093   0.371
P628 POS    37.934230000  -119.249357000     2924430.720   0.494   0.413   1.672
P628 VEL          -1.659         -22.850          -0.077   0.043   0.036   0.146
P629 POS    37.375866000  -119.179377000     2725677.899   0.485   0.396   1.581
P629 VEL          -2.053         -22.437          -0.761   0.109   0.088   0.348
P630 POS    37.613036000  -119.000446000     2740591.320   1.020   0.833   3.371
P630 VEL          -4.133         -23.041           1.657   0.234   0.191   0.758
P631 POS    37.605324000  -118.915944000     2659818.111   0.929   0.722   3.218
P631 VEL          -5.014         -20.341           2.893   0.133   0.103   0.455
P632 POS    37.785664000  -119.086079000     2389810.966   0.539   0.481   2.238
P632 VEL          -1.244         -22.320           1.738   0.132   0.116   0.536
P633 POS    37.913460000  -119.032991000     2293012.951   1.154   0.932   3.685
P633 VEL          -0.570         -21.351           1.280   0.149   0.121   0.470
P634 POS    37.696592000  -119.025784000     2467439.793   1.388   1.232   5.213
P634 VEL          -0.871         -22.610           0.619   0.123   0.108   0.467
P635 POS    37.839313000  -119.137994000     2484196.774   0.558   0.474   1.973
P635 VEL          -1.098         -22.681           2.221   0.148   0.125   0.516
P636 POS    37.962771000  -119.146711000     2739053.924   0.493   0.408   1.628
P636 VEL          -1.292         -22.728           1.385   0.080   0.065   0.253
P637 POS    37.914105000  -119.083702000     2031662.329   0.506   0.418   1.669
P637 VEL          -1.280         -21.910           1.514   0.134   0.109   0.429
P638 POS    37.734317000  -118.943482000     2491907.009   1.607   1.305   5.214
P638 VEL           1.604         -21.111           5.809   0.184   0.150   0.588
P639 POS    37.654562000  -118.868712000     2339305.622   0.771   0.629   2.541
P639 VEL          -2.704         -18.218           4.044   0.251   0.202   0.810
P640 POS    37.891738000  -118.960411000     2200937.401   0.709   0.590   2.395
P640 VEL          -0.720         -20.617           3.026   0.227   0.188   0.762
P641 POS    37.878189000  -118.851923000     2527192.874   0.641   0.524   2.076
P641 VEL          -0.199         -18.718           3.333   0.171   0.140   0.552
P642 POS    37.591366000  -118.816674000     2667385.764   1.093   0.857   3.763
P642 VEL          -5.259         -20.830           1.065   0.283   0.219   0.933
P643 POS    37.561552000  -118.698166000     2121993.111   0.870   0.667   3.069
P643 VEL          -3.775         -18.488           1.052   0.142   0.106   0.485
P644 POS    37.495392000  -118.684406000     3458632.022   0.558   0.457   1.801
P644 VEL          -4.483         -20.371           0.043   0.194   0.156   0.609
P645 POS    37.541271000  -118.593459000     2007708.054   0.533   0.439   1.746
P645 VEL          -3.658         -18.455           2.222   0.147   0.120   0.471
P646 POS    37.677034000  -118.819991000     2102012.505   0.750   0.614   2.443
P646 VEL          -2.773         -17.060           2.978   0.253   0.205   0.810
P647 POS    37.754361000  -118.767710000     2235539.260   0.759   0.601   2.769
P647 VEL          -1.368         -16.591           3.778   0.202   0.159   0.719
P648 POS    37.800015000  -119.019216000     2572400.749   0.671   0.552   2.302
P648 VEL           0.075         -22.667           2.576   0.192   0.156   0.625
P649 POS    37.903456000  -118.736233000     2153959.593   0.702   0.575   2.315
P649 VEL          -1.694         -17.663           2.344   0.161   0.131   0.518
P650 POS    37.891276000  -118.554904000     2298182.370   0.530   0.435   1.756
P650 VEL          -3.528         -16.501           1.713   0.125   0.104   0.420
P651 POS    37.563109000  -118.386986000     1316707.200   0.499   0.418   1.711
P651 VEL          -5.156         -18.209          -1.805   0.115   0.095   0.388
P652 POS    37.589157000  -118.238455000     3865290.353   0.588   0.481   1.923
P652 VEL          -6.340         -17.238          -0.345   0.209   0.167   0.660
P653 POS    37.737499000  -118.471664000     1826292.353   0.548   0.454   1.850
P653 VEL          -4.699         -17.644           0.303   0.139   0.114   0.463
P654 POS    38.057934000  -119.150193000     2053465.762   0.505   0.420   1.686
P654 VEL          -2.930         -21.731           0.484   0.124   0.102   0.406
P655 POS    41.294485000  -122.206326000     1542529.251   0.885   0.796   3.964
P655 VEL          -5.921         -17.720          -1.037   0.066   0.053   0.229
P656 POS    41.344838000  -122.195842000     2398656.617   0.613   0.458   1.950
P656 VEL          -6.178         -17.603          -0.075   0.066   0.049   0.208
P657 POS    41.381238000  -122.293852000     1684425.268   0.464   0.368   1.558
P657 VEL          -5.749         -17.220          -2.451   0.110   0.087   0.362
P658 POS    41.479176000  -122.190916000     1915175.714   0.558   0.414   1.722
P658 VEL          -6.047         -17.251          -0.115   0.065   0.047   0.196
P659 POS    41.453733000  -122.092667000     1791071.240   0.953   0.733   3.264
P659 VEL          -6.104         -17.490           0.265   0.087   0.066   0.286
P660 POS    41.409590000  -122.067682000     1587186.850   1.060   0.977   4.089
P660 VEL          -6.348         -17.696           0.499   0.148   0.134   0.590
P661 POS    41.463597000  -122.312674000     1324180.823   0.665   0.492   2.113
P661 VEL          -6.021         -17.144           0.449   0.089   0.066   0.281
P663 POS    41.531939000  -122.152926000     2237994.127   0.723   0.607   2.943
P663 VEL          -5.968         -17.380           0.751   0.101   0.086   0.410
P664 POS    40.473195000  -121.495909000     2568983.713   0.741   0.549   2.820
P664 VEL          -3.940         -19.532          -8.561   0.058   0.043   0.223
P665 POS    40.456127000  -121.525758000     2326685.719   0.601   0.449   1.876
P665 VEL          -2.703         -17.953          -6.252   0.049   0.037   0.154
P666 POS    40.465345000  -121.514513000     2471424.477   1.392   1.076   4.523
P666 VEL          -2.860         -18.629          -7.548   0.047   0.036   0.154
P667 POS    40.465826000  -121.467445000     2333919.604   0.865   0.657   3.318
P667 VEL          -3.098         -22.662          -8.104   0.068   0.052   0.261
P668 POS    40.508993000  -121.463081000     1982395.967   0.672   0.507   2.351
P668 VEL          -7.407         -21.637          -5.248   0.073   0.054   0.244
P669 POS    40.492124000  -121.603790000     1842884.053   0.647   0.565   2.621
P669 VEL          -5.417         -19.198          -0.362   0.133   0.119   0.539
P670 POS    40.539904000  -121.577200000     1731692.022   0.693   0.567   2.864
P670 VEL          -6.699         -19.220          -0.642   0.146   0.116   0.554
P671 POS    40.409141000  -121.428213000     1958726.055   0.704   0.613   2.949
P671 VEL          -1.716         -22.637          -3.926   0.066   0.061   0.288
P672 POS    41.711569000  -121.506942000     1435069.746   0.736   0.571   2.271
P672 VEL          -6.923         -17.333          -0.547   0.090   0.069   0.274
P673 POS    41.585822000  -121.613018000     2017785.464   0.942   0.712   3.692
P673 VEL          -5.986         -15.899          -4.638   0.058   0.044   0.232
P674 POS    41.616321000  -121.489990000     1897178.824   0.474   0.359   1.518
P674 VEL          -7.077         -18.564          -1.650   0.075   0.056   0.234
P675 POS    42.212220000  -112.718826000     1559121.535   0.392   0.301   1.191
P675 VEL          -9.665         -16.680           0.209   0.069   0.052   0.206
P676 POS    44.654215000  -111.337955000     2189804.074   0.418   0.308   1.257
P676 VEL         -10.519         -16.646           1.610   0.040   0.029   0.122
P677 POS    42.878918000  -113.868306000     1284804.747   0.407   0.310   1.238
P677 VEL          -9.992         -16.600          -0.335   0.076   0.057   0.226
P678 POS    43.448962000  -112.804555000     1535333.180   0.411   0.312   1.229
P678 VEL          -9.939         -16.322          -0.317   0.075   0.056   0.217
P679 POS    44.039818000  -113.306485000     1936410.371   0.707   0.540   2.156
P679 VEL          -9.614         -15.861           0.179   0.116   0.088   0.350
P680 POS    44.598356000  -111.098753000     2315935.886   0.480   0.355   1.635
P680 VEL         -10.889         -16.340           0.617   0.086   0.062   0.282
P681 POS    44.399774000  -112.636477000     1976056.162   0.466   0.352   1.430
P681 VEL          -9.838         -15.611          -0.703   0.038   0.029   0.117
P682 POS    42.503299000  -110.907530000     2323987.543   0.471   0.363   1.426
P682 VEL          -8.416         -14.623           0.009   0.080   0.061   0.239
P683 POS    42.826696000  -111.734542000     2065688.690   0.397   0.307   1.201
P683 VEL         -10.050         -15.832          -1.467   0.076   0.058   0.225
P684 POS    43.919147000  -111.450490000     1693915.625   1.386   1.066   4.139
P684 VEL         -10.202         -16.376          -2.080   0.085   0.064   0.252
P685 POS    44.067946000  -111.830158000     1606815.376   0.494   0.370   1.458
P685 VEL         -10.577         -16.348          -1.761   0.138   0.102   0.401
P686 POS    44.252053000  -111.155040000     2165297.633   0.461   0.352   1.383
P686 VEL         -10.374         -17.028          -0.694   0.071   0.053   0.210
P687 POS    46.109571000  -122.354642000      391067.956   1.192   1.005   4.412
P687 VEL          -7.418          -9.790          -1.645   0.101   0.084   0.369
P688 POS    46.030120000  -122.164163000     1165729.793   0.469   0.334   1.431
P688 VEL          -8.152          -9.837          -1.168   0.045   0.032   0.135
P689 POS    46.189552000  -122.360622000     1359433.513   0.432   0.320   1.254
P689 VEL          -6.779         -10.118          -0.980   0.035   0.026   0.102
P690 POS    46.179988000  -122.189872000     2078868.977   0.547   0.385   1.603
P690 VEL          -6.741          -9.641          -1.515   0.040   0.028   0.118
P691 POS    46.231483000  -122.226967000     1182881.751   0.519   0.380   1.609
P691 VEL          -6.569         -10.087          -0.500   0.049   0.036   0.155
P692 POS    46.224497000  -122.184210000     1491843.687   0.455   0.312   1.365
P692 VEL          -7.018          -8.948          -0.569   0.050   0.034   0.149
P693 POS    46.210320000  -122.202351000     2112938.731   0.470   0.331   1.349
P693 VEL          -8.156          -7.967          -2.135   0.065   0.046   0.185
P694 POS    46.299628000  -122.181934000     1725660.530   0.490   0.357   1.393
P694 VEL          -6.319          -9.866          -0.603   0.045   0.033   0.128
P695 POS    46.198986000  -122.164216000     2015632.211   0.559   0.458   2.002
P695 VEL          -7.393          -8.540          -1.094   0.068   0.055   0.239
P696 POS    46.196880000  -122.151639000     1599986.753   0.447   0.350   1.468
P696 VEL          -7.350          -9.475          -1.285   0.034   0.026   0.110
P697 POS    46.187642000  -122.176614000     2214529.885   0.597   0.460   1.950
P697 VEL          -3.024         -17.690          -3.565   0.135   0.103   0.436
P698 POS    46.173464000  -122.160614000     1479361.304   0.824   0.602   2.485
P698 VEL          -8.344          -9.034          -0.647   0.065   0.047   0.196
P699 POS    46.189782000  -122.203228000     2274055.175   2.478   1.824   7.659
P699 VEL          -5.409          -6.085          -2.437   0.165   0.121   0.509
P700 POS    46.178134000  -122.217368000     1521650.707   0.469   0.352   1.471
P700 VEL          -7.232         -10.024          -0.772   0.048   0.035   0.149
P701 POS    46.194624000  -122.133354000     1247418.401   0.427   0.324   1.304
P701 VEL          -7.007          -9.396          -0.602   0.041   0.031   0.124
P702 POS    46.300160000  -122.345650000     1305681.779   0.457   0.344   1.411
P702 VEL          -6.728          -9.999          -0.628   0.045   0.033   0.136
P703 POS    46.145257000  -122.196194000      988389.512   0.711   0.559   2.930
P703 VEL          -7.655         -10.052          -1.156   0.076   0.057   0.299
P705 POS    46.172957000  -122.310596000     1150848.030   0.538   0.454   1.962
P705 VEL          -7.082         -10.264          -1.062   0.045   0.037   0.155
P706 POS    45.043469000  -112.524093000     1810706.069   0.390   0.289   1.158
P706 VEL          -9.377         -14.767          -0.719   0.056   0.041   0.165
P707 POS    44.718769000  -111.837168000     2292816.036   0.399   0.304   1.175
P707 VEL          -9.834         -15.570          -0.090   0.065   0.049   0.188
P708 POS    43.786394000  -110.933597000     2998598.318   7.813   5.838  22.966
P708 VEL          -8.362         -15.919          -2.085   0.479   0.358   1.408
P709 POS    44.391794000  -110.286010000     2379705.370   0.466   0.354   1.607
P709 VEL          -8.153         -14.797          -0.304   0.082   0.066   0.322
P710 POS    44.095753000  -110.732146000     2172513.912   0.385   0.293   1.138
P710 VEL          -9.591         -15.689          -0.608   0.064   0.048   0.188
P711 POS    44.635563000  -110.861070000     2118731.783   1.647   1.356   5.676
P711 VEL          -9.862         -15.514          -0.252   0.221   0.175   0.721
P712 POS    44.957470000  -111.072383000     2161518.676   1.081   0.865   3.840
P712 VEL          -7.189         -14.345           1.019   0.168   0.132   0.592
P713 POS    44.389670000  -110.543738000     2368452.761  10.495   7.500  33.189
P713 VEL          -5.794         -18.159          -7.435   0.709   0.507   2.242
P714 POS    44.895848000  -110.744426000     2250498.996   0.543   0.424   1.794
P714 VEL          -7.340         -14.351           1.555   0.137   0.103   0.469
P715 POS    43.500768000  -109.689855000     2988234.465   0.435   0.334   1.318
P715 VEL          -8.186         -14.744          -0.142   0.082   0.062   0.243
P716 POS    44.718256000  -110.511516000     2386635.143   0.679   0.552   2.611
P716 VEL         -11.336         -13.631          -0.826   0.203   0.164   0.779
P717 POS    44.485405000  -109.897295000     2270226.595   0.444   0.349   1.432
P717 VEL          -8.099         -14.833          -0.963   0.052   0.039   0.160
P718 POS    44.753099000  -109.376311000     2577102.432   0.396   0.303   1.227
P718 VEL          -7.880         -14.728          -1.132   0.054   0.041   0.168
P719 POS    45.217756000  -111.789028000     1706341.016   0.383   0.291   1.164
P719 VEL          -8.827         -14.789          -0.263   0.059   0.044   0.178
P720 POS    44.943099000  -110.306261000     1923946.134   0.457   0.349   1.518
P720 VEL          -7.759         -14.490          -0.706   0.054   0.041   0.178
P721 POS    45.002874000  -110.002053000     2236299.190   0.667   0.521   2.435
P721 VEL          -7.932         -14.374          -0.695   0.054   0.041   0.194
P722 POS    45.457223000  -109.571014000     1452774.440   0.369   0.277   1.096
P722 VEL          -7.935         -14.538          -1.184   0.032   0.024   0.096
P723 POS    37.380426000  -118.724780000     3197811.640   1.117   1.000   5.130
P723 VEL          -3.417         -20.327           0.676   0.073   0.065   0.330
P724 POS    37.439476000  -118.561073000     1371627.199   0.527   0.444   1.804
P724 VEL          -4.085         -19.291           1.903   0.098   0.081   0.331
P725 POS    37.088895000  -119.745610000      330956.001   0.443   0.364   1.467
P725 VEL          -1.636         -22.251           0.296   0.112   0.091   0.372
P726 POS    37.280528000  -118.146700000     2202132.465   0.555   0.458   1.842
P726 VEL          -5.663         -18.270           1.259   0.126   0.102   0.405
P727 POS    37.273578000  -118.466777000     2677215.789   0.454   0.371   1.489
P727 VEL          -3.242         -20.328          -0.725   0.092   0.074   0.294
P728 POS    39.177699000  -106.973984000     3426113.696   0.464   0.350   1.507
P728 VEL          -6.924         -14.476          -0.896   0.108   0.080   0.344
P729 POS    34.263083000  -119.096066000       36040.939   0.593   0.521   2.257
P729 VEL          18.179         -40.926          -5.358   0.222   0.192   0.822
P730 POS    41.359196000  -120.828254000     1822468.805   0.441   0.348   1.446
P730 VEL          -6.460         -17.793          -1.375   0.054   0.042   0.177
P731 POS    41.332514000  -120.472766000     1391282.699   1.334   1.040   4.169
P731 VEL          -6.768         -17.688          -1.284   0.053   0.041   0.164
P732 POS    43.392499000  -123.891373000      582093.675   0.479   0.358   1.418
P732 VEL          -3.367         -10.523          -1.030   0.116   0.086   0.339
P733 POS    42.442016000  -124.413300000      184586.101   0.751   0.574   2.399
P733 VEL          -0.170          -9.098           2.369   0.111   0.084   0.345
P734 POS    42.076634000  -124.293259000      113352.118   0.757   0.602   2.437
P734 VEL          -1.122         -11.550           2.387   0.100   0.079   0.318
P735 POS    42.691609000  -123.231002000     1577683.779   0.499   0.385   1.606
P735 VEL          -4.647         -13.834           0.114   0.085   0.066   0.273
P736 POS    42.579829000  -121.880131000     1259551.126   1.347   1.051   4.236
P736 VEL          -6.436         -15.265          -0.022   0.083   0.064   0.257
P737 POS    42.727141000  -122.609639000     1245747.330   1.100   0.877   3.772
P737 VEL          -5.350         -13.974          -1.161   0.123   0.098   0.425
P738 POS    42.546080000  -119.658705000     1706770.378   0.418   0.319   1.265
P738 VEL          -8.497         -15.931          -0.431   0.083   0.062   0.247
P739 POS    42.020198000  -117.725433000     1351880.198   0.469   0.364   1.457
P739 VEL          -9.518         -16.482           0.056   0.078   0.061   0.240
P740 POS    33.598195000  -116.595981000     1372077.867   0.538   0.460   2.670
P740 VEL           8.443         -29.902           0.446   0.111   0.094   0.541
P741 POS    33.557474000  -116.531026000     1371263.217   0.454   0.438   1.833
P741 VEL           8.198         -29.583          -0.452   0.093   0.090   0.367
P742 POS    33.495544000  -116.602578000     1142643.652   0.405   0.348   1.429
P742 VEL          10.929         -32.749          -0.203   0.088   0.074   0.304
P744 POS    32.829383000  -115.508409000      -52736.796   0.803   0.715   2.852
P744 VEL           9.294         -22.781           3.157   0.148   0.128   0.510
P775 POS    40.475391000   -86.992089000      182428.534   0.887   0.713   2.971
P775 VEL           0.704         -14.461          -2.188   0.083   0.067   0.276
P776 POS    43.543266000   -71.378559000      476929.726   0.731   0.598   2.610
P776 VEL           5.487         -15.433           0.432   0.045   0.036   0.149
P777 POS    35.702660000   -92.545475000      335376.271   0.578   0.567   2.628
P777 VEL          -1.106         -13.992          -1.661   0.091   0.086   0.405
P778 POS    35.240351000   -85.814880000      550924.135   1.147   1.010   4.113
P778 VEL           1.380         -13.679          -0.815   0.087   0.077   0.310
P779 POS    35.201942000   -82.872482000      878730.819   0.743   0.623   2.852
P779 VEL           2.412         -13.889          -0.641   0.045   0.039   0.183
P780 POS    18.075028000   -66.579134000      154064.427   0.438   0.496   2.042
P780 VEL          13.790           8.797          -0.205   0.059   0.070   0.275
P781 POS    37.698981000  -121.071562000       -9739.313   2.875   2.261   9.386
P781 VEL          -3.262         -22.849           0.078   0.197   0.155   0.643
P782 POS    35.693821000  -120.216196000      537985.724   1.579   1.318   5.538
P782 VEL          11.165         -29.131           0.567   0.163   0.135   0.571
P783 POS    40.807572000  -111.414724000     1819777.828   1.323   1.070   4.182
P783 VEL          -8.106         -14.337          -1.431   0.055   0.044   0.172
P784 POS    41.830815000  -122.420460000      802237.248   1.173   0.901   3.716
P784 VEL          -5.766         -16.044          -0.219   0.122   0.093   0.390
P786 POS    41.845484000  -123.980792000       83986.311   0.486   0.334   1.660
P786 VEL          -2.148         -12.332           0.933   0.086   0.059   0.291
P787 POS    36.799479000  -121.580839000      113638.609   0.548   0.448   2.017
P787 VEL          21.781         -39.266          -0.483   0.146   0.119   0.531
P788 POS    36.744338000  -121.478770000      626636.597   0.525   0.440   1.845
P788 VEL          22.587         -39.624          -0.917   0.121   0.101   0.422
P789 POS    35.946588000  -120.471733000      503393.983   0.579   0.502   2.200
P789 VEL           6.743         -24.692           1.479   0.151   0.129   0.555
P790 POS    35.929150000  -120.515382000      553719.197   0.775   0.608   3.343
P790 VEL          19.171         -35.476           1.903   0.152   0.120   0.617
P791 POS    45.344529000  -121.672684000     1985173.347   0.565   0.442   1.911
P791 VEL          -7.685         -11.053          -1.068   0.067   0.052   0.225
P792 POS    46.244621000  -122.136893000     1256877.728   0.722   0.518   2.088
P792 VEL          -6.157          -8.847          -0.058   0.064   0.046   0.185
P793 POS    40.478753000  -123.573134000      709867.798   0.933   0.740   3.101
P793 VEL          -3.052         -19.466           0.367   0.106   0.083   0.340
P794 POS    39.845679000  -122.963761000     2088606.476   0.619   0.485   1.939
P794 VEL          -4.208         -23.147           0.152   0.062   0.049   0.195
P795 POS    34.508123000  -116.148129000     1095310.663   0.584   0.502   1.983
P795 VEL          -6.042         -15.015           0.413   0.106   0.090   0.352
P796 POS    32.497871000  -114.759351000       10155.407   0.595   0.543   2.215
P796 VEL          -6.349         -13.618          -1.460   0.120   0.105   0.425
P797 POS    33.537294000  -116.592531000     1403780.007   0.522   0.446   1.973
P797 VEL           9.880         -31.610          -0.826   0.119   0.101   0.443
P798 POS    43.796020000  -110.960595000     2450535.990   0.455   0.342   1.391
P798 VEL         -10.026         -16.155          -0.893   0.053   0.039   0.160
P799 POS    33.927650000  -118.306356000       24826.904   0.653   0.571   2.316
P799 VEL          17.999         -36.576          -0.160   0.127   0.108   0.437
P800 POS    34.021692000  -118.349074000       -2300.471   0.643   0.537   2.250
P800 VEL          16.842         -37.509           1.267   0.172   0.140   0.585
P801 POS    44.389670000  -110.543735000     2368565.642   0.562   0.430   1.858
P801 VEL          -5.280         -18.117          -9.103   0.170   0.127   0.551
P802 POS    46.557551000  -100.623414000      572347.678   0.553   0.415   1.603
P802 VEL          -5.383         -16.092          -3.329   0.178   0.132   0.515
P803 POS    46.326454000   -90.683653000      414225.768   0.478   0.385   1.669
P803 VEL          -1.816         -16.728          -2.571   0.110   0.087   0.382
P804 POS    32.963288000   -84.225757000      216364.360   0.557   0.514   2.019
P804 VEL           1.709         -13.112          -0.756   0.066   0.061   0.238
P805 POS    32.963237000   -84.225832000      215732.072   0.564   0.516   2.023
P805 VEL           1.884         -13.149          -0.618   0.067   0.062   0.243
P806 POS    32.963312000   -84.225850000      215860.194   0.596   0.544   2.130
P806 VEL           1.911         -13.054          -0.430   0.075   0.069   0.269
P807 POS    30.494643000   -98.822043000      419003.191   0.570   0.544   2.101
P807 VEL          -4.042         -12.497           0.829   0.164   0.154   0.607
P808 POS    34.836020000  -118.621459000      914341.011   0.666   0.567   2.333
P808 VEL           6.732         -27.414           1.836   0.323   0.274   1.119
P809 POS    35.743900000  -119.236759000       62464.445   0.915   0.771   3.106
P809 VEL           1.076         -23.979          -7.680   0.365   0.307   1.227
P810 POS    35.743957000  -119.236722000       62273.419   0.922   0.778   3.151
P810 VEL           0.920         -24.648          -7.495   0.365   0.308   1.236
P811 POS    35.152432000  -118.016610000      708704.809   0.477   0.402   1.641
P811 VEL           3.217         -20.953          -1.632   0.133   0.112   0.449
P812 POS    35.152500000  -118.016538000      708356.413   0.512   0.433   1.757
P812 VEL           3.087         -21.057          -1.704   0.153   0.129   0.516
P813 POS    47.759209000  -118.745527000      644036.854   0.815   0.586   2.401
P813 VEL          -9.977         -13.270          -0.940   0.094   0.067   0.277
P814 POS    47.759205000  -118.745386000      644393.160   0.813   0.587   2.400
P814 VEL         -10.103         -13.382          -0.855   0.094   0.067   0.275
P815 POS    47.937187000  -124.557152000       36232.163   0.900   0.645   2.586
P815 VEL          -2.605           1.455           0.892   0.181   0.129   0.518
P816 POS    47.937110000  -124.557088000       35766.366   0.685   0.497   2.005
P816 VEL          -2.509           1.553           1.294   0.091   0.066   0.266
P817 POS    40.145581000   -78.511171000      384026.980   0.714   0.638   2.612
P817 VEL           3.427         -15.126          -1.206   0.080   0.071   0.296
PABH POS    47.212799000  -124.204582000       12905.913   0.403   0.289   1.161
PABH VEL          -1.136           0.996          -0.018   0.055   0.040   0.166
PADO POS    45.411157000    11.896068000       64668.534   0.689   0.537   2.096
PADO VEL          16.782          21.039          -0.369   0.117   0.094   0.346
PAEK POS   -41.021757000   174.952076000      443245.277   0.642   0.530   2.010
PAEK VEL          36.262         -19.584          -2.344   0.210   0.169   0.658
PAL2 POS   -64.775088000   -64.051117000       31154.649   0.846   0.595   2.720
PAL2 VEL           9.969          14.288          -0.560   0.323   0.230   1.048
PALA POS     7.328161000   134.450227000       74410.911   5.478   6.398  24.977
PALA VEL          20.095         -65.459           0.452   0.243   0.284   1.110
PALK POS     7.272759000    80.702630000      380295.257   5.689   6.831  25.370
PALK VEL          33.969          47.854           0.558   0.393   0.473   1.756
PALM POS   -64.775088000   -64.051117000       31156.333   0.431   0.304   1.381
PALM VEL          10.549          13.275           5.010   0.055   0.039   0.176
PALX POS    31.559119000  -116.063792000     1545462.069   1.878   1.710   7.017
PALX VEL          20.542         -42.153          -0.756   0.065   0.058   0.241
PAPE POS   -17.533078000  -149.572733000       11915.884   0.527   0.610   2.477
PAPE VEL          34.027         -66.430          -1.095   0.091   0.106   0.426
PARA POS   -25.448366000   -49.230956000      925775.560   2.412   2.445  10.674
PARA VEL          12.431          -3.147           0.873   0.099   0.101   0.437
PARC POS   -53.136953000   -70.879881000       22286.728   0.755   0.537   2.177
PARC VEL          12.106           4.678          -0.805   0.054   0.039   0.158
PARK POS   -32.998757000   148.264615000      397398.311   0.695   0.595   2.471
PARK VEL          55.132          20.171          -1.446   0.215   0.185   0.785
PARY POS    45.338554000   -80.035893000      145005.850   0.541   0.414   1.618
PARY VEL           1.904         -16.649           1.260   0.064   0.049   0.193
PATT POS    31.778272000   -95.718513000       94853.015   2.793   2.693  12.544
PATT VEL          -2.444         -12.620          -0.121   0.114   0.111   0.514
PBAY POS    59.572705000  -151.272241000       17603.989   0.767   0.540   2.274
PBAY VEL         -19.214         -10.778           8.098   0.226   0.161   0.667
PBHR POS    35.708956000  -121.272419000      152224.868   0.787   0.656   2.684
PBHR VEL          25.114         -40.377          -0.316   0.101   0.084   0.358
PBJO POS    -0.636505000    98.515712000       35431.622   3.551   4.652  16.743
PBJO VEL          22.206          30.953          -2.875   0.266   0.346   1.246
PBL1 POS    37.853056000  -122.418955000       -8069.549   4.604   3.706  15.815
PBL1 VEL           9.968         -34.477          -0.379   0.202   0.163   0.693
PBLI POS     2.308522000    97.405279000       -9769.385   6.766   8.181  29.869
PBLI VEL          -7.298           5.899          21.342   0.549   0.663   2.426
PBOC POS    70.256399000  -148.334919000       20030.098   2.125   1.449   7.471
PBOC VEL         -19.922          -8.663          -3.950   0.172   0.117   0.604
PBPP POS    34.508228000  -117.922577000      901952.626   0.381   0.326   1.314
PBPP VEL           7.732         -28.646           0.334   0.078   0.066   0.267
PBR2 POS    11.637808000    92.712246000      -22180.121   3.979   4.674  17.503
PBR2 VEL          17.961           6.921          18.920   0.336   0.394   1.475
PBRI POS    11.637782000    92.712138000      -22342.457   2.166   2.600  10.032
PBRI VEL          20.697          11.590          15.508   0.228   0.274   1.048
PCK1 POS    46.064756000   -84.361849000      216032.253   3.092   2.281   9.701
PCK1 VEL           0.280         -16.059           0.593   0.142   0.104   0.444
PCOL POS    47.172055000  -122.570808000       79119.745   0.456   0.325   1.334
PCOL VEL          -7.794          -9.776          -1.534   0.087   0.062   0.255
PDEL POS    37.747753000   -25.662761000      110577.217   0.457   0.372   1.509
PDEL VEL          16.232          12.430          -2.014   0.104   0.083   0.343
PDME POS   -20.937874000   165.351324000       98379.199   1.944   2.010   7.960
PDME VEL          47.771          21.472          -0.969   0.221   0.228   0.899
PEA1 POS    36.186907000  -120.758600000      789691.275   0.661   0.559   2.322
PEA1 VEL           0.670         -23.639           3.766   0.326   0.276   1.138
PEA2 POS    36.180533000  -120.766848000      682462.796   0.684   0.575   2.328
PEA2 VEL          20.524         -39.891          -0.737   0.248   0.210   0.847
PECE POS   -85.611918000   -68.556311000     1490459.853   0.875   0.796   6.039
PECE VEL           8.879          10.662          -1.960   0.168   0.158   1.198
PENC POS    47.789606000    19.281535000      291745.538   0.808   0.630   2.894
PENC VEL          14.654          22.258          -0.161   0.050   0.039   0.164
PERL POS    36.901811000  -116.686375000     1351428.829   2.812   2.339   9.593
PERL VEL          -8.861         -15.594          -0.145   0.157   0.131   0.536
PERT POS   -31.801955000   115.885259000       12666.334   0.745   0.636   2.945
PERT VEL          57.716          38.496          -2.294   0.084   0.079   0.334
PETP POS    53.066731000   158.607075000      210240.942   3.645   2.514  10.615
PETP VEL          -7.455          -4.909          -2.889   0.218   0.150   0.632
PETS POS    53.023299000   158.650131000      101962.009   1.762   1.297   6.115
PETS VEL          -4.133         -10.432          -5.748   0.325   0.238   1.121
PFAN POS    47.515332000     9.784670000     1090300.863   6.690   4.940  19.962
PFAN VEL          16.131          20.320           1.154   0.335   0.248   1.000
PFLD POS    47.898505000  -122.282185000      160281.567   0.939   0.677   2.717
PFLD VEL          -8.686          -9.153          -2.546   0.172   0.121   0.493
PFR2 POS    65.117435000  -147.433069000      512386.582   0.511   0.354   1.631
PFR2 VEL         -21.848          -8.381           1.046   0.065   0.045   0.208
PFRR POS    65.117435000  -147.433069000      512385.408   0.747   0.510   2.406
PFRR VEL         -21.912          -8.316           1.202   0.097   0.068   0.310
PG2R POS    19.323189000  -155.194200000      722755.644   3.401   8.168   9.179
PG2R VEL         -21.185         -34.877          18.055   0.305   0.345   1.295
PGC5 POS    48.648531000  -123.451131000        3585.542   0.399   0.283   1.159
PGC5 VEL          -8.361          -7.978           0.692   0.070   0.049   0.203
PGF1 POS    19.293310000  -155.310067000      698416.884   3.840   4.145  16.239
PGF1 VEL          12.127         -49.805           0.671   0.286   0.309   1.210
PGF4 POS    19.264548000  -155.201860000       42181.529   5.292   5.718  22.434
PGF4 VEL         -12.872         -45.022          14.526   0.404   0.436   1.710
PGF5 POS    19.277896000  -155.282315000      288985.983   4.288   4.625  18.124
PGF5 VEL          -1.885         -47.544           5.995   0.326   0.352   1.378
PGF6 POS    19.248601000  -155.323298000       58324.131   1.601   1.790   6.869
PGF6 VEL           4.489         -50.536           5.374   0.112   0.125   0.482
PHIG POS   -77.525496000   167.049925000     3126097.751   0.803   0.722   4.066
PHIG VEL         -11.274          10.163          -2.001   0.207   0.180   1.060
PHIN POS    36.980369000  -117.033942000     1540822.701   2.191   1.771   7.263
PHIN VEL          -8.779         -15.631          -0.002   0.135   0.110   0.448
PHJX POS    32.490057000  -115.550455000      105427.201   0.577   0.492   2.049
PHJX VEL          14.999         -31.203          -0.051   0.104   0.086   0.354
PHLB POS    34.925424000  -117.694483000      886146.034   0.928   0.787   3.194
PHLB VEL           3.315         -21.263          -0.691   0.053   0.045   0.179
PICL POS    51.479808000   -90.161980000      315228.422   0.398   0.280   1.145
PICL VEL          -2.085         -18.268           5.066   0.061   0.042   0.178
PIE1 POS    34.301505000  -108.118930000     2347721.192   0.342   0.295   1.205
PIE1 VEL          -6.559         -13.404          -0.274   0.029   0.025   0.102
PIGT POS    36.370296000   -90.175205000       55232.670   0.549   0.492   1.935
PIGT VEL          -0.089         -13.648           0.719   0.082   0.073   0.303
PIMO POS    14.635721000   121.077726000       95548.554   0.679   0.684   3.273
PIMO VEL           5.699         -26.823           1.339   0.126   0.137   0.633
PIN1 POS    33.612157000  -116.458166000     1256173.485   0.456   0.394   1.600
PIN1 VEL           6.712         -28.036           0.067   0.047   0.040   0.162
PIN2 POS    33.612149000  -116.457624000     1258393.958   0.393   0.337   1.379
PIN2 VEL           6.814         -28.111          -0.122   0.045   0.038   0.158
PIRT POS   -81.103205000   -85.142561000     1257057.301   0.876   0.728   4.833
PIRT VEL           8.818          10.586           1.336   0.203   0.172   1.143
PIT1 POS    40.551048000   -79.697238000      352406.579   7.569   6.112  25.288
PIT1 VEL           2.987         -14.965          -2.909   0.146   0.118   0.497
PJZX POS    32.417009000  -115.883736000     1335728.068   2.504   2.189   8.697
PJZX VEL          17.999         -40.722          -0.039   0.083   0.071   0.282
PKDB POS    35.945242000  -120.541566000      589917.422   0.737   0.629   3.049
PKDB VEL          19.821         -35.354           1.291   0.116   0.096   0.491
PKMN POS    36.396145000    25.384579000      134375.530   4.595   3.968  15.447
PKMN VEL         -14.298           7.772           0.796   0.379   0.328   1.275
PKRD POS    34.071562000  -118.232911000      130840.596   0.478   0.482   1.995
PKRD VEL          14.003         -37.620          -0.271   0.074   0.073   0.300
PKTN POS    39.045471000   -83.024407000      143195.992   0.425   0.359   1.513
PKTN VEL           2.142         -15.070          -1.765   0.046   0.038   0.155
PLO3 POS    32.665424000  -117.243037000      -22703.841   8.402   7.588  33.397
PLO3 VEL          19.348         -41.307          -5.422   0.398   0.360   1.582
PLPX POS    31.588603000  -115.151281000      813481.962   0.870   0.780   3.096
PLPX VEL          19.714         -38.213           1.115   0.106   0.092   0.360
PLS1 POS    47.663769000  -114.113930000      973885.438   4.371   3.088  13.082
PLS1 VEL          -9.615         -14.473          -1.471   0.209   0.147   0.625
PLSB POS    38.685039000  -121.762559000       -8036.816   0.991   0.794   3.223
PLSB VEL          -3.792         -23.262         -25.271   0.227   0.177   0.724
PLTC POS    40.181592000  -104.725941000     1502826.970   1.723   1.396   5.495
PLTC VEL          -5.871         -14.563          -0.095   0.112   0.091   0.356
PLTK POS    29.663381000   -81.687746000      -19461.888   0.476   0.473   1.933
PLTK VEL           2.672         -12.045          -0.840   0.099   0.099   0.418
PLTX POS    31.816342000  -115.430899000      236513.775   1.117   1.016   4.110
PLTX VEL          19.555         -39.449           1.419   0.074   0.065   0.264
PLUZ POS    28.146713000   -15.407605000       49361.837   8.989   8.160  33.793
PLUZ VEL          17.229          16.504          -1.333   0.449   0.408   1.689
PMAR POS    43.990671000  -121.686750000     2347725.416   0.469   0.349   1.441
PMAR VEL          -9.145         -12.090          -2.322   0.087   0.064   0.267
PMHS POS    33.902637000  -118.153694000      -11166.295   4.637   3.953  16.145
PMHS VEL          16.645         -37.908          -0.855   0.233   0.199   0.811
PMOB POS    33.357242000  -116.859553000     1662520.410   0.695   0.676   2.825
PMOB VEL          15.664         -37.036           0.294   0.134   0.122   0.504
PMTN POS    37.831372000  -119.056933000     2401649.970   0.510   0.416   1.680
PMTN VEL          -0.924         -21.753           1.293   0.114   0.090   0.380
PNB1 POS    44.451727000   -68.772273000       32631.699   7.632   6.134  26.070
PNB1 VEL           6.418         -15.272          -0.349   0.211   0.165   0.703
PNE2 POS    10.195165000   -85.828708000       19621.236   0.655   0.891   3.537
PNE2 VEL          19.912          14.512          -4.577   0.122   0.163   0.645
PNGM POS    -2.043226000   147.365999000      116316.852   0.631   0.671   2.707
PNGM VEL          25.831         -63.464          -1.435   0.064   0.069   0.280
PNR1 POS    46.863509000   -94.722272000      416176.452   5.783   4.277  17.398
PNR1 VEL          -2.040         -17.252          -2.626   0.288   0.213   0.866
POAL POS   -30.074040000   -51.119766000       76737.750   0.637   0.562   2.340
POAL VEL          10.965          -3.450          -0.049   0.207   0.185   0.763
POBG POS    33.687133000  -116.923753000      982222.685   1.626   1.410   5.652
POBG VEL          12.434         -33.969          -0.391   0.191   0.165   0.640
PODG POS    43.327514000    79.484914000     1287134.082   3.147   2.478  11.340
PODG VEL           5.297          30.066           0.853   0.158   0.125   0.570
POHN POS     6.959949000   158.210102000       90666.510   0.441   0.527   2.114
POHN VEL          26.005         -69.551           0.286   0.052   0.063   0.245
POIN POS    36.579642000  -116.119844000      916632.844   3.163   2.630  11.516
POIN VEL          -8.916         -15.220          -0.113   0.175   0.146   0.637
POL2 POS    42.679771000    74.694272000     1714214.734   0.711   0.558   2.206
POL2 VEL           4.803          27.793           1.059   0.077   0.059   0.237
POLV POS    49.602616000    34.542937000      178357.107   1.109   0.781   3.197
POLV VEL          12.277          22.439           0.077   0.063   0.045   0.176
POMM POS    35.919914000  -120.478443000      597151.052   0.660   0.552   2.349
POMM VEL          16.756         -35.884           1.182   0.092   0.077   0.325
POR4 POS    43.071020000   -70.709531000      -17506.524   7.688   5.884  24.566
POR4 VEL           4.867         -15.721           1.112   0.324   0.247   1.034
PORE POS    45.226020000    13.595051000       66195.876   0.720   0.563   2.218
PORE VEL          17.378          21.292           0.827   0.106   0.083   0.327
POT3 POS    61.056261000  -146.696845000       36020.903   7.776   5.219  24.837
POT3 VEL           4.274         -24.250          11.621   0.376   0.252   1.201
POTB POS    38.202625000  -121.935391000       29531.132   5.067   4.110  17.508
POTB VEL          -2.347         -22.121          -0.190   0.210   0.171   0.726
POTR POS    32.618414000  -116.590870000      730241.158   0.422   0.367   1.484
POTR VEL          17.396         -40.415          -1.329   0.089   0.077   0.306
POTS POS    52.379300000    13.066097000      144429.452   0.705   0.512   2.057
POTS VEL          15.144          19.391           0.611   0.055   0.040   0.158
POUM POS   -20.231644000   164.023779000       72238.691   2.151   2.264   8.860
POUM VEL          48.762          22.766          -1.548   0.187   0.196   0.767
POVE POS    -8.709334000   -63.896320000      119588.940   0.422   0.480   1.742
POVE VEL          11.870          -3.097          -1.067   0.078   0.091   0.325
POZE POS    45.332825000    17.675469000      212500.052   0.686   0.521   2.040
POZE VEL          15.030          22.535           0.519   0.089   0.067   0.263
PPBF POS    33.835729000  -117.182095000      428094.826   0.405   0.365   1.545
PPBF VEL          13.027         -33.639           0.014   0.082   0.072   0.303
PPER POS    48.516841000   -68.469448000      -21054.119   0.694   0.494   2.022
PPER VEL           5.972         -16.249           3.363   0.178   0.127   0.519
PPT1 POS    37.187090000  -122.389961000        7894.787   5.003   4.057  17.225
PPT1 VEL          23.860         -40.503          -1.418   0.194   0.159   0.669
PPTE POS   -22.119902000   -51.408535000      431040.533   3.168   3.330  13.917
PPTE VEL          12.484          -3.056           1.253   0.267   0.281   1.174
PRAT POS    43.885566000    11.099133000      119931.631   0.808   0.611   2.723
PRAT VEL          17.426          21.445          -0.135   0.080   0.061   0.271
PRCO POS    34.979865000   -97.519253000      305121.105   1.433   1.232   5.227
PRCO VEL          -3.215         -14.189           0.138   0.076   0.065   0.275
PRDS POS    50.871350000  -114.293501000     1247957.437   0.454   0.318   1.296
PRDS VEL         -10.322         -14.698           0.443   0.058   0.040   0.164
PRDY POS    47.391361000  -122.609463000       82594.987   1.744   1.331   5.601
PRDY VEL          -8.208          -9.492          -1.375   0.059   0.043   0.177
PRE1 POS   -25.746342000    28.224042000     1416311.575   1.343   1.330   5.290
PRE1 VEL          18.655          18.061          -0.127   0.065   0.064   0.259
PRE2 POS   -25.746342000    28.224042000     1416302.810   5.727   5.727  21.803
PRE2 VEL          18.493          17.678          -0.664   0.339   0.340   1.291
PRPT POS   -66.006715000   -65.339346000       17630.402   1.325   0.925   4.381
PRPT VEL          10.063          14.749           1.188   0.160   0.110   0.513
PSAP POS    33.819238000  -116.493997000       86764.978   0.961   0.840   3.381
PSAP VEL           6.671         -25.202           0.520   0.197   0.170   0.688
PSC1 POS    44.434486000   -74.249615000      474062.939   1.969   1.499   6.454
PSC1 VEL           4.265         -15.968           1.182   0.102   0.077   0.333
PSDM POS    34.091767000  -117.807098000      278360.055   0.532   0.439   1.861
PSDM VEL          12.579         -35.553          -0.043   0.096   0.078   0.330
PSKI POS    -1.124681000   100.353407000       47625.886   5.295   7.106  23.568
PSKI VEL          12.882          24.224           1.604   0.386   0.513   1.711
PSTX POS    31.313123000  -115.835439000      902109.931   1.283   1.117   4.387
PSTX VEL          20.981         -42.880          -0.445   0.111   0.096   0.381
PSU1 POS    40.806901000   -77.849805000      311185.752   0.781   0.630   2.542
PSU1 VEL           3.861         -15.275          -1.121   0.052   0.042   0.174
PTAG POS    14.535442000   121.040763000       86661.336   0.693   0.839   3.384
PTAG VEL           3.903         -23.339           2.273   0.271   0.325   1.222
PTAL POS    49.256328000  -124.860958000       92823.911   0.402   0.287   1.141
PTAL VEL          -8.065          -6.790           3.218   0.073   0.052   0.205
PTAX POS    32.377488000  -115.456340000     1060375.297   3.477   2.945  11.678
PTAX VEL          16.546         -31.163           0.610   0.351   0.297   1.178
PTBB POS    52.296192000    10.459752000      130245.121   0.714   0.532   2.149
PTBB VEL          15.685          18.941           0.064   0.046   0.033   0.146
PTEX POS    32.288454000  -116.521241000      340564.970   0.675   0.619   2.691
PTEX VEL          18.288         -41.392          -1.806   0.140   0.127   0.541
PTGV POS    36.413471000   -89.699686000       58011.166   0.378   0.332   1.310
PTGV VEL          -0.118         -14.138          -1.031   0.038   0.033   0.135
PTLO POS    -0.054597000    98.280043000       16063.887   7.720   9.777  36.138
PTLO VEL          12.792          26.151           5.112   0.604   0.762   2.828
PTRB POS    37.996180000  -123.018728000      145670.658   5.786   4.451  20.422
PTRB VEL          24.359         -37.804          -0.962   0.054   0.044   0.186
PTRF POS    48.544267000  -124.413060000      172865.894   0.669   0.498   2.114
PTRF VEL          -7.161          -5.494           2.451   0.155   0.113   0.475
PTRO POS    38.209495000  -121.944171000       28030.238   1.183   0.943   4.255
PTRO VEL          -3.112         -24.077          -0.763   0.259   0.206   0.931
PTSG POS    41.782741000  -124.255202000      -10169.678   0.437   0.339   1.366
PTSG VEL          -0.295          -9.958           1.742   0.090   0.069   0.286
PUB1 POS    38.286836000  -104.345518000     1414368.734  24.159  19.484  84.010
PUB1 VEL          -5.987         -14.805          -1.206   0.268   0.222   0.911
PUC1 POS    39.599189000  -110.808719000     1692503.565   1.809   1.446   5.850
PUC1 VEL          -8.185         -14.440           0.135   0.137   0.109   0.445
PUKE POS   -38.071410000   178.257362000      468077.287   0.711   0.617   2.403
PUKE VEL          19.118           6.786           0.738   0.098   0.083   0.326
PUPU POS    47.499558000  -122.008083000      542441.609   4.424   4.876  22.277
PUPU VEL          -9.328         -11.065           0.845   0.097   0.090   0.472
PUR2 POS    18.463195000   -67.066835000       88955.335  11.442  15.987  50.923
PUR2 VEL          12.876           7.316          -0.126   0.476   0.656   2.123
PUR3 POS    18.462979000   -67.066956000       89654.236   7.048   8.109  33.095
PUR3 VEL          13.199           8.464          -0.317   0.096   0.110   0.450
PVE3 POS    33.743300000  -118.404263000       71034.996   0.655   0.567   2.268
PVE3 VEL          19.150         -39.832          -0.518   0.083   0.070   0.281
PVEP POS    33.743294000  -118.404256000       69418.201  10.816   9.674  42.572
PVEP VEL          20.372         -40.162           1.411   0.404   0.362   1.590
PVHS POS    33.779457000  -118.372172000      259572.401   0.391   0.342   1.492
PVHS VEL          18.966         -39.486          -1.222   0.081   0.070   0.330
PVRS POS    33.773866000  -118.320596000       59819.856   0.432   0.351   1.668
PVRS VEL          18.597         -39.484          -0.111   0.072   0.056   0.260
PWEL POS    43.236732000   -79.219670000       43839.470   0.439   0.343   1.350
PWEL VEL           2.800         -16.035          -0.848   0.043   0.032   0.136
PZCG POS    44.338102000  -112.325960000     2000090.146   2.112   1.571   6.650
PZCG VEL         -10.023         -16.213          -1.360   0.161   0.119   0.505
QAAR POS    70.740407000   -52.688382000       53133.620   2.108   1.502   8.369
QAAR VEL          12.057         -19.304           7.249   0.204   0.146   0.815
QAQ1 POS    60.715266000   -46.047769000      110512.003   0.491   0.336   1.359
QAQ1 VEL          13.813         -16.683           3.291   0.063   0.043   0.182
QCY2 POS    36.161069000  -121.137355000      101439.963   0.732   0.609   2.482
QCY2 VEL          22.066         -40.615           2.548   0.391   0.326   1.323
QHTP POS    34.628682000  -118.244819000      863035.043   0.733   0.619   2.715
QHTP VEL           8.377         -28.323           0.572   0.065   0.055   0.237
QIKI POS    67.559341000   -64.033675000       13341.709   0.650   0.467   2.229
QIKI VEL           8.348         -18.671           3.832   0.045   0.032   0.155
QSEC POS     9.840380000   -85.357272000       17694.737   0.484   0.587   2.100
QSEC VEL          26.463          15.133          -7.848   0.178   0.218   0.792
QUAD POS    50.132493000  -125.330834000       -7363.003   0.517   0.379   1.622
QUAD VEL          -9.393          -9.749           5.208   0.114   0.084   0.360
QUAR POS   -43.531670000   169.815816000       58099.080   0.931   0.914   5.297
QUAR VEL          42.045          -8.540          -0.001   0.134   0.126   0.723
QUI1 POS    -0.215155000   -78.493607000     2922454.493  10.221  12.314  41.011
QUI1 VEL          10.310           6.078          -0.532   0.262   0.311   1.086
QUI2 POS    -0.215155000   -78.493607000     2922487.281   5.460   6.686  22.733
QUI2 VEL          10.806           7.792          -2.822   0.298   0.364   1.240
QUIN POS    39.974553000  -120.944433000     1105757.043   0.387   0.308   1.308
QUIN VEL          -4.784         -21.357          -1.472   0.063   0.050   0.211
RAAP POS    33.042238000  -116.917255000      394998.243   0.534   0.462   1.857
RAAP VEL          16.659         -39.288          -1.147   0.099   0.085   0.340
RABT POS    33.998107000    -6.854286000       90092.432   0.946   0.820   3.335
RABT VEL          18.100          16.317          -0.312   0.064   0.056   0.232
RADF POS    19.583990000  -155.431376000     2413980.020   0.642   0.672   2.608
RADF VEL          37.149         -62.198          -0.698   0.432   0.453   1.781
RAEG POS    36.985677000   -25.126364000      302894.867   1.988   1.648   6.829
RAEG VEL          15.992          12.527          -1.151   0.462   0.382   1.590
RAGG POS    34.683139000  -116.151460000      729922.284   0.773   0.660   2.661
RAGG VEL          -7.103         -15.733           0.580   0.108   0.092   0.365
RAIL POS    38.280430000  -115.664845000     1575250.507   3.138   2.614  11.127
RAIL VEL          -9.420         -15.853          -0.633   0.176   0.147   0.625
RALR POS    35.786912000   -78.638733000      141615.675   2.130   1.883   7.730
RALR VEL           3.750         -14.019          -0.739   0.115   0.102   0.418
RAMG POS   -84.338427000   178.047127000     1062340.749   1.741   1.606  11.175
RAMG VEL         -10.327           9.073           0.614   0.151   0.138   0.962
RAMO POS    30.597609000    34.763145000      886844.458   0.497   0.443   1.811
RAMO VEL          19.469          23.560           0.723   0.031   0.028   0.115
RAMT POS    35.338716000  -117.683354000     1406589.337   0.451   0.383   1.525
RAMT VEL           1.279         -19.062          -0.249   0.081   0.067   0.266
RAPT POS    36.664922000  -119.448709000       88951.573   0.664   0.551   2.328
RAPT VEL          -0.979         -24.004           1.661   0.228   0.188   0.769
RBAY POS   -28.795543000    32.078388000       31747.407   0.667   0.631   2.640
RBAY VEL          17.697          15.978           0.161   0.074   0.071   0.296
RBRU POS    36.759126000  -119.828671000       59257.651   0.917   0.771   3.322
RBRU VEL          -0.895         -22.938          -7.109   0.137   0.114   0.474
RBUT POS    40.781062000  -111.808764000     1667745.496   0.996   0.774   3.648
RBUT VEL          -8.327         -14.766          -0.140   0.070   0.054   0.259
RCA2 POS    34.499984000  -119.720005000     1179218.457   0.506   0.431   1.737
RCA2 VEL          17.890         -41.536           1.100   0.048   0.041   0.163
RCHY POS    16.703905000   -62.153208000      313147.761   0.470   0.529   2.145
RCHY VEL          13.523          12.313           7.072   0.134   0.157   0.613
RCM5 POS    25.613780000   -80.383934000      -15663.210  20.369  21.574  89.225
RCM5 VEL           3.631         -10.145          -2.061   0.662   0.700   2.894
RCMN POS    -1.220827000    36.893485000     1591932.786   1.571   1.851   6.891
RCMN VEL          17.231          26.699          -3.717   0.104   0.122   0.454
RDJH POS    60.590760000  -152.805242000     1422565.982   0.496   0.343   1.436
RDJH VEL         -29.705          -5.490           9.934   0.097   0.067   0.279
RDMT POS    34.643940000  -116.624691000     1782995.193   0.402   0.348   1.374
RDMT VEL          -1.774         -20.220           0.308   0.081   0.069   0.272
RDOM POS    37.677068000  -118.897947000     2417467.806   0.773   0.624   2.632
RDOM VEL          -1.791         -18.634           5.691   0.210   0.167   0.714
RDSD POS    18.461399000   -69.911322000       -9196.466   0.585   0.663   2.627
RDSD VEL           8.046           6.907          -0.254   0.110   0.120   0.476
RDSO POS    60.453576000  -152.744929000     1559092.631   0.565   0.370   1.694
RDSO VEL         -28.682          -5.705           9.644   0.129   0.085   0.386
RDWB POS    60.486803000  -152.843637000     1647164.303   0.507   0.364   1.523
RDWB VEL         -28.988          -5.162           9.793   0.105   0.077   0.318
RECF POS    -8.050961000   -34.951517000       20099.105   2.941   3.327  13.152
RECF VEL          12.187          -4.271          -2.316   0.308   0.346   1.373
RED1 POS    39.561453000   -75.569986000      -27116.457   3.470   2.860  12.149
RED1 VEL           3.850         -14.435          -1.977   0.152   0.125   0.533
REDC POS    60.419433000  -152.774414000     1073332.674   0.705   0.483   2.083
REDC VEL         -28.836          -6.281           9.084   0.187   0.129   0.553
REDM POS    44.259766000  -121.147884000      919810.667   0.383   0.289   1.153
REDM VEL          -8.498         -13.141          -1.573   0.059   0.044   0.179
REDU POS    50.001505000     5.144888000      369902.864   0.805   0.620   2.668
REDU VEL          15.954          18.477          -0.047   0.078   0.058   0.242
REED POS    43.701007000  -124.107800000      -14169.471   1.157   0.882   3.628
REED VEL          -2.347          -7.659          -1.625   0.173   0.130   0.524
REGI POS    39.453473000    16.159915000      387947.613   5.326   4.576  17.233
REGI VEL          18.170          23.227          -0.533   0.393   0.338   1.273
RELA POS    36.715377000  -116.554293000      839235.731   4.371   3.635  15.101
RELA VEL          -8.474         -15.504           0.307   0.234   0.194   0.808
REP2 POS    36.840442000  -116.468326000     1479044.222   5.175   4.179  16.564
REP2 VEL          -8.645         -15.502          -0.880   0.294   0.238   0.941
REP3 POS    36.841268000  -116.468144000     1478100.864   5.129   4.139  16.336
REP3 VEL          -8.638         -15.538          -0.479   0.291   0.235   0.928
REP4 POS    36.849143000  -116.466104000     1455301.126   5.254   4.249  17.081
REP4 VEL          -8.662         -15.334          -0.656   0.299   0.242   0.974
REPO POS    36.840351000  -116.468346000     1479443.911   0.423   0.350   1.403
REPO VEL          -8.965         -15.542          -0.420   0.059   0.049   0.192
RESO POS    74.690819000   -94.893706000       20073.796   0.659   0.510   2.891
RESO VEL          -4.896         -20.535           5.485   0.042   0.032   0.182
REUN POS   -21.208223000    55.571724000     1558358.055   0.603   0.616   2.590
REUN VEL          11.823          17.325          -2.422   0.094   0.100   0.428
REYK POS    64.138788000   -21.955491000       93040.864   1.335   0.930   3.989
REYK VEL          19.837          -9.658           0.298   0.161   0.111   0.496
REYZ POS    64.138797000   -21.955481000       93000.573   3.878   2.649  12.022
REYZ VEL          19.612         -10.490          -1.881   0.180   0.123   0.558
RG03 POS    33.654691000  -105.154166000     1572601.519   0.731   0.660   2.558
RG03 VEL          -5.239         -13.289          -0.639   0.053   0.046   0.186
RG11 POS    36.523165000  -105.779104000     2211230.749   0.649   0.556   2.149
RG11 VEL          -6.798         -14.128          -0.231   0.217   0.184   0.717
RG25 POS    33.985519000  -108.231385000     2308502.827   2.806   2.315  10.410
RG25 VEL          -6.883         -13.169          -0.676   0.190   0.157   0.707
RG26 POS    39.909521000  -106.788734000     2055571.125   7.004   5.475  21.804
RG26 VEL          -6.894         -14.181           0.418   0.509   0.398   1.584
RGAO POS   -34.245559000   -69.379786000     2341493.997   7.218   6.245  27.963
RGAO VEL          12.500         -14.076          -1.046   0.593   0.514   2.299
RGDG POS   -53.785837000   -67.751527000       32386.495   2.198   1.547   6.227
RGDG VEL          12.061           3.963           1.656   0.526   0.371   1.487
RHCG POS    34.000904000  -118.013356000      338667.496   1.007   0.887   3.579
RHCG VEL          15.824         -37.245          -0.501   0.232   0.208   0.817
RHCL POS    34.019053000  -118.026177000      176866.116   0.718   0.620   2.812
RHCL VEL          14.561         -37.120          -0.262   0.086   0.073   0.326
RIBA POS    36.454979000    25.343564000       41980.872   4.950   4.432  17.555
RIBA VEL         -15.182           7.116           2.334   0.419   0.376   1.488
RIC1 POS    37.537906000   -77.429667000       55530.711   2.653   2.214   8.877
RIC1 VEL           3.846         -13.808          -0.276   0.108   0.090   0.361
RIGA POS    56.948622000    24.058781000       34740.885   0.486   0.336   1.496
RIGA VEL          13.337          20.430           1.253   0.069   0.048   0.212
RINK POS    71.848502000   -50.993970000     1337946.360   0.555   0.417   2.087
RINK VEL          12.864         -17.256           6.986   0.087   0.064   0.330
RIO2 POS   -53.785470000   -67.751117000       32041.764   0.722   0.508   2.063
RIO2 VEL          12.033           3.418           0.974   0.167   0.119   0.475
RIOB POS    -9.965456000   -67.802812000      172616.252   3.758   4.567  16.454
RIOB VEL          11.415          -1.199           0.360   0.328   0.399   1.431
RIOG POS   -53.785470000   -67.751117000       32084.584   3.348   2.348   9.570
RIOG VEL          12.129           3.857           2.074   0.148   0.103   0.421
RIOP POS    -1.650594000   -78.651107000     2817157.638   0.493   0.581   2.050
RIOP VEL           8.876           1.210          -0.280   0.125   0.147   0.515
RIPA POS   -39.165517000   176.492512000      734050.295   0.691   0.591   2.404
RIPA VEL          27.390           1.598          -0.535   0.077   0.063   0.264
RIS1 POS    42.012280000   -90.225624000      216229.147   3.647   3.168  11.763
RIS1 VEL           0.392         -15.524          -2.047   0.157   0.134   0.507
RKMG POS    33.674128000  -117.609433000      377576.155   0.882   0.767   3.189
RKMG VEL          17.981         -38.717          -2.778   0.264   0.230   0.956
RLAP POS    36.474234000   -89.345446000       58382.602   0.472   0.420   1.725
RLAP VEL          -0.281         -14.173           0.697   0.079   0.068   0.287
RMBO POS   -83.873239000   -66.393873000      777249.039   0.802   0.712   4.952
RMBO VEL          10.718           7.719           1.079   0.183   0.171   1.171
RMLS POS   -39.722601000   -70.686726000      852416.197   8.657   7.359  29.548
RMLS VEL          18.401         -11.685           5.605   0.639   0.543   2.184
RMVJ POS    33.485813000  -117.555327000      136367.210   0.612   0.535   2.219
RMVJ VEL          17.714         -38.293          -1.232   0.131   0.113   0.461
RNCH POS    35.899998000  -120.524834000      838822.875   0.369   0.302   1.298
RNCH VEL          19.848         -36.311           0.816   0.032   0.026   0.112
RNO1 POS    39.537907000  -119.885820000     1530650.478   0.604   0.486   2.034
RNO1 VEL          -6.137         -20.253           2.056   0.055   0.044   0.180
ROAP POS    36.464271000    -6.206261000       73664.863   2.091   1.756   7.014
ROAP VEL          17.381          16.504          -0.453   0.183   0.153   0.614
ROB4 POS   -77.034441000   163.190115000      -41603.068   0.652   0.531   3.070
ROB4 VEL         -11.636           9.156           2.451   0.187   0.152   0.881
ROBE POS     7.113406000    40.026113000     2458287.657   2.640   3.023  11.718
ROBE VEL          13.432          28.690           4.891   0.193   0.223   0.857
ROBN POS   -65.246499000   -59.444627000       57995.135   0.824   0.566   2.674
ROBN VEL           8.431          17.501           5.647   0.139   0.098   0.450
ROCH POS    33.611026000  -116.609777000     1393737.302   7.441   7.042  30.753
ROCH VEL          10.190         -29.946          -0.119   0.334   0.317   1.382
ROCK POS    34.235677000  -118.676438000      553388.325   0.392   0.323   1.351
ROCK VEL          17.729         -38.313          -0.002   0.067   0.054   0.228
ROCP POS    37.816418000  -122.062951000      582017.341   0.521   0.423   1.728
ROCP VEL           5.335         -27.438          -0.254   0.091   0.074   0.298
ROGE POS    36.217876000  -117.085475000     3016455.903   4.601   3.841  16.243
ROGE VEL          -6.374         -16.208          -0.329   0.247   0.207   0.875
ROSS POS    48.833729000   -87.519604000      149853.867   0.671   0.496   1.980
ROSS VEL          -1.545         -17.915           3.195   0.072   0.053   0.216
ROTH POS   -67.571387000   -68.125770000       39748.409   0.463   0.328   1.573
ROTH VEL           9.600          14.886           3.066   0.048   0.035   0.163
ROVE POS    45.893508000    11.042107000      261700.831   0.597   0.484   1.992
ROVE VEL          16.613          20.587           1.044   0.057   0.047   0.191
ROXY POS    36.839637000  -114.663981000      574545.890   5.537   4.421  17.665
ROXY VEL          -9.386         -15.149           0.384   0.412   0.329   1.313
RPT1 POS    47.387505000  -122.374769000       -9913.146   2.082   1.494   6.442
RPT1 VEL          -8.573          -9.767          -1.641   0.086   0.062   0.267
RSTP POS    34.875082000  -118.192930000      712717.039   0.386   0.328   1.339
RSTP VEL           5.308         -23.052          -0.555   0.081   0.069   0.285
RSVY POS    34.541478000  -119.184442000      987413.594   0.517   0.439   1.939
RSVY VEL          12.488         -38.541           0.592   0.101   0.086   0.375
RTHS POS    34.089152000  -117.353340000      328654.631   0.714   0.627   2.632
RTHS VEL          11.713         -31.703          -1.259   0.088   0.075   0.302
RUBY POS    40.617209000  -115.122838000     1881735.192   0.392   0.304   1.240
RUBY VEL          -9.622         -16.697          -0.426   0.046   0.035   0.146
RUMP POS    36.256905000  -115.868462000     1406134.738   4.103   3.373  13.385
RUMP VEL          -8.806         -15.279          -0.160   0.231   0.190   0.752
RUNG POS    32.972310000  -114.978035000      119663.268   0.528   0.463   1.876
RUNG VEL          -7.668         -14.393           0.174   0.108   0.095   0.376
RWDN POS    40.086700000  -100.653485000      775055.635   4.821   3.815  15.984
RWDN VEL          -4.475         -14.458           1.547   0.264   0.209   0.872
RWSN POS   -43.298878000   -65.107248000       27431.734   2.235   1.708   8.698
RWSN VEL          11.362          -1.592           0.539   0.182   0.142   0.598
RYAN POS    36.316282000  -116.650081000     1286177.098   3.355   2.771  11.287
RYAN VEL          -8.201         -15.538          -0.175   0.184   0.152   0.620
RYMD POS    46.684129000  -123.730414000      -10456.811   1.586   1.123   4.520
RYMD VEL          -4.606          -5.901          -0.633   0.172   0.124   0.490
S300 POS    37.666507000  -121.558273000      495744.931   0.474   0.386   1.580
S300 VEL          -2.059         -23.101           1.198   0.101   0.082   0.330
SA60 POS    39.978153000  -105.275392000     1871145.321   7.199   5.880  23.465
SA60 VEL          -6.537         -14.806           1.398   0.482   0.394   1.573
SA62 POS    40.587774000  -105.147586000     1595474.972   4.725   3.684  14.691
SA62 VEL          -4.652         -15.028           0.135   0.384   0.299   1.193
SA63 POS    32.688901000  -114.495725000       45496.398   1.863   1.641   6.903
SA63 VEL          -6.084         -11.497          -6.644   0.259   0.222   0.939
SACH POS    71.990323000  -125.249869000       69259.281  15.581  11.223  59.856
SACH VEL         -13.851         -17.288           0.046   0.722   0.520   2.775
SACY POS    33.743248000  -117.895585000      -11271.033   0.508   0.445   2.038
SACY VEL          17.666         -38.253           0.919   0.068   0.059   0.265
SAG1 POS    43.628644000   -83.837772000      149155.730   2.521   1.945   8.486
SAG1 VEL           0.571         -18.177          -2.491   0.126   0.097   0.423
SAG2 POS    43.628371000   -83.837755000      149085.648  15.630  11.661  49.499
SAG2 VEL          -0.027         -15.783          -3.580   0.648   0.483   2.039
SAGA POS    -0.143852000   -67.057782000       94874.592   3.799   3.771  16.929
SAGA VEL          11.526          -3.874          -0.108   0.320   0.321   1.426
SAJU POS    10.067123000   -85.710556000       73745.403   0.515   0.621   2.381
SAJU VEL          24.869          17.341          -7.683   0.109   0.128   0.494
SAL1 POS    35.367078000   -94.816598000      129548.409   3.384   2.827  12.073
SAL1 VEL          -4.019         -14.323           0.719   0.150   0.126   0.536
SALU POS    -2.593457000   -44.212480000       18968.928   1.064   1.013   4.516
SALU VEL          12.422          -3.646          -0.690   0.138   0.137   0.594
SAMO POS   -13.849204000  -171.738433000       76721.632   0.454   0.514   1.936
SAMO VEL          33.997         -62.922          -1.664   0.129   0.147   0.569
SAMP POS     3.621607000    98.714721000        1238.991  12.402  15.631  61.175
SAMP VEL          -0.587          30.739         -14.933   0.551   0.645   2.513
SAN0 POS    12.580451000   -81.715721000       10084.706   0.520   0.611   2.282
SAN0 VEL           7.632          12.774          -0.793   0.115   0.135   0.502
SANT POS   -33.150287000   -70.668554000      723135.103   0.418   0.380   1.496
SANT VEL          16.481          19.071           2.090   0.080   0.075   0.292
SAOB POS    36.765307000  -121.447193000      359942.965   0.681   0.576   2.462
SAOB VEL          22.784         -39.671           0.410   0.065   0.054   0.234
SASK POS    52.196254000  -106.398359000      578879.294   0.440   0.310   1.247
SASK VEL          -8.186         -16.435          -0.183   0.086   0.060   0.244
SASS POS    54.513593000    13.643299000       68223.012   1.169   0.824   3.341
SASS VEL          15.231          18.794           0.295   0.107   0.076   0.304
SATS POS    46.965653000  -123.541230000       -7633.399  11.032   7.835  40.151
SATS VEL          -4.646          -7.195           2.293   0.466   0.331   1.691
SAV1 POS    32.138601000   -81.696338000        8412.966   2.697   2.482  10.479
SAV1 VEL           2.396         -12.524          -0.230   0.120   0.110   0.465
SAV2 POS    32.138719000   -81.696594000        8501.957  17.298  16.300  67.345
SAV2 VEL           2.517         -12.558          -0.013   0.682   0.642   2.634
SAVO POS   -12.939244000   -38.432255000       76310.223   0.759   0.830   3.239
SAVO VEL          12.733          -4.322           0.055   0.067   0.074   0.286
SAWC POS    37.689896000  -118.953170000     2440309.184   0.608   0.538   2.366
SAWC VEL          -2.605         -21.467           0.109   0.172   0.149   0.645
SBCC POS    33.553003000  -117.661493000       88661.365   0.482   0.419   1.824
SBCC VEL          17.455         -38.014          -1.078   0.110   0.095   0.412
SBGZ POS    47.803424000    13.110436000     1323392.749   6.061   4.495  17.738
SBGZ VEL          16.176          21.375           0.175   0.122   0.089   0.364
SBOK POS   -29.669322000    17.879214000     1043088.919   0.805   0.772   3.055
SBOK VEL          19.339          17.914           0.634   0.084   0.081   0.326
SBR5 POS    34.510558000  -120.227284000       76019.275   0.769   0.683   2.789
SBR5 VEL          21.789         -41.895           0.589   0.227   0.202   0.816
SBRB POS    37.686452000  -122.410849000      -13093.373  57.030  38.928 196.160
SBRB VEL          17.376         -32.897          -0.781   0.106   0.077   0.431
SBRN POS    37.686221000  -122.410449000       -2233.424   5.558   4.003  20.122
SBRN VEL          14.829         -33.988          -3.752   0.342   0.246   1.240
SC00 POS    46.950923000  -120.724613000     1178378.062   0.607   0.438   1.813
SC00 VEL          -9.398         -12.019          -1.840   0.148   0.106   0.440
SC01 POS    34.067952000  -106.966545000     2097389.774   0.553   0.492   1.932
SC01 VEL          -7.040         -13.318           1.063   0.088   0.076   0.299
SC02 POS    48.546193000  -123.007613000      -15033.236   0.466   0.329   1.360
SC02 VEL          -8.490          -8.738          -0.156   0.065   0.046   0.189
SC03 POS    47.816586000  -123.705739000     2018561.731   0.616   0.423   1.729
SC03 VEL          -6.411          -5.424           2.125   0.055   0.038   0.154
SC04 POS    48.923162000  -123.704131000       14886.772   0.385   0.272   1.117
SC04 VEL          -8.409          -7.871           1.119   0.059   0.041   0.169
SCBY POS    80.260134000   -59.593634000      544449.541   0.834   0.732   4.567
SCBY VEL           8.142         -20.887           7.758   0.246   0.212   1.340
SCCP POS    37.651846000  -122.002070000      419306.831   0.548   0.443   1.793
SCCP VEL           6.578         -27.589          -0.842   0.114   0.091   0.364
SCH2 POS    54.832091000   -66.832622000      498478.713   0.810   0.553   2.279
SCH2 VEL           8.109         -17.177          10.780   0.048   0.033   0.138
SCIA POS    34.607447000  -117.388306000      831445.994   0.444   0.379   1.554
SCIA VEL           3.916         -23.439          -0.313   0.113   0.095   0.385
SCIP POS    32.914431000  -118.487946000      452838.878   0.618   0.531   2.190
SCIP VEL          23.130         -42.156          -1.028   0.052   0.045   0.182
SCMS POS    33.444143000  -117.634571000       23239.943  11.801  10.218  42.321
SCMS VEL          18.504         -38.125          -0.773   0.571   0.494   2.047
SCOA POS    43.395238000    -1.681674000       59456.115   0.693   0.551   2.183
SCOA VEL          16.787          18.772          -0.440   0.070   0.055   0.220
SCOR POS    70.485337000   -21.950342000      128551.279   0.534   0.397   1.934
SCOR VEL          19.834         -10.760           3.573   0.151   0.110   0.545
SCRZ POS   -17.796790000   -63.159674000      442049.456   0.790   0.877   3.436
SCRZ VEL          11.947          -1.073          -0.649   0.082   0.090   0.350
SCUB POS    20.012064000   -75.762317000       20898.151   0.457   0.526   2.249
SCUB VEL           4.866          -5.518          -0.755   0.062   0.069   0.278
SDHL POS    34.255011000  -116.278901000      835066.007   0.725   0.628   2.494
SDHL VEL          -2.405         -17.332           0.528   0.058   0.049   0.202
SDLY POS   -77.135313000  -125.974565000     2097602.852   0.937   0.747   4.611
SDLY VEL           1.268          19.466          -1.906   0.093   0.073   0.460
SEAI POS    47.687004000  -122.256304000       -3953.679   2.605   1.888   7.696
SEAI VEL          -8.603          -9.812          -1.904   0.166   0.120   0.489
SEAS POS    45.984225000  -123.922424000      -12027.094   1.152   0.850   3.429
SEAS VEL          -3.906          -3.864           0.750   0.083   0.061   0.242
SEAT POS    47.653976000  -122.309478000       44186.918   0.415   0.299   1.179
SEAT VEL          -8.656          -9.414          -0.680   0.074   0.053   0.213
SEAW POS    47.687004000  -122.256305000       -3999.731  13.101   9.637  38.939
SEAW VEL          -6.711         -10.918          -1.993   0.560   0.414   1.696
SEDR POS    48.521556000  -122.223850000       29835.318   0.442   0.314   1.393
SEDR VEL          -9.167         -10.025          -0.663   0.042   0.028   0.129
SEKC POS    41.220177000    47.175151000      726668.343   0.624   0.514   2.413
SEKC VEL          14.476          27.170          -2.217   0.198   0.169   0.743
SELD POS    59.445705000  -151.706674000       20532.118   0.736   0.572   2.558
SELD VEL         -26.340          -7.218           9.503   0.155   0.121   0.477
SELE POS    43.178733000    77.016906000     1342010.858   2.165   1.720   8.001
SELE VEL           3.959          28.660           0.678   0.117   0.094   0.438
SENU POS    61.069582000   -47.141320000      667081.667   0.532   0.362   1.473
SENU VEL          13.261         -17.388           8.770   0.087   0.059   0.244
SEY1 POS    -4.673717000    55.479409000      537182.446   1.974   2.087  10.032
SEY1 VEL          11.153          25.378          -0.553   0.156   0.166   0.794
SEY2 POS    -4.673650000    55.479456000      538812.601   0.819   0.865   4.105
SEY2 VEL          11.916          24.702          -1.972   0.182   0.203   0.958
SEYG POS    -4.678730000    55.530634000      -37619.632   0.520   0.578   2.242
SEYG VEL          11.309          24.758           0.700   0.126   0.141   0.546
SFDM POS    34.459807000  -118.754513000      291522.477   0.484   0.405   2.061
SFDM VEL          12.969         -36.660           1.427   0.056   0.046   0.235
SFEL POS    45.230021000    12.291351000       51567.469   4.925   3.804  16.923
SFEL VEL          15.423          18.055          -3.962   0.309   0.238   1.064
SFER POS    36.464349000    -6.205642000       84189.575   1.094   0.943   3.648
SFER VEL          17.033          16.225          -0.030   0.093   0.079   0.316
SG01 POS    36.604141000   -97.484818000      289984.932   1.221   1.043   4.055
SG01 VEL          -2.748         -14.223          -1.222   0.094   0.080   0.313
SG03 POS    39.998440000   -83.011206000      216346.698   2.150   1.778   6.937
SG03 VEL           1.493         -15.309          -2.322   0.110   0.091   0.354
SG04 POS    37.131915000   -97.266082000      359443.309   1.247   1.057   4.129
SG04 VEL          -2.742         -14.591          -0.986   0.100   0.085   0.332
SG05 POS    28.065246000   -80.622841000      -10838.063   1.031   1.028   4.043
SG05 VEL           3.146         -11.250          -0.999   0.057   0.057   0.224
SG06 POS    40.914681000   -73.124962000       23770.192   1.943   1.607   6.336
SG06 VEL           4.974         -15.154          -1.015   0.103   0.085   0.334
SG08 POS    36.841334000   -96.428048000      300247.009   1.189   1.015   3.934
SG08 VEL          -2.622         -14.274          -1.295   0.093   0.079   0.308
SG09 POS    36.430751000   -98.284360000      390868.250   1.243   1.068   4.132
SG09 VEL          -3.452         -14.170          -1.383   0.100   0.086   0.332
SG10 POS    36.881427000   -98.286360000      331371.653   1.158   0.974   3.802
SG10 VEL          -3.350         -14.290          -0.317   0.094   0.079   0.307
SG11 POS    37.331570000   -99.308877000      635254.245   2.701   2.291   9.013
SG11 VEL          -3.653         -14.336          -1.187   0.132   0.112   0.441
SG13 POS    38.114621000   -97.515201000      411160.022   2.533   2.126   8.286
SG13 VEL          -2.994         -14.123          -1.910   0.125   0.105   0.408
SG15 POS    38.202338000   -95.593755000      307239.528   2.680   2.256   8.771
SG15 VEL          -2.331         -14.800          -1.421   0.132   0.111   0.432
SG16 POS    37.384228000   -96.180740000      251815.389   2.104   1.767   6.956
SG16 VEL          -2.355         -14.663          -0.975   0.106   0.089   0.351
SG18 POS    34.883525000   -98.203911000      382681.432   2.626   2.281   8.896
SG18 VEL          -3.192         -13.610          -1.580   0.129   0.112   0.438
SG19 POS    35.355545000   -98.977858000      438776.262   2.779   2.386   9.421
SG19 VEL          -3.711         -13.877          -0.875   0.135   0.117   0.459
SG21 POS    19.741238000   -99.188613000     2267840.642   4.722   5.181  20.256
SG21 VEL          -2.146          -7.921          -7.381   0.227   0.249   0.971
SG23 POS    40.437759000   -86.946170000      175804.470   2.489   2.047   8.283
SG23 VEL           0.493         -15.257          -2.593   0.128   0.105   0.426
SG25 POS    42.965645000   -85.886980000      185422.255   4.492   3.762  15.330
SG25 VEL           0.480         -16.063          -2.882   0.226   0.190   0.773
SG26 POS    37.462515000   126.955534000      200269.770   2.761   2.493  10.921
SG26 VEL         -12.389          26.321           0.382   0.146   0.131   0.570
SG27 POS    71.322891000  -156.610335000        9379.000   0.458   0.337   1.756
SG27 VEL         -21.592          -6.397          -2.262   0.103   0.076   0.390
SG32 POS    30.602461000   -96.358859000       80392.572   1.694   1.588   6.236
SG32 VEL          -2.967         -11.544          -2.324   0.121   0.114   0.447
SG33 POS    31.772902000  -106.506310000     1210500.834   1.643   1.472   5.775
SG33 VEL          -6.010         -12.832           1.663   0.392   0.350   1.375
SG41 POS    37.151002000   -98.362106000      390524.137   4.471   3.769  14.624
SG41 VEL          -2.265         -14.617          -1.288   0.380   0.320   1.242
SG42 POS    36.819342000   -97.819920000      307655.280   4.948   4.196  16.309
SG42 VEL          -3.002         -14.046          -0.894   0.424   0.359   1.398
SG44 POS    37.069654000   -96.760625000      388283.175   4.953   4.207  16.254
SG44 VEL          -3.177         -11.452          -0.321   0.427   0.362   1.400
SG46 POS    36.117125000   -97.511009000      310219.568   4.265   3.668  14.280
SG46 VEL          -3.442         -13.739          -0.405   0.359   0.308   1.200
SG47 POS    36.310593000   -97.927515000      357772.355   6.073   5.150  20.148
SG47 VEL          -4.643         -13.922          -3.839   0.592   0.501   1.962
SG48 POS    35.879954000   -98.173137000      336590.942   4.187   3.588  13.979
SG48 VEL          -1.793         -14.280          -0.616   0.352   0.301   1.173
SG72 POS    35.236521000   -97.465232000      331093.998   3.752   3.270  12.910
SG72 VEL          -2.595         -14.568          -0.387   0.189   0.165   0.650
SGDM POS    34.205630000  -117.861709000      420756.522   1.583   1.511   6.457
SGDM VEL          11.077         -35.202           0.390   0.098   0.094   0.401
SGHS POS    34.088628000  -118.108984000       79836.475   4.343   4.111  18.097
SGHS VEL          13.715         -35.326          -1.047   0.227   0.215   0.946
SGPS POS    33.912537000  -116.695691000      476720.704   0.993   0.801   3.474
SGPS VEL           7.499         -26.255          -0.673   0.114   0.092   0.399
SHAO POS    31.099640000   121.200451000       22023.302   0.792   0.724   3.395
SHAO VEL         -12.627          32.200          -0.946   0.105   0.096   0.435
SHE2 POS    46.220692000   -64.552014000      -15296.235   0.723   0.523   2.067
SHE2 VEL           8.582         -15.586          -0.701   0.069   0.052   0.201
SHEE POS    51.445684000     0.743416000       53352.544   6.322   4.591  21.662
SHEE VEL          16.494          16.843           1.835   0.154   0.109   0.516
SHIN POS    40.591678000  -120.225048000     1377322.237   0.448   0.347   1.478
SHIN VEL          -6.837         -18.636          -0.233   0.079   0.061   0.262
SHK1 POS    40.471493000   -74.011601000      -24650.933   3.275   2.661  11.177
SHK1 VEL           5.197         -11.614          -2.067   0.137   0.111   0.467
SHLD POS    41.868366000  -119.015688000     1457551.192   0.498   0.390   1.667
SHLD VEL          -8.585         -16.598          -0.306   0.044   0.034   0.145
SHN5 POS    35.674245000  -120.347063000      301655.202   0.574   0.482   1.974
SHN5 VEL          17.605         -35.863           0.559   0.143   0.121   0.483
SHOS POS    35.971344000  -116.298988000      582392.076   0.466   0.403   1.625
SHOS VEL          -8.359         -15.390          -0.148   0.089   0.076   0.308
SHP5 POS    35.268635000  -120.671287000       16635.989   0.934   0.813   3.307
SHP5 VEL          22.581         -40.029           4.039   0.269   0.232   0.941
SHPM POS    45.099053000  -111.862009000     2592019.756   7.941   5.780  22.763
SHPM VEL          -8.829         -14.652          -0.204   0.614   0.447   1.762
SHRC POS    37.624938000  -118.945631000     2352149.543   0.926   0.720   3.109
SHRC VEL          -4.328         -20.987           6.252   0.168   0.130   0.564
SIBE POS    34.624258000  -116.015586000      362445.633   6.773   5.317  25.258
SIBE VEL          -6.804         -17.533          -2.719   0.321   0.253   1.197
SIBY POS    42.170163000   -83.241336000      152480.216   0.480   0.385   1.579
SIBY VEL           1.678         -15.492          -1.805   0.092   0.073   0.304
SIDN POS    40.310360000   -84.171095000      292207.728   0.712   0.600   2.348
SIDN VEL           1.559         -15.046          -2.115   0.105   0.088   0.343
SILK POS    34.102864000  -118.263878000      106214.254   0.493   0.452   1.978
SILK VEL          13.950         -38.298          -0.738   0.116   0.106   0.459
SIMM POS    35.351114000  -119.997810000      583584.084   0.644   0.536   2.256
SIMM VEL          13.337         -36.618           3.321   0.191   0.160   0.658
SIMO POS   -34.187936000    18.439577000       39477.237   3.975   3.941  17.013
SIMO VEL          19.326          16.401          -0.435   0.190   0.187   0.812
SIO2 POS    32.867495000  -117.252460000        8345.932   8.308   8.742  39.969
SIO2 VEL          18.651         -39.942           6.261   0.294   0.308   1.410
SIO3 POS    32.864706000  -117.250417000       34846.050   2.159   1.858   8.287
SIO3 VEL          18.256         -39.995          -1.349   0.139   0.120   0.533
SIO5 POS    32.840737000  -117.249697000      185501.104   0.484   0.405   1.705
SIO5 VEL          18.467         -40.043          -2.255   0.123   0.102   0.423
SJB5 POS    36.861360000  -121.579738000       93233.134   0.960   0.801   3.232
SJB5 VEL          19.636         -40.470           2.954   0.466   0.390   1.567
SJDV POS    45.879088000     4.676581000      432403.745   0.543   0.408   1.603
SJDV VEL          16.151          19.489          -0.240   0.055   0.042   0.169
SKE0 POS    64.879200000    21.048298000       81497.224   0.445   0.314   1.413
SKE0 VEL          14.430          17.335          10.141   0.063   0.045   0.197
SKUL POS    36.730454000  -116.210628000     1237298.125   0.597   0.498   2.121
SKUL VEL          -9.136         -15.555           0.049   0.173   0.144   0.614
SKYB POS    34.438626000  -118.478636000      520233.261   0.420   0.364   1.581
SKYB VEL          10.661         -34.739           1.277   0.092   0.079   0.381
SLAC POS    37.416520000  -122.204270000       63675.714   0.463   0.394   1.649
SLAC VEL          16.322         -34.799          -0.071   0.075   0.064   0.262
SLAI POS    41.900583000   -93.698875000      289463.190   1.666   1.371   5.600
SLAI VEL          -2.085         -14.269          -1.758   0.084   0.068   0.279
SLCU POS    40.772171000  -111.954976000     1277813.082   1.937   1.560   6.465
SLCU VEL          -8.804         -14.731          -1.603   0.127   0.103   0.425
SLHG POS    33.192624000  -116.254063000      177639.590   0.691   0.603   2.446
SLHG VEL          11.829         -34.747          -0.654   0.180   0.156   0.628
SLI4 POS    39.314277000  -119.884292000     2902557.944   7.982   6.295  29.416
SLI4 VEL          -4.071         -20.328           1.335   0.422   0.333   1.553
SLID POS    39.314277000  -119.884292000     2902519.881   0.640   0.502   2.048
SLID VEL          -5.242         -22.013          -0.281   0.113   0.089   0.362
SLMS POS    33.292228000  -115.977846000      -45931.363   0.503   0.443   1.807
SLMS VEL           5.600         -24.972          -0.267   0.147   0.128   0.512
SLN5 POS    36.667046000  -121.633229000      -14639.355   0.832   0.687   2.869
SLN5 VEL          22.698         -40.043           1.678   0.242   0.200   0.829
SLOM POS    31.228186000    34.283826000      112717.415   3.545   3.192  14.745
SLOM VEL          18.359          23.961           0.601   0.198   0.174   0.804
SMAI POS    47.523571000  -122.345061000      113433.666   0.570   0.403   1.640
SMAI VEL          -8.190          -9.610          -1.455   0.061   0.043   0.176
SMEL POS    39.425642000  -112.844931000     1422133.465   0.368   0.298   1.179
SMEL VEL          -8.902         -16.236          -0.343   0.041   0.033   0.135
SMST POS    33.577855000   135.936954000       97527.975   1.235   1.049   4.954
SMST VEL          -1.145          -3.214           0.417   0.165   0.144   0.663
SMYC POS    36.319590000  -115.587487000     2562743.773   3.054   2.575  10.725
SMYC VEL          -9.057         -15.282           0.280   0.169   0.143   0.594
SNFD POS    35.473530000   -79.158059000       94064.068   0.697   0.618   2.471
SNFD VEL           3.559         -13.819          -0.532   0.057   0.051   0.204
SNHS POS    33.927340000  -117.928635000       66420.761   1.037   0.919   3.818
SNHS VEL          15.725         -37.198          -0.452   0.148   0.130   0.546
SNI1 POS    33.247879000  -119.524373000      239644.676   1.020   0.879   3.520
SNI1 VEL          23.776         -42.546          -1.274   0.089   0.076   0.307
SNOG POS    34.035213000  -116.807795000     2314698.939   0.734   0.630   2.829
SNOG VEL           6.733         -24.271           1.385   0.066   0.057   0.271
SNRS POS    46.914613000  -121.643604000     1938332.182   1.206   0.898   3.904
SNRS VEL          -7.386          -9.379          -0.514   0.120   0.088   0.385
SOD3 POS    67.420788000    26.389291000      300919.039   2.152   1.524   7.275
SOD3 VEL          13.599          18.224           7.762   0.503   0.357   1.693
SODA POS    67.420862000    26.389061000      299989.070   0.787   0.559   2.643
SODA VEL          13.346          17.991           8.360   0.065   0.046   0.220
SODB POS    37.166407000  -121.925526000      985489.355   1.490   1.198   6.149
SODB VEL          15.416         -33.452          -2.978   0.169   0.133   0.676
SOFI POS    42.556097000    23.394739000     1119524.386   0.505   0.405   1.821
SOFI VEL          11.965          23.950          -0.368   0.054   0.043   0.181
SOL1 POS    38.318877000   -76.453898000      -19099.858   2.679   2.264   9.585
SOL1 VEL           4.261         -14.469          -1.615   0.117   0.099   0.424
SOLA POS    24.910682000    46.400574000      760006.305   1.595   1.489   6.485
SOLA VEL          29.234          31.766          -0.863   0.111   0.104   0.449
SOLO POS    -9.434910000   159.954343000      122918.459   0.725   0.774   3.181
SOLO VEL          37.388         -35.764           0.359   0.403   0.435   1.826
SOMT POS    34.319942000  -119.064340000      464226.034   0.464   0.398   1.611
SOMT VEL          18.201         -38.885          -0.191   0.123   0.104   0.414
SONG POS    33.380752000  -117.560267000       -2957.549   0.608   0.524   2.154
SONG VEL          18.188         -38.868          -1.377   0.153   0.131   0.525
SOWR POS    42.225867000   -85.533572000      231409.397   0.466   0.370   1.513
SOWR VEL           0.909         -15.571          -2.362   0.086   0.068   0.279
SPCG POS    61.291214000  -152.022408000     1342930.019   0.833   0.584   2.494
SPCG VEL         -28.261          -7.613           7.935   0.141   0.102   0.425
SPCP POS    61.265524000  -152.155485000     1628946.184   0.774   0.530   2.289
SPCP VEL         -27.720          -7.285           7.696   0.171   0.119   0.505
SPED POS    18.461016000   -69.305573000      -22129.254   0.603   0.669   2.741
SPED VEL           8.898           6.958          -0.334   0.061   0.069   0.277
SPIC POS    39.306213000  -112.127479000     1670429.955   0.669   0.557   2.177
SPIC VEL          -8.324         -16.217           0.228   0.046   0.038   0.149
SPIT POS    59.608049000  -151.426990000       19944.280   0.641   0.449   1.894
SPIT VEL         -21.407         -10.453           6.525   0.126   0.089   0.374
SPK1 POS    34.059346000  -118.646169000      440127.443   0.778   0.679   2.770
SPK1 VEL          18.283         -39.424           0.235   0.086   0.073   0.299
SPKN POS    47.627662000  -117.502582000      694583.223   1.703   1.200   5.192
SPKN VEL         -10.147         -13.446          -0.914   0.164   0.115   0.484
SPMS POS    33.992656000  -117.848782000      207022.275   0.500   0.444   1.891
SPMS VEL          13.717         -36.442          -1.157   0.114   0.099   0.413
SPMX POS    31.045048000  -115.465869000     2763677.017   3.325   2.910  13.542
SPMX VEL          20.016         -41.909           0.594   0.211   0.186   0.858
SPN1 POS    47.518354000  -117.423702000      719906.033   4.125   2.921  12.418
SPN1 VEL         -10.195         -14.123          -0.969   0.194   0.137   0.585
SPT0 POS    57.714961000    12.891355000      220044.695   0.738   0.515   2.154
SPT0 VEL          14.739          17.477           3.677   0.097   0.068   0.289
SRB1 POS    37.874359000  -122.266968000       54634.392   0.874   0.682   2.838
SRB1 VEL          12.417         -30.081          -2.698   0.147   0.114   0.478
SRJV POS    43.867856000    18.413900000      645776.823   0.668   0.514   2.031
SRJV VEL          15.720          23.205          -0.011   0.033   0.025   0.102
SRMP POS    72.910679000   -54.393715000      370603.832   0.674   0.530   2.709
SRMP VEL           9.914         -21.081          10.442   0.193   0.150   0.777
SROD POS    19.475251000   -71.341162000       98781.013   0.625   0.684   2.822
SROD VEL           6.344          -0.580          -0.297   0.094   0.102   0.427
SRP1 POS    33.450627000  -112.227793000      297041.450   1.920   1.661   7.108
SRP1 VEL          -7.989         -13.330          -0.519   0.146   0.128   0.547
SRS1 POS    34.004340000  -120.065229000       68206.475   0.419   0.363   1.500
SRS1 VEL          24.268         -41.874          -0.636   0.042   0.036   0.150
SSHO POS    47.682298000  -122.315167000       74099.523   0.544   0.393   1.637
SSHO VEL          -8.460          -9.436          -1.530   0.061   0.044   0.184
SSIA POS    13.697086000   -89.116594000      626625.527   0.580   0.691   2.570
SSIA VEL           4.591           4.485           0.116   0.106   0.124   0.464
STAS POS    59.017715000     5.598630000      104954.854   0.704   0.513   2.088
STAS VEL          15.832          15.184           1.321   0.046   0.033   0.132
STAY POS    44.830707000  -122.820861000      110860.852   0.489   0.362   1.442
STAY VEL          -5.962          -9.442          -0.577   0.087   0.063   0.264
STB1 POS    44.795486000   -87.314336000      148821.381   2.263   1.697   7.333
STB1 VEL          -0.486         -16.343          -0.388   0.097   0.073   0.315
STEA POS    39.625542000  -119.883678000     1534216.071   0.477   0.375   1.551
STEA VEL          -5.677         -20.614          -0.459   0.060   0.046   0.191
STEP POS    19.536450000  -155.574794000     3419127.436   0.866   0.847   3.534
STEP VEL          39.762         -63.157           4.876   0.710   0.696   2.904
STEW POS   -84.187014000   -86.247288000     1587057.560   0.648   0.633   4.454
STEW VEL           8.645          10.096          -0.624   0.088   0.087   0.611
STHL POS   -15.942531000    -5.667342000      453175.810   0.552   0.642   2.284
STHL VEL          18.642          23.029          -0.326   0.047   0.055   0.198
STJ3 POS    47.595437000   -52.678311000      154512.387   2.190   1.583   6.189
STJ3 VEL          13.463         -14.738           0.293   0.514   0.372   1.453
STJO POS    47.595242000   -52.677754000      152835.182   0.540   0.380   1.528
STJO VEL          13.116         -14.803          -0.381   0.058   0.041   0.170
STK2 POS    43.528642000   141.844821000      118615.965   0.831   0.575   2.400
STK2 VEL         -11.410           6.896           3.351   0.122   0.086   0.359
STKR POS    39.326071000   -82.107128000      176784.353   0.686   0.583   2.315
STKR VEL           2.369         -15.057          -1.282   0.036   0.029   0.122
STL3 POS    38.611088000   -89.758693000      157119.150   5.376   4.448  18.595
STL3 VEL          -0.947         -14.639          -1.584   0.258   0.214   0.892
STLE POS    36.089287000   -89.857566000       50353.375   1.330   1.192   4.681
STLE VEL          -0.115         -13.956          -1.250   0.081   0.070   0.291
STP1 POS    44.303949000   -91.903311000      353844.559  17.251  12.929  54.136
STP1 VEL          -1.786         -15.935          -0.644   0.173   0.128   0.546
STR1 POS   -35.315523000   149.010057000      799919.935   0.686   0.576   2.386
STR1 VEL          55.472          18.420          -0.743   0.071   0.058   0.239
STR2 POS   -35.316151000   149.010159000      802467.546   0.660   0.551   2.280
STR2 VEL          55.427          18.393          -0.937   0.109   0.090   0.371
STRI POS    36.644620000  -116.337796000     1029853.613   3.021   2.500  10.354
STRI VEL          -8.806         -15.389          -0.013   0.167   0.138   0.573
STRL POS    38.977219000   -77.483630000       55947.334  22.235  18.641  77.890
STRL VEL           3.156         -14.389          -2.586   0.760   0.637   2.662
STVI POS    18.340097000   -64.974446000      -21482.775   0.514   0.562   2.305
STVI VEL          14.055           8.792          -0.337   0.046   0.051   0.205
SUAA POS    37.426909000  -122.173296000       20400.035   7.856   6.452  26.061
SUAA VEL          14.746         -32.952           0.253   0.307   0.252   1.017
SULP POS    49.835591000    24.014494000      370531.025   0.885   0.630   2.561
SULP VEL          14.062          21.673           0.217   0.059   0.042   0.174
SUM1 POS    34.825062000  -102.511775000     1163380.907   3.540   3.090  13.122
SUM1 VEL          -5.505         -13.370           0.179   0.166   0.145   0.616
SUMK POS    44.208132000    73.997114000     1012153.425   1.398   1.083   4.977
SUMK VEL           2.296          26.802          -0.860   0.181   0.137   0.636
SUP1 POS    46.748741000   -88.442219000      202979.368  14.535  10.701  46.404
SUP1 VEL           0.556         -17.727          -2.468   0.651   0.480   2.078
SUP2 POS    45.749483000   -87.073512000      153797.454   0.493   0.378   1.558
SUP2 VEL          -0.726         -16.616          -0.886   0.100   0.076   0.318
SUP3 POS    46.302664000   -85.512809000      221677.598   0.471   0.363   1.442
SUP3 VEL          -1.399         -17.015          -0.118   0.097   0.074   0.301
SUTB POS    39.205835000  -121.820604000      616544.316   0.424   0.326   1.325
SUTB VEL          -4.664         -22.680          -0.813   0.027   0.021   0.085
SUTH POS   -32.380207000    20.810466000     1799770.049   0.640   0.581   2.318
SUTH VEL          19.324          16.788          -0.030   0.049   0.045   0.177
SUTM POS   -32.381430000    20.810915000     1797618.884   0.628   0.570   2.316
SUTM VEL          19.281          16.835          -0.078   0.092   0.085   0.341
SUTV POS   -32.380207000    20.810466000     1799767.793   1.621   1.475   5.850
SUTV VEL          19.337          16.653           0.547   0.138   0.127   0.500
SUUR POS    59.463576000    24.380267000       84461.514  20.422  14.321  57.539
SUUR VEL          12.705          19.978           3.368   0.404   0.286   1.138
SUWN POS    37.275512000   127.054248000       82252.077   0.603   0.487   2.213
SUWN VEL         -12.388          27.251           0.617   0.138   0.118   0.531
SVIC POS    43.643062000  -121.253279000     1751338.038   0.451   0.341   1.345
SVIC VEL          -7.633         -13.951          -1.388   0.106   0.080   0.316
SVIN POS    38.033181000  -122.526326000      -27572.720   0.493   0.387   1.683
SVIN VEL          13.247         -31.847          -1.104   0.080   0.063   0.271
SVTL POS    60.532864000    29.780883000       76732.539   0.744   0.501   2.175
SVTL VEL          11.954          21.239           2.797   0.086   0.059   0.251
SWEP POS    37.611686000  -122.457703000      349290.453   0.605   0.493   1.987
SWEP VEL          19.493         -35.282          -1.719   0.116   0.093   0.371
SWNB POS    43.672736000  -121.355448000     1550350.186   0.433   0.326   1.275
SWNB VEL          -7.540         -13.705          -1.250   0.097   0.072   0.283
SYCN POS    43.115726000   -76.093403000       90350.706   2.016   1.631   6.737
SYCN VEL           3.783         -16.198           0.551   0.096   0.077   0.319
SYDN POS   -33.780869000   151.150384000       85572.777   0.914   0.757   3.834
SYDN VEL          54.554          18.192          -1.251   0.058   0.047   0.224
SYNG POS    34.607233000  -120.069562000      167848.082   0.806   0.653   2.785
SYNG VEL          21.619         -42.921          -0.593   0.156   0.127   0.532
SYOG POS   -69.006957000    39.583741000       49996.811   0.866   0.639   2.962
SYOG VEL           2.935          -4.168          -0.169   0.062   0.044   0.220
T3RP POS    37.927891000  -122.588262000      732361.427   0.807   0.650   2.613
T3RP VEL          15.579         -33.369          -1.414   0.105   0.084   0.338
TABL POS    34.381850000  -117.678288000     2228036.417   0.742   0.583   2.719
TABL VEL           8.004         -30.198           0.587   0.104   0.082   0.377
TABV POS    34.381850000  -117.678288000     2228029.080   0.691   0.555   2.543
TABV VEL           7.957         -29.824          -0.481   0.177   0.139   0.621
TAEJ POS    36.374419000   127.366088000       77444.533  18.188  16.240  72.462
TAEJ VEL         -11.788          28.157          -0.101   0.639   0.569   2.538
TAFT POS    35.156546000  -119.485173000      287042.389   0.805   0.681   2.821
TAFT VEL           6.087         -28.796          -2.663   0.242   0.205   0.825
TAH1 POS   -17.577023000  -149.606201000       99799.692   0.818   0.944   3.697
TAH1 VEL          34.259         -65.770          -1.107   0.045   0.052   0.203
TAH2 POS   -17.577023000  -149.606201000       99793.695   1.263   1.492   5.735
TAH2 VEL          34.315         -65.736          -1.528   0.081   0.096   0.367
TAIW POS    25.021327000   121.536552000       43783.757  16.972  18.288  79.200
TAIW VEL         -16.489          37.196          -6.393   0.565   0.610   2.634
TAKL POS   -36.843593000   174.769895000       40851.736   5.832   4.851  21.248
TAKL VEL          40.115           4.918          -1.135   0.265   0.222   0.967
TAMP POS    22.278320000   -97.864029000       21048.225   2.131   2.330   8.436
TAMP VEL          -3.043          -8.603           0.464   0.246   0.273   0.946
TASH POS    41.328050000    69.295573000      439713.170   0.947   0.758   2.923
TASH VEL           4.388          27.403           0.320   0.123   0.099   0.395
TATE POS    36.931615000  -116.574277000     1293290.811   3.134   2.591  10.713
TATE VEL          -8.884         -15.565           0.131   0.172   0.143   0.589
TAUP POS   -38.742709000   176.080996000      427025.528   0.678   0.585   2.280
TAUP VEL          34.402           3.842          -1.276   0.207   0.173   0.686
TBLP POS    35.917412000  -120.360341000      937536.977   0.858   0.733   3.018
TBLP VEL           5.526         -24.547           0.978   0.136   0.114   0.528
TCMS POS    24.797984000   120.987397000       77255.002   1.516   1.513   6.890
TCMS VEL          -9.134          30.666          -0.678   0.108   0.109   0.446
TCUN POS    35.085019000  -103.609124000     1218320.581   3.512   3.011  12.567
TCUN VEL          -5.013         -13.516           1.703   0.194   0.167   0.691
TDOU POS   -23.079907000    30.384010000      630224.150   0.715   0.745   2.990
TDOU VEL          16.455          18.898           0.695   0.108   0.115   0.459
TEHA POS    35.143060000  -118.469798000     1174608.133   0.739   0.624   2.546
TEHA VEL           2.775         -24.350           1.753   0.222   0.187   0.752
TEHN POS    35.697286000    51.334099000     1194576.082   0.778   0.647   2.943
TEHN VEL          19.660          26.840           1.033   0.079   0.064   0.282
TELA POS    32.068000000    34.780902000       58386.330   0.606   0.560   2.385
TELA VEL          19.868          22.606           1.165   0.052   0.048   0.200
TERS POS    53.362742000     5.219395000       56091.718   0.697   0.504   1.992
TERS VEL          15.467          18.107          -0.356   0.087   0.062   0.244
TERU POS    40.350503000    -1.124293000      956163.128   0.697   0.585   2.333
TERU VEL          16.264          19.621          -0.573   0.120   0.099   0.381
TETN POS    35.561647000    -5.363009000       63722.645   0.734   0.624   2.632
TETN VEL          17.181          15.485          -0.097   0.087   0.075   0.319
TEZI POS   -15.746527000    26.015732000     1115273.607   5.418   6.409  22.931
TEZI VEL          19.161          19.587           1.748   0.399   0.472   1.686
TFNO POS    49.154142000  -125.907840000       -3836.267   0.606   0.471   2.031
TFNO VEL          -6.377          -2.689           1.476   0.156   0.124   0.538
TGCV POS    16.754776000   -22.982753000       35175.212   3.444   3.753  15.507
TGCV VEL          16.054          19.192          -1.594   0.184   0.201   0.824
THAL POS    37.351488000  -121.935496000       -2482.540   9.326   7.463  31.059
THAL VEL          11.927         -33.007           0.869   0.449   0.359   1.494
THCP POS    35.158183000  -118.414576000     1652397.187   0.384   0.323   1.278
THCP VEL           2.158         -23.284          -0.057   0.084   0.069   0.274
THIO POS   -21.608576000   166.215375000      107020.969   0.828   0.949   3.682
THIO VEL          46.289          21.446          -1.000   0.069   0.077   0.299
THMG POS    33.650640000  -116.077254000       33624.900   0.554   0.478   1.964
THMG VEL           0.460         -21.838          -0.091   0.091   0.077   0.312
THMS POS    33.549639000  -117.766802000      189201.687   1.179   1.080   4.423
THMS VEL          18.093         -38.880          -1.853   0.186   0.169   0.690
THSU POS    29.714007000   -95.339907000      -10305.130   0.526   0.509   1.997
THSU VEL          -1.782         -12.458          -0.635   0.116   0.109   0.439
THTG POS   -17.577056000  -149.606447000       97996.789   0.557   0.620   2.456
THTG VEL          34.246         -66.033          -0.985   0.059   0.066   0.254
THTI POS   -17.577055000  -149.606462000       98019.310   0.576   0.637   2.554
THTI VEL          34.595         -65.571          -0.837   0.040   0.044   0.182
THU1 POS    76.537338000   -68.788031000       55081.219   6.938   5.328  32.478
THU1 VEL           4.817         -22.033           2.290   0.250   0.192   1.172
THU2 POS    76.537048000   -68.825055000       36251.088   0.394   0.318   1.825
THU2 VEL           4.875         -22.571           6.461   0.048   0.037   0.222
THU3 POS    76.537048000   -68.825055000       36258.922   0.740   0.563   3.477
THU3 VEL           4.810         -22.581           7.715   0.059   0.045   0.275
THUN POS    47.105839000  -122.288468000      142595.897   1.003   0.729   2.955
THUN VEL          -7.886          -9.820          -1.300   0.118   0.085   0.346
THUR POS   -72.530065000   -97.559596000      212779.057   0.583   0.435   2.298
THUR VEL           3.189          15.382          -3.159   0.061   0.046   0.242
TIBB POS    37.890877000  -122.447609000      -21104.793   0.413   0.360   1.697
TIBB VEL          13.374         -31.792          -1.269   0.077   0.068   0.322
TID1 POS   -35.399194000   148.980002000      665317.512   0.732   0.608   2.559
TID1 VEL          55.330          18.281          -1.633   0.046   0.038   0.162
TID2 POS   -35.399194000   148.980002000      665335.037   1.860   1.589   6.932
TID2 VEL          55.172          18.218           0.031   0.079   0.068   0.294
TIDB POS   -35.399194000   148.980002000      665317.879   0.777   0.631   2.815
TIDB VEL          55.493          18.306          -1.452   0.027   0.023   0.096
TIFF POS    41.074980000   -83.150403000      210423.721   0.529   0.433   1.692
TIFF VEL           1.136         -15.352          -0.438   0.124   0.100   0.396
TIKU POS    -0.399125000    99.944188000       18295.029   7.451   9.567  34.596
TIKU VEL           6.993          25.886          -2.221   0.601   0.768   2.789
TILC POS    37.618887000  -118.862858000     2165293.652   0.878   0.669   3.103
TILC VEL          -4.172         -19.349           3.755   0.218   0.165   0.757
TILL POS    45.455129000  -123.830769000       -4606.846   1.128   0.841   3.381
TILL VEL          -3.906          -5.992          -0.401   0.082   0.061   0.242
TITZ POS    51.035309000     6.431633000      156185.450   1.399   1.032   4.101
TITZ VEL          15.968          18.520           0.038   0.106   0.078   0.310
TIVA POS    36.934848000  -116.229709000     2034164.555   0.344   0.286   1.135
TIVA VEL          -9.282         -15.502          -0.449   0.030   0.025   0.099
TIXI POS    71.634471000   128.866431000       47078.237   0.578   0.412   2.208
TIXI VEL         -11.578          16.986           1.048   0.067   0.048   0.254
TIXJ POS    71.634461000   128.866402000       47138.049  10.397   6.991  38.934
TIXJ VEL         -11.184          17.100           3.174   0.669   0.453   2.508
TJRN POS    34.483478000  -120.132571000      157163.674   0.332   0.281   1.161
TJRN VEL          22.439         -41.626          -0.009   0.028   0.024   0.101
TLKA POS    62.307650000  -150.420302000      166000.848   4.485   2.994  15.276
TLKA VEL         -24.589         -12.016           0.876   0.286   0.191   0.972
TLSE POS    43.560698000     1.480896000      207182.444   0.678   0.541   2.114
TLSE VEL          16.399          19.521           0.151   0.088   0.068   0.279
TMAP POS    33.641246000  -116.160466000      -66931.091   0.529   0.472   1.998
TMAP VEL           4.279         -25.198          -0.493   0.114   0.101   0.413
TMBU POS    43.601839000  -121.144571000     1721169.195   0.607   0.457   2.234
TMBU VEL          -8.029         -14.210           0.723   0.112   0.086   0.433
TMCO POS   -38.764767000   -72.613727000      137431.460   6.801   5.882  22.231
TMCO VEL          16.855          -8.391           9.949   0.607   0.525   1.985
TMGO POS    40.130934000  -105.232715000     1672984.030   0.688   0.563   2.407
TMGO VEL          -5.510         -14.720          -0.698   0.098   0.080   0.328
TNML POS    24.797952000   120.987352000       75871.178   1.422   1.383   5.919
TNML VEL          -8.915          30.954          -0.558   0.057   0.057   0.230
TOIY POS    39.542171000  -117.049411000     2299049.349   0.518   0.427   1.741
TOIY VEL          -9.453         -16.331          -0.204   0.043   0.035   0.140
TOMO POS   -75.801868000  -114.661899000     1171807.242   0.784   0.643   3.485
TOMO VEL          -2.266           9.662          60.507   0.371   0.305   1.658
TONG POS   -21.144714000  -175.179203000       56295.470   0.690   0.755   3.151
TONG VEL          -5.811          88.499           2.202   0.162   0.179   0.740
TONO POS    38.097192000  -117.184044000     2066008.639   0.349   0.286   1.134
TONO VEL          -9.191         -16.211          -0.355   0.050   0.041   0.161
TOPL POS   -10.171051000   -48.330680000      256545.061   0.681   0.754   2.942
TOPL VEL          11.841          -5.666           9.463   0.195   0.224   0.853
TOR2 POS    58.264745000    26.461594000       96278.286   1.210   0.854   3.502
TOR2 VEL          12.979          20.449           1.035   0.118   0.084   0.341
TORI POS    45.063371000     7.661287000      310756.230   0.753   0.623   2.640
TORI VEL          15.915          20.358           0.584   0.055   0.045   0.194
TORP POS    33.797801000  -118.330611000       -5227.757   0.482   0.415   1.700
TORP VEL          18.124         -39.077          -0.452   0.092   0.078   0.317
TORS POS    62.023299000    -6.764513000      114590.492   8.494   5.934  26.100
TORS VEL          17.716          10.877          -0.604   0.379   0.265   1.166
TOST POS    34.247959000  -118.836672000      274353.647   0.643   0.552   2.279
TOST VEL          18.245         -38.992          -0.642   0.058   0.050   0.202
TOUL POS    43.560776000     1.480765000      207090.818  13.889  10.153  45.415
TOUL VEL          16.746          19.744          -0.204   0.514   0.376   1.677
TOUO POS    19.504331000  -155.702756000     2535386.864   0.803   0.854   3.233
TOUO VEL          49.961         -97.707           4.543   0.577   0.618   2.337
TOW2 POS   -19.269269000   147.055694000       88093.057   0.317   0.333   1.330
TOW2 VEL          55.651          28.791          -0.418   0.048   0.052   0.205
TPW2 POS    46.207372000  -123.768365000      -14949.202   0.476   0.365   1.507
TPW2 VEL          -4.167          -5.170          -0.134   0.054   0.041   0.172
TRAB POS    40.994711000    39.775568000       99278.603   3.227   2.523  10.418
TRAB VEL          13.649          25.404          -0.146   0.145   0.113   0.467
TRAK POS    33.617938000  -117.803442000      115521.669   0.414   0.384   1.647
TRAK VEL          17.513         -38.230          -0.889   0.082   0.075   0.317
TRCP POS    37.997426000  -122.615863000      217606.743   1.046   0.855   3.294
TRCP VEL          15.308         -32.678          -1.415   0.092   0.073   0.301
TRDS POS    63.371387000    10.319163000      317845.254   0.750   0.516   2.318
TRDS VEL          16.035          14.200           4.564   0.042   0.029   0.130
TREV POS    45.663949000    12.256544000       61349.774   3.750   2.849  12.313
TREV VEL          17.166          20.515           0.698   0.208   0.158   0.688
TRLK POS    37.466642000  -120.828653000        2480.902   0.644   0.517   2.236
TRLK VEL          -2.053         -23.474          -3.119   0.178   0.144   0.597
TRND POS    41.053887000  -124.150869000       78153.098   0.792   0.613   2.530
TRND VEL           4.011          -9.348          -0.609   0.143   0.111   0.466
TRNG POS   -37.728803000   176.260878000      151112.274   0.670   0.597   2.322
TRNG VEL          38.202           2.553           0.242   0.100   0.085   0.331
TRO1 POS    69.662721000    18.939655000      138151.852   0.414   0.305   1.484
TRO1 VEL          15.057          14.725           3.092   0.046   0.034   0.163
TROM POS    69.662752000    18.938338000      132519.373   1.299   1.023   4.475
TROM VEL          15.297          14.910           2.606   0.055   0.044   0.188
TROY POS    34.838596000  -116.530549000      613567.072   4.085   3.293  13.970
TROY VEL          -4.483         -19.054           0.406   0.219   0.176   0.748
TSEA POS    61.187324000  -149.894981000       43025.481   1.185   0.820   3.615
TSEA VEL         -13.171         -15.377           5.361   0.295   0.203   0.895
TSEP POS    46.200013000  -122.190677000     2104204.393   6.324   4.796  27.448
TSEP VEL          -1.771          24.077         -35.127   0.572   0.432   2.483
TSK2 POS    36.105574000   140.087128000       70021.755   0.900   0.729   3.074
TSK2 VEL         -10.679           9.818           6.950   0.297   0.246   1.020
TSKB POS    36.105677000   140.087509000       67318.033   0.791   0.641   2.738
TSKB VEL          -7.425          -3.103           1.587   0.169   0.140   0.607
TSTU POS    46.236866000  -122.224068000     1248593.969   0.568   0.409   1.654
TSTU VEL         -11.433         -14.754          -2.577   0.114   0.082   0.333
TSWY POS    43.674088000  -110.597480000     2190724.623   1.532   1.229   5.509
TSWY VEL          -9.066         -15.805          -1.677   0.097   0.074   0.336
TTTA POS   -22.011511000   166.216894000       81646.148   0.775   0.818   3.139
TTTA VEL          46.201          20.895          -1.814   0.088   0.091   0.348
TUBI POS    40.786727000    29.450688000      220323.259   1.020   0.906   4.458
TUBI VEL          11.707          19.546          -0.956   0.062   0.052   0.237
TUC2 POS    35.533188000    24.070561000      160887.247   0.623   0.531   2.075
TUC2 VEL         -12.078           7.852          -0.576   0.091   0.079   0.308
TUCU POS   -26.843253000   -65.230351000      484964.016   2.430   2.527  11.081
TUCU VEL          10.559           2.634          -3.572   0.155   0.159   0.691
TUKT POS    69.438232000  -132.994355000       -1556.398   0.637   0.461   2.276
TUKT VEL         -17.370         -10.630          -1.231   0.079   0.056   0.281
TUNG POS    40.403200000  -118.257509000     1414761.282   0.448   0.362   1.639
TUNG VEL          -8.684         -17.835           0.578   0.071   0.057   0.256
TUVA POS    -8.525285000   179.196548000       38395.627   0.559   0.690   2.386
TUVA VEL          32.125         -64.311          -1.299   0.091   0.108   0.399
TWHL POS    47.015904000  -122.922878000      107279.220   0.504   0.340   1.505
TWHL VEL          -6.555          -8.475          -0.739   0.065   0.044   0.190
TWIW POS    46.212915000  -122.158735000     1630533.572   0.485   0.370   1.546
TWIW VEL          -6.518         -10.614          -0.440   0.078   0.059   0.251
TWMS POS    33.972457000  -117.725528000      208056.588   0.449   0.397   1.695
TWMS VEL          13.165         -35.852          -2.016   0.102   0.093   0.408
TWRI POS    46.197901000  -122.211930000     2070861.615   0.543   0.432   1.813
TWRI VEL          -7.054          -8.115          -1.242   0.071   0.057   0.244
TWTF POS    24.953563000   121.164508000      201530.262   0.604   0.593   2.465
TWTF VEL         -10.945          31.487           0.468   0.189   0.192   0.773
TXC1 POS    31.813691000   -94.160264000       69443.156   0.539   0.546   2.252
TXC1 VEL          -1.575         -12.665          -2.065   0.100   0.094   0.402
UACO POS   -20.836276000   164.469925000       88844.902   0.916   0.952   3.693
UACO VEL          45.807          22.536          -1.908   0.113   0.114   0.445
UCD1 POS    38.536239000  -121.751236000        -570.565   0.486   0.382   1.578
UCD1 VEL          -3.485         -22.822         -10.696   0.138   0.108   0.451
UCLP POS    34.069124000  -118.441917000      111543.964   0.637   0.562   2.353
UCLP VEL          16.329         -38.100           0.349   0.044   0.039   0.164
UCLU POS    48.925637000  -125.541642000       10095.244   0.536   0.388   1.762
UCLU VEL          -5.750          -3.189           1.525   0.108   0.078   0.339
UCOM POS    19.124105000  -104.401527000       -9723.832   4.968   5.391  22.919
UCOM VEL           1.574          -2.979           0.177   0.357   0.387   1.646
UCSB POS    34.413309000  -119.843822000       -9605.312   0.653   0.559   2.279
UCSB VEL          20.143         -41.378          -0.286   0.054   0.047   0.197
UCSF POS    37.762970000  -122.458157000      154596.017   0.538   0.423   1.740
UCSF VEL          15.610         -32.800          -0.845   0.099   0.078   0.319
UDEC POS   -37.472299000   -72.344791000      178314.557   2.902   2.459   9.457
UDEC VEL          12.527         -15.409           5.827   0.374   0.317   1.217
UEPP POS   -22.119902000   -51.408535000      430971.730   3.290   3.520  14.938
UEPP VEL          13.242          -2.992           1.179   0.130   0.140   0.590
UFDA POS    47.755008000  -122.667418000       76588.381   0.767   0.557   2.275
UFDA VEL          -8.310          -8.777          -1.187   0.153   0.109   0.456
UFPR POS   -25.448366000   -49.230956000      925797.110   0.651   0.615   2.643
UFPR VEL          12.611          -3.264           0.509   0.089   0.087   0.367
UH01 POS    29.722464000   -95.345397000       13526.286   1.216   1.136   4.532
UH01 VEL          -0.858         -12.891          -3.421   0.123   0.116   0.457
ULAB POS    47.865066000   107.052333000     1575549.980   0.467   0.337   1.421
ULAB VEL          -8.654          28.375           0.832   0.087   0.063   0.266
ULDI POS   -28.293115000    31.420927000      607941.542   0.847   0.774   3.201
ULDI VEL          18.077          16.441           0.323   0.081   0.077   0.311
ULUB POS   -11.630553000    27.484938000     1280224.554   7.337   7.783  35.301
ULUB VEL          18.719          21.518           1.076   0.545   0.576   2.610
UMLH POS     5.053111000    95.338981000      -13952.778   5.755   7.304  27.711
UMLH VEL         -66.715         -44.209          31.922   0.470   0.593   2.257
UNB1 POS    45.950211000   -66.641709000       23043.895   8.098   6.064  24.728
UNB1 VEL           7.650         -16.097          -0.843   0.368   0.274   1.115
UNBJ POS    45.950211000   -66.641709000       22753.900   0.721   0.532   2.094
UNBJ VEL           7.588         -15.790           0.012   0.038   0.029   0.113
UNFE POS    44.832953000    11.599161000       66143.985   2.819   2.196   8.782
UNFE VEL          17.970          21.195          -1.058   0.140   0.109   0.435
UNIV POS    42.285620000   -84.385924000      264491.376   0.452   0.363   1.474
UNIV VEL           1.206         -15.636          -1.765   0.063   0.051   0.207
UNPG POS    43.119395000    12.355709000      351086.152   0.586   0.472   1.840
UNPG VEL          17.172          21.535          -0.508   0.080   0.065   0.253
UNPM POS    20.868503000   -86.868176000        -478.125   0.611   0.665   2.556
UNPM VEL           1.078          -8.837          -1.628   0.112   0.119   0.470
UNSA POS   -24.727454000   -65.407643000     1257789.530   0.537   0.605   2.376
UNSA VEL          10.977           4.010           0.214   0.160   0.183   0.722
UNTR POS    42.558682000    12.673794000      219148.675   1.041   0.834   3.216
UNTR VEL          17.510          20.553           0.414   0.131   0.105   0.404
UPAD POS    45.406722000    11.877939000       83975.623  10.970   8.092  34.320
UPAD VEL          17.965          20.563          -2.071   0.421   0.310   1.317
UPO1 POS    20.245894000  -155.883827000       78132.675   2.418   2.565  10.408
UPO1 VEL          35.127         -62.439          -2.497   0.123   0.130   0.528
UPSA POS    39.627111000  -118.802284000     1233268.114   0.401   0.319   1.265
UPSA VEL          -7.763         -18.673          -0.724   0.081   0.064   0.255
UPTC POS    41.628815000   -79.664070000      341965.086   0.581   0.465   1.920
UPTC VEL           2.969         -15.607          -1.331   0.036   0.029   0.121
URIL POS    41.488943000   -71.527722000       44403.407   0.608   0.478   1.881
URIL VEL           5.286         -15.128          -0.389   0.155   0.123   0.479
URUM POS    43.807950000    87.600674000      858842.653   0.923   0.749   2.833
URUM VEL           4.694          31.948          -1.774   0.155   0.121   0.470
USAL POS    40.334920000    18.111495000       69191.662   0.688   0.571   2.296
USAL VEL          18.819          23.979          -0.206   0.113   0.093   0.370
USC1 POS    34.023954000  -118.285122000       21878.765   2.346   2.015   9.584
USC1 VEL          16.761         -37.488          -1.502   0.171   0.146   0.695
USGC POS    33.030065000  -116.085341000      133429.437   0.596   0.523   2.109
USGC VEL          13.981         -35.586           0.295   0.054   0.046   0.186
USLO POS    35.311808000  -120.661101000      134626.893   0.536   0.452   2.081
USLO VEL          23.142         -39.739          -0.062   0.090   0.074   0.339
USMX POS    29.821653000  -109.681052000      625460.854   0.590   0.569   2.354
USMX VEL          -6.316         -11.732          -0.047   0.034   0.032   0.133
USN3 POS    38.920566000   -77.066279000       58925.032  15.945  13.261  52.171
USN3 VEL           4.210         -15.397          -0.521   0.083   0.070   0.280
USN7 POS    38.920566000   -77.066279000       58915.449   0.588   0.488   1.882
USN7 VEL           3.673         -14.663           0.224   0.140   0.116   0.449
USN8 POS    38.920566000   -77.066279000       58917.412   0.625   0.519   1.998
USN8 VEL           3.473         -14.618           0.534   0.182   0.151   0.581
USN9 POS    38.920566000   -77.066279000       58915.600   0.770   0.639   2.471
USN9 VEL           3.546         -14.882           0.460   0.230   0.191   0.737
USNA POS    38.983349000   -76.479392000      -27301.719   2.662   2.231   9.473
USNA VEL           3.570         -14.421           0.286   0.105   0.088   0.373
USNO POS    38.918964000   -77.066229000       48849.231   1.153   0.940   4.195
USNO VEL           4.088         -14.677          -1.222   0.073   0.059   0.260
USUD POS    36.133110000   138.362051000     1508694.388   0.714   0.610   3.092
USUD VEL          -7.830           1.534          -1.657   0.126   0.115   0.519
UVFM POS    37.878749000   -78.693688000      512942.126   0.821   0.652   2.861
UVFM VEL           3.606         -14.383          -1.012   0.038   0.030   0.135
UZHL POS    48.631980000    22.297625000      232002.313   1.128   0.837   3.628
UZHL VEL          13.823          21.961           0.380   0.096   0.071   0.312
VA01 POS    38.020556000   -78.014747000      111382.488   1.402   1.153   4.706
VA01 VEL           4.052         -14.506          -2.093   0.133   0.110   0.447
VA02 POS    37.940515000   -77.986114000       63035.965   5.738   5.416  25.901
VA02 VEL           3.829         -14.820          -6.422   0.459   0.432   2.054
VAAS POS    62.961196000    21.770644000       58333.173   0.560   0.386   1.841
VAAS VEL          13.605          18.461           9.132   0.034   0.023   0.111
VABG POS    36.855737000   -82.760231000      573978.003   1.482   1.351   5.475
VABG VEL           2.346         -14.273          -1.036   0.092   0.084   0.340
VACS POS   -20.297074000    57.497040000      421160.340   0.617   0.634   2.740
VACS VEL          11.280          17.176          -0.808   0.074   0.076   0.331
VALD POS    48.097058000   -77.564171000      312950.176   0.425   0.308   1.246
VALD VEL           2.537         -17.155           7.039   0.044   0.032   0.131
VALE POS    39.480831000    -0.337643000       77553.308   0.672   0.560   2.164
VALE VEL          16.510          19.914          -1.171   0.194   0.160   0.630
VALP POS   -33.027239000   -71.626088000       31128.036   6.292   6.020  24.073
VALP VEL          25.632          23.419          -5.862   0.574   0.550   2.199
VAN1 POS    34.826618000  -120.563517000       98923.683   4.288   3.673  15.673
VAN1 VEL          23.831         -41.263           1.730   0.220   0.189   0.804
VAN2 POS    34.826463000  -120.563302000       99348.100  16.990  14.434  61.772
VAN2 VEL          24.105         -42.958          -1.408   0.688   0.588   2.500
VANU POS   -17.743974000   168.315137000       97563.164   1.941   2.192   8.417
VANU VEL           9.818         -58.485          -3.898   0.141   0.159   0.612
VARS POS    70.336375000    31.031205000      174952.040   0.779   0.560   2.862
VARS VEL          12.519          17.643           3.099   0.054   0.040   0.200
VBCA POS   -38.700766000   -62.269228000       59436.908   2.064   1.720   7.082
VBCA VEL          11.971          -2.250          -1.150   0.238   0.201   0.822
VCAP POS    44.261984000   -72.582384000      159429.073   0.440   0.334   1.351
VCAP VEL           4.964         -15.765           1.146   0.053   0.041   0.166
VCIO POS    36.071707000   -99.217319000      623898.290   2.839   2.489  10.386
VCIO VEL          -2.086         -13.397           0.421   0.186   0.163   0.681
VCST POS    34.851505000  -119.483867000      809577.787   0.620   0.525   2.148
VCST VEL          13.190         -37.223           0.058   0.054   0.045   0.188
VCVL POS    38.394530000  -121.946945000         340.675   0.444   0.355   1.450
VCVL VEL          -2.841         -23.083          -2.749   0.106   0.084   0.340
VDCY POS    34.178568000  -118.220007000      318162.924   0.445   0.422   2.082
VDCY VEL          13.281         -37.020          -1.054   0.099   0.092   0.450
VENE POS    45.436986000    12.331990000       67133.178   5.465   4.077  16.714
VENE VEL          17.845          21.089          -2.678   0.256   0.191   0.779
VERA POS    10.853619000   -84.869040000       64305.609   0.648   0.727   2.758
VERA VEL          10.586          13.552          -0.521   0.131   0.146   0.562
VESL POS   -71.673794000    -2.841783000      862354.324   2.115   1.536   8.347
VESL VEL          10.370          -0.267          -0.310   0.128   0.093   0.504
VFDG POS    70.299925000   -29.817645000     1293573.501   0.678   0.498   2.470
VFDG VEL          19.421         -14.008           4.010   0.167   0.122   0.610
VGFW POS   -39.255144000   175.552688000     2051054.439   0.679   0.584   2.366
VGFW VEL          38.459          -0.070          -1.140   0.120   0.099   0.415
VGOB POS   -39.199830000   175.542241000     1161203.396   0.684   0.584   2.358
VGOB VEL          38.322           0.475          -1.924   0.125   0.105   0.444
VGWN POS   -39.326928000   175.597846000     1563608.074   0.737   0.611   2.519
VGWN VEL          37.791          -1.104          -0.006   0.143   0.115   0.476
VIC1 POS    32.331419000   -90.919794000        9603.574   3.024   2.777  11.784
VIC1 VEL          -2.267         -12.584          -1.390   0.134   0.124   0.524
VIL0 POS    64.697850000    16.559938000      450205.238   0.942   0.676   3.078
VIL0 VEL          15.220          15.582           8.804   0.039   0.028   0.125
VILL POS    40.443596000    -3.951975000      647346.937   0.740   0.617   2.580
VILL VEL          16.703          18.560           0.467   0.070   0.056   0.235
VIMT POS    34.126450000  -118.514421000      553698.659   0.443   0.380   1.513
VIMT VEL          16.397         -39.059           0.778   0.060   0.050   0.199
VINE POS    36.995341000  -117.363420000      656992.011   6.119   5.145  22.384
VINE VEL          -7.977         -16.211          -0.183   0.346   0.291   1.265
VINZ POS    34.962394000  -118.939012000      382042.856   0.881   0.747   3.183
VINZ VEL           6.519         -29.822          -0.542   0.273   0.232   0.981
VIS0 POS    57.653873000    18.367324000       79886.052   0.928   0.654   2.676
VIS0 VEL          13.978          19.010           3.193   0.023   0.016   0.066
VLCN POS     8.785145000   -82.638797000     1442561.868   5.976   7.439  27.250
VLCN VEL          15.501          21.618           0.675   0.455   0.566   2.072
VLNS POS    54.653146000    25.298676000      240837.583   0.680   0.471   1.936
VLNS VEL          13.823          21.086          -0.370   0.040   0.028   0.112
VMAG POS     9.286743000   -74.847319000       61101.075   0.978   1.182   4.252
VMAG VEL          13.968           8.498           0.607   0.100   0.123   0.439
VNAD POS   -65.246004000   -64.254158000       21069.075   1.840   1.296   5.991
VNAD VEL          10.355          13.563           4.538   0.140   0.099   0.457
VNCO POS    34.275768000  -119.237677000       25621.238   0.682   0.566   2.410
VNCO VEL          18.842         -40.769          -2.241   0.149   0.125   0.535
VNCX POS    34.293195000  -118.484547000      328585.676   0.435   0.375   1.512
VNCX VEL          13.864         -37.285           0.815   0.048   0.042   0.166
VNDP POS    34.556315000  -120.616459000      -11527.153   0.387   0.329   1.342
VNDP VEL          23.671         -42.186           0.098   0.065   0.055   0.225
VNPS POS    34.501483000  -118.121164000      961890.149   0.492   0.432   1.798
VNPS VEL          10.019         -31.787           0.009   0.113   0.099   0.408
VOLT POS    45.384576000    11.910930000       53415.326   2.531   1.953   8.357
VOLT VEL          17.396          20.825           0.349   0.132   0.101   0.438
VONS POS    36.594097000  -116.622931000      717092.711   4.703   3.842  15.768
VONS VEL          -8.466         -15.481          -0.645   0.264   0.216   0.888
VTIS POS    33.712643000  -118.293831000       59482.177   0.424   0.362   1.483
VTIS VEL          19.032         -39.361          -0.701   0.103   0.087   0.353
VTOR POS    33.225017000  -117.193192000      379902.621   0.426   0.369   1.462
VTOR VEL          16.953         -38.448          -1.534   0.101   0.086   0.341
VYAS POS    34.030919000  -117.992057000       56406.164   4.568   3.843  18.816
VYAS VEL          15.584         -32.761          -1.905   0.287   0.242   1.183
WAB2 POS    46.923750000     7.464256000      611218.615   0.712   0.541   2.177
WAB2 VEL          16.130          19.901           0.441   0.083   0.062   0.257
WACO POS    45.523118000  -122.990531000       52031.407   3.720   2.685  11.412
WACO VEL          -5.554          -8.787          -1.087   0.169   0.122   0.517
WAIM POS   -44.655698000   170.920292000     1044854.855   0.684   0.536   2.019
WAIM VEL          30.810         -32.819          -1.650   0.128   0.098   0.374
WAKA POS   -43.584031000   169.885307000     1409389.570   0.508   0.397   1.655
WAKA VEL          40.246         -14.407           2.644   0.108   0.083   0.352
WANG POS   -39.786872000   174.821446000      289670.059   0.661   0.557   2.112
WANG VEL          39.498          -4.967          -0.029   0.171   0.139   0.549
WARK POS   -36.434405000   174.662781000      111281.157   0.661   0.579   2.299
WARK VEL          39.776           4.256          -1.527   0.114   0.097   0.398
WARN POS    54.169791000    12.101431000       50746.287   0.699   0.501   2.011
WARN VEL          15.445          18.737          -0.060   0.047   0.033   0.135
WASG POS    35.738389000  -118.556984000     1834919.419   0.941   0.769   3.395
WASG VEL          -0.375         -23.850          -0.620   0.308   0.251   1.135
WASR POS    35.559676000   -77.058769000      -26706.723   3.730   3.262  13.912
WASR VEL           4.521         -13.701          -0.521   0.184   0.160   0.687
WATC POS    37.664331000  -118.653890000     2363793.197   0.499   0.409   1.621
WATC VEL          -3.705         -17.779           1.450   0.104   0.083   0.335
WCHS POS    34.061900000  -117.911118000      100070.791   0.753   0.654   2.806
WCHS VEL          14.631         -37.952          -2.114   0.128   0.112   0.475
WDBN POS    45.170863000  -122.870055000       39731.801   0.605   0.449   1.793
WDBN VEL          -6.156          -9.171          -3.647   0.075   0.055   0.230
WDCB POS    40.580099000  -122.540654000      259614.455   3.646   2.725  11.368
WDCB VEL          -5.717         -20.383          -0.590   0.323   0.237   0.992
WDLM POS    44.672212000   -95.448586000      294508.991   2.327   1.823   7.488
WDLM VEL          -3.238         -15.695          -1.806   0.147   0.115   0.473
WEL1 POS   -41.272642000   174.778701000       47860.750  19.303  17.997  76.072
WEL1 VEL          34.738         -22.051          -1.314   0.135   0.114   0.488
WEL2 POS   -41.272642000   174.778701000       47866.462  20.698  19.115  80.810
WEL2 VEL          34.256         -22.780          -0.997   0.554   0.488   2.084
WES2 POS    42.613337000   -71.493331000       85014.508   1.367   1.122   4.851
WES2 VEL           5.530         -15.147          -0.059   0.077   0.063   0.273
WETT POS    49.144229000    12.878910000      665999.475  16.021  11.796  51.873
WETT VEL          15.705          21.969          -1.304   0.546   0.402   1.760
WGPP POS    35.010849000  -118.983694000      351969.947   0.629   0.534   2.243
WGPP VEL           5.957         -27.923          -1.599   0.096   0.080   0.342
WGTN POS   -41.323448000   174.805887000       26049.876   0.618   0.511   1.963
WGTN VEL          33.350         -25.338          -2.130   0.155   0.125   0.497
WGTT POS   -41.290430000   174.781589000       42978.936   0.682   0.568   2.276
WGTT VEL          34.654         -22.939          -3.474   0.121   0.100   0.412
WHC1 POS    33.979887000  -118.031177000       94203.718   0.906   0.779   3.181
WHC1 VEL          14.843         -39.149          -2.473   0.139   0.119   0.487
WHD1 POS    48.312715000  -122.696146000       13779.095   4.240   2.944  12.717
WHD1 VEL          -7.969          -8.270          -1.918   0.225   0.157   0.676
WHIT POS    60.750509000  -135.222117000     1427445.072   0.442   0.301   1.285
WHIT VEL         -13.367         -11.707           2.677   0.084   0.057   0.244
WHN1 POS    42.739313000  -103.328785000     1053502.254   2.990   2.265   9.575
WHN1 VEL          -5.427         -14.848           0.330   0.132   0.100   0.423
WHNG POS   -35.803762000   174.314568000      172777.656   0.648   0.581   2.234
WHNG VEL          40.635           5.186          -1.715   0.097   0.084   0.339
WHTM POS   -82.683232000  -104.393181000     2347212.182   0.927   0.895   5.665
WHTM VEL           5.616          15.148           2.129   0.296   0.286   1.842
WHYT POS    33.674493000  -117.643465000      265395.925   0.395   0.340   1.380
WHYT VEL          16.913         -37.595          -0.954   0.076   0.065   0.262
WIDC POS    33.934758000  -116.391786000      445046.198   0.539   0.470   1.958
WIDC VEL           2.909         -23.027           0.882   0.126   0.110   0.450
WIFR POS    44.059678000  -121.817582000     1951579.562   2.141   1.511   7.492
WIFR VEL          -5.190          -9.504           3.926   0.235   0.164   0.820
WIKR POS    63.552725000  -150.922215000     1188780.265   0.506   0.353   1.564
WIKR VEL         -22.369          -9.912           2.056   0.089   0.063   0.271
WIL1 POS    41.305263000   -76.015313000      384384.341   0.368   0.294   1.161
WIL1 VEL           3.862         -15.397          -0.950   0.057   0.046   0.185
WILL POS    52.236866000  -122.167816000     1095708.439   0.407   0.284   1.125
WILL VEL         -11.614         -14.543           1.027   0.036   0.025   0.098
WILN POS   -80.039836000   -80.557933000      667260.790   0.491   0.429   2.697
WILN VEL           8.406          10.297           4.753   0.050   0.045   0.277
WIN2 POS    37.652653000  -122.140635000      -27651.312   0.503   0.411   1.681
WIN2 VEL          12.141         -32.084          -0.580   0.094   0.076   0.306
WIND POS   -22.574917000    17.089436000     1734668.175   0.595   0.635   2.447
WIND VEL          19.101          19.852           1.513   0.079   0.083   0.325
WINT POS    37.652646000  -122.140575000      -28812.593   0.437   0.353   1.571
WINT VEL          11.942         -31.823          -0.862   0.074   0.059   0.261
WIS1 POS    46.705056000   -92.015218000      159295.594   4.957   3.577  15.288
WIS1 VEL          -2.271         -16.741          -0.997   0.105   0.076   0.327
WKPK POS    34.568501000  -118.741524000     1208916.349   0.451   0.391   1.621
WKPK VEL          10.557         -35.017           1.244   0.048   0.041   0.176
WLCI POS    40.808408000   -87.051991000      180359.776   1.363   1.118   4.611
WLCI VEL           0.047         -16.177          -2.093   0.070   0.057   0.236
WLCT POS   -85.369263000   -87.392673000     1850661.234   0.855   0.771   5.483
WLCT VEL           8.264          10.593          -1.292   0.206   0.197   1.404
WLSN POS    34.226123000  -118.055919000     1705269.625   0.509   0.426   1.986
WLSN VEL          11.093         -36.548           0.331   0.055   0.047   0.206
WLWY POS    44.639517000  -110.286659000     2642961.301   0.812   0.638   2.605
WLWY VEL          -7.721         -16.962         -15.849   0.232   0.174   0.698
WMAP POS    34.259427000  -118.414298000      268083.218   0.458   0.387   1.601
WMAP VEL          14.595         -37.030          -0.195   0.085   0.070   0.304
WMDG POS    33.038324000  -115.581898000      -78546.491   1.150   1.021   4.004
WMDG VEL          -1.647         -22.651         -10.430   0.337   0.292   1.159
WMOK POS    34.737893000   -98.780528000      467388.293   0.428   0.377   1.453
WMOK VEL          -3.745         -13.402           0.347   0.062   0.054   0.210
WNCI POS    39.664613000   -90.476752000      140869.964   9.168   7.647  30.381
WNCI VEL          -0.697         -14.723           0.142   0.404   0.336   1.344
WNFL POS    31.897228000   -92.781915000       68008.998   3.187   3.250  16.692
WNFL VEL          -1.418         -12.524          -1.326   0.137   0.138   0.715
WNRA POS    34.043234000  -118.059243000       38501.628  33.340  52.629 105.802
WNRA VEL          15.764         -36.465          -4.319   0.125   0.105   0.429
WOMT POS    34.669014000  -116.931670000     1353027.504   0.419   0.360   1.487
WOMT VEL           1.003         -21.350          -0.057   0.085   0.072   0.294
WOOS POS    40.798613000   -81.962611000      232951.757   1.333   1.080   4.433
WOOS VEL           1.369         -15.447          -1.826   0.075   0.060   0.250
WPRG POS    44.629109000  -112.747566000     2742318.914   8.289   5.847  23.733
WPRG VEL          -9.917         -14.062          -0.290   0.641   0.452   1.835
WRHS POS    33.958155000  -118.427614000        7869.785   0.566   0.516   1.990
WRHS VEL          18.129         -38.589           1.543   0.141   0.132   0.502
WROC POS    51.113264000    17.062046000      180806.922   0.495   0.356   1.416
WROC VEL          14.646          20.145           0.247   0.080   0.057   0.228
WSLR POS    50.126537000  -122.921193000      909347.480   0.941   0.741   3.597
WSLR VEL         -10.461         -10.798           4.401   0.054   0.042   0.202
WSMN POS    32.407135000  -106.349833000     1204058.716   2.294   2.156   8.958
WSMN VEL          -5.921         -12.273           0.225   0.130   0.122   0.506
WSRT POS    52.914614000     6.604511000       82275.955   0.569   0.411   1.639
WSRT VEL          16.576          17.692          -0.412   0.023   0.016   0.064
WTHG POS    73.955201000   -24.308926000     1109918.936   0.442   0.346   1.830
WTHG VEL          19.861         -12.667           2.077   0.053   0.042   0.221
WTZJ POS    49.144204000    12.878939000      665932.984   4.521   3.348  13.080
WTZJ VEL          15.485          20.316           0.553   0.284   0.210   0.821
WTZR POS    49.144201000    12.878916000      666021.167   0.676   0.505   1.963
WTZR VEL          15.647          20.340           0.041   0.039   0.028   0.111
WTZS POS    49.144790000    12.878634000      663425.718   0.757   0.568   2.202
WTZS VEL          15.529          20.404           0.243   0.053   0.039   0.151
WTZT POS    49.144232000    12.878947000      665947.844   6.416   4.662  18.925
WTZT VEL          15.621          20.461           0.714   0.277   0.201   0.817
WTZZ POS    49.144215000    12.878910000      665891.928   0.890   0.664   2.577
WTZZ VEL          15.565          20.358          -0.113   0.054   0.040   0.155
WUHN POS    30.531651000   114.357269000       25924.792   0.913   0.914   4.084
WUHN VEL         -11.561          32.613          -0.449   0.152   0.149   0.642
WWFG POS    33.278835000  -115.578782000      -93574.675   0.823   0.725   2.888
WWFG VEL          -8.839         -18.369          -2.568   0.236   0.203   0.807
WWMT POS    33.955314000  -116.653861000      796635.332   0.507   0.444   1.843
WWMT VEL           6.573         -24.622           0.830   0.133   0.115   0.467
XIAN POS    34.368669000   109.221502000      463899.179   8.284   7.130  33.562
XIAN VEL         -11.148          34.369          -0.168   0.571   0.492   2.313
XMIS POS   -10.449956000   105.688507000      261514.515   0.619   0.737   2.731
XMIS VEL          55.443          40.897          -0.629   0.054   0.066   0.235
YAIG POS    18.862435000   -99.066939000     1284975.289   3.630   3.527  16.534
YAIG VEL          -0.492          -6.893          -0.257   0.176   0.172   0.797
YAKT POS    62.030958000   129.680311000      103397.751   0.509   0.342   1.477
YAKT VEL         -12.411          18.951           0.439   0.033   0.022   0.097
YAKZ POS    62.031005000   129.681018000       99952.172  14.815  10.327  43.804
YAKZ VEL          -7.784          22.844          -0.064   0.599   0.418   1.772
YAR1 POS   -29.046544000   115.346985000      241233.416   3.140   3.226  12.677
YAR1 VEL          57.725          39.503          -1.766   0.109   0.112   0.438
YAR2 POS   -29.046544000   115.346985000      241273.937   0.600   0.560   2.155
YAR2 VEL          57.738          38.907          -0.762   0.046   0.044   0.173
YAR3 POS   -29.046485000   115.347160000      242447.968   0.619   0.579   2.277
YAR3 VEL          57.688          38.921          -0.676   0.055   0.053   0.209
YARR POS   -29.046579000   115.346982000      241357.863   0.593   0.549   2.101
YARR VEL          57.880          38.991          -0.615   0.042   0.041   0.158
YBHB POS    41.731655000  -122.710739000     1065809.219   3.438   2.544  13.448
YBHB VEL          -5.022         -15.716          -0.395   0.053   0.037   0.206
YCBA POS   -22.017101000   -63.679985000      659642.480   1.865   1.959   7.534
YCBA VEL          12.103          -0.045          -2.320   0.197   0.208   0.793
YEBE POS    40.524904000    -3.088622000      972756.868   0.729   0.582   2.494
YEBE VEL          16.493          18.860           0.312   0.064   0.051   0.211
YEL2 POS    62.481320000  -114.480851000      181108.403   2.261   1.571   6.666
YEL2 VEL         -10.682         -17.244          10.331   0.522   0.363   1.540
YELL POS    62.480892000  -114.480709000      181040.411   0.439   0.301   1.331
YELL VEL         -11.034         -17.509           6.560   0.057   0.038   0.172
YELM POS    46.948716000  -122.605737000       82060.815   1.170   0.854   3.473
YELM VEL          -7.428          -9.134          -1.220   0.111   0.079   0.325
YESX POS    28.378335000  -108.919640000     1506461.265   0.446   0.436   1.798
YESX VEL          -6.336         -11.456          -0.295   0.037   0.036   0.147
YIBL POS    22.186465000    56.112342000       95099.362   1.895   1.847   7.908
YIBL VEL          31.692          33.366          -0.686   0.113   0.111   0.473
YKRO POS     6.870563000    -5.240090000      270258.009   0.580   0.705   2.490
YKRO VEL          18.466          21.902           0.043   0.041   0.048   0.176
YMER POS    77.432897000   -24.326333000     1070103.399   1.031   0.863   4.983
YMER VEL          18.998         -13.313           3.064   0.079   0.065   0.382
YMTS POS    43.798513000   -70.188978000       12898.147   3.262   2.600  10.758
YMTS VEL           6.439         -15.258           0.105   0.230   0.183   0.757
YONS POS    37.541120000   127.001353000       96872.222   0.710   0.580   2.466
YONS VEL         -11.586          30.538          -0.038   0.259   0.213   0.895
YOSH POS    32.103837000    35.209676000      714439.417   0.606   0.528   2.151
YOSH VEL          20.343          22.953           0.737   0.052   0.046   0.190
YOU1 POS    43.231256000   -78.970174000       61338.533   3.965   3.136  13.323
YOU1 VEL           2.152         -15.307           0.349   0.101   0.077   0.328
YRCM POS    30.991573000    34.928273000      516098.831   0.741   0.646   2.650
YRCM VEL          19.843          23.506           1.800   0.070   0.063   0.257
YSSK POS    47.029733000   142.716724000       91307.134   0.962   0.691   2.705
YSSK VEL         -11.251          12.073           1.334   0.142   0.102   0.403
YSST POS    40.865780000    28.990873000       75405.961   7.422   6.296  25.439
YSST VEL          13.276          21.427           2.146   0.589   0.502   2.024
YUHG POS    32.647567000  -115.922239000      152580.177   0.598   0.582   2.777
YUHG VEL          16.414         -38.144           0.060   0.091   0.088   0.416
ZADA POS    44.113179000    15.227595000       64296.422   0.832   0.654   2.529
ZADA VEL          18.189          22.483          -0.324   0.090   0.070   0.269
ZAMB POS   -15.425537000    28.311016000     1324928.978   0.550   0.630   2.431
ZAMB VEL          18.548          19.916           0.537   0.049   0.057   0.212
ZECK POS    43.788395000    41.565073000     1166310.163   0.683   0.504   1.998
ZECK VEL          11.457          25.243           1.486   0.058   0.043   0.175
ZIM2 POS    46.877097000     7.465036000      956449.991   0.682   0.523   2.042
ZIM2 VEL          16.379          19.947           0.870   0.076   0.058   0.225
ZIMJ POS    46.877144000     7.465109000      954292.979   0.815   0.610   2.456
ZIMJ VEL          16.477          19.798           0.082   0.085   0.064   0.260
ZIMM POS    46.877101000     7.465282000      956350.348   0.293   0.221   0.873
ZIMM VEL          16.338          19.713           0.908   0.017   0.013   0.053
ZIMZ POS    46.877150000     7.465153000      953904.929   8.215   6.229  24.767
ZIMZ VEL          16.594          19.503          -0.221   0.386   0.292   1.160
ZOA1 POS    37.543055000  -122.015952000       -3962.556   0.431   0.346   1.408
ZOA1 VEL          11.896         -31.694          -0.904   0.084   0.066   0.269
ZOA2 POS    37.543028000  -122.015899000       -3964.030   1.151   0.927   3.700
ZOA2 VEL          12.088         -31.840          -0.903   0.107   0.085   0.344
ZOLE POS    39.421670000  -119.753362000     1357257.690   2.540   1.975   8.046
ZOLE VEL          -5.877         -20.045          -1.034   0.185   0.144   0.587
ZOMB POS   -15.375839000    35.325137000      972618.203   3.923   4.426  19.295
ZOMB VEL          17.197          20.129          -0.031   0.299   0.337   1.470
ZOUF POS    46.557223000    12.973558000     1946528.718   0.708   0.540   2.173
ZOUF VEL          16.364          20.958           1.615   0.062   0.047   0.188
ZWE2 POS    55.699285000    36.758397000      208204.143   1.448   0.950   4.070
ZWE2 VEL          11.678          22.625           0.166   0.104   0.068   0.291
ZWEN POS    55.699286000    36.758636000      204985.167   3.861   2.540  11.659
ZWEN VEL          11.873          23.377          -0.220   0.148   0.097   0.445
7ODM POS    34.116409000  -117.093199000      762072.645   0.552   0.456   2.011
7ODM VEL           6.320         -27.023           0.441   0.114   0.093   0.403